5569,706824.554571209,5709412.76156946,1,210.57,207.26,4204709
5569,709898.367792805,5709529.75828337,1,266.79,274.1,5940134
5569,709267.899364293,5709452.66688508,1,205.62,247.18,5953633
5569,709091.526740716,5709521.33645167,1,222.01,221.04,10940939
5569,706737.724367434,5709728.3584512,1,277.51,304.76,11053992
5569,706296.790591292,5709419.80520721,1,315.59,336.83,11703315
5569,710128.779706907,5709419.3794985,1,245.11,192.44,12799989
5569,709180.156664648,5709776.15080337,1,269.69,269.35,14156666
5569,709724.064046195,5709362.520246,1,256.11,295.42,14996511
5569,707341.815905434,5708951.70937863,1,312,293.5,17594346
5569,706411.608583091,5710621.31501654,1,196.85,218.52,17971530
5569,706704.702069782,5710160.80553154,1,247.97,259.82,18873769
5569,706586.104458487,5709730.24217556,1,269.38,355.47,19624959
5569,706872.089237967,5710254.40879816,1,227.47,264.66,19704384
5569,708095.182399305,5709094.14585723,1,234.91,326.47,23996337
5569,706487.837403551,5710430.2013035,1,190.36,261.8,24873974
5569,709897.604696083,5709461.52122022,0,307.56,270.9,9138082
5569,706988.149026144,5710894.00935194,0,254.88,200,25638170
5569,706629.511812837,5710213.10881456,0,227.85,272.02,5418269
5569,706500.971871176,5709669.16987441,0,227.71,226.68,25501377
5569,709495.620314559,5709517.11224953,0,216.17,189.67,190508
5569,705935.268908974,5708650.80978046,0,278.5,305.5,24874597
5575,707290.19509893,5709563.03205875,1,237.78,316.37,1044175
5575,707849.213050034,5709326.76417669,1,171.12,230.47,1448606
5575,707946.185023769,5709689.41040379,1,286.83,252.23,2482519
5575,707256.449343754,5710605.12260473,1,164.64,161.43,2542763
5575,707463.017830942,5709125.8254922,1,227.03,188.3,4358111
5575,706574.507712851,5710393.74541851,1,245.7,313.02,5358932
5575,706805.367719579,5710186.44332379,1,223.46,212.64,5711475
5575,707214.106842849,5708918.23105702,1,281.1,266.83,6180126
5575,708997.795401578,5709835.41481886,1,191.36,271.36,6691734
5575,706175.101912588,5708832.77951851,1,199.14,290.67,7358178
5575,705661.482707477,5708790.28337013,1,236.34,270.95,7394292
5575,706582.323280978,5710036.3478934,1,217.35,185.64,7445054
5575,709097.951455231,5709778.46441736,1,252.05,288.54,9042999
5575,709004.088943563,5709695.23984365,1,259.47,209.6,11606807
5575,710225.104437777,5709626.51407551,1,224.95,236.8,11959421
5575,706340.111278876,5709665.45594382,1,153.71,176.2,12190006
5575,705901.934684098,5709171.46143056,1,259.72,348.53,13663295
5575,706085.961058029,5709401.91273952,1,230.36,269.58,13860951
5575,706411.971005565,5709551.4334914,1,340.03,293.46,15916030
5575,707769.42389096,5709941.8955305,1,262,310.75,16425667
5575,706807.269197143,5709721.0607306,1,338.49,325.76,16873257
5575,707483.153781503,5709303.01837103,1,216.93,269.5,17556655
5575,709167.401933736,5708815.31440105,1,240.13,278.38,17933781
5575,705613.985320911,5708781.39628649,1,314.4,310.15,18705251
5575,708873.795929763,5709940.71084464,1,262.55,324.83,19255832
5575,706994.309426702,5710252.93881487,1,315.7,242.09,19734596
5575,707970.895395542,5710189.71328816,1,230.69,262.94,20759602
5575,707760.825738247,5709206.26464907,1,184.52,252.22,20852940
5575,705955.127237388,5709029.67463981,1,212.5,188.52,22903812
5575,706668.498302826,5709826.09942966,1,174.32,154.43,23302430
5575,707294.594676101,5709021.15852164,1,259.06,321.59,23778474
5575,707366.546121383,5708918.63863737,1,221.36,193.25,23827551
5575,707487.260320884,5709238.54369262,1,157.97,206.23,23840811
5575,706647.08594096,5708812.02676786,1,295.68,242.11,24175614
5575,707361.834931738,5708953.91062418,1,169.69,217.95,24721706
5575,706437.583648007,5709664.81247673,1,263.82,306.46,24817277
5575,711871.359321081,5710236.58558104,0,204.11,214.11,11569745
5578,707404.409547381,5709143.8426393,1,247.21,279.36,127770
5578,708668.761418334,5709799.93779668,1,257.63,311.05,161308
5578,706210.644620223,5708972.29755121,1,290.88,306.23,182383
5578,707166.720655949,5709719.67191948,1,234.58,292.76,219532
5578,706784.78311322,5710208.87429284,1,293.48,309.22,257433
5578,705984.732489188,5709285.13537002,1,316.86,264.48,333240
5578,706441.19994261,5708810.52778366,1,339.35,327.47,777256
5578,706869.036511904,5709681.59007517,1,228.94,290.41,1100163
5578,709544.376244373,5709664.29126572,1,328.72,344.44,1139057
5578,706978.866346051,5709697.43784792,1,298.85,318.78,1319599
5578,706120.427715631,5709698.20887882,1,301.06,337.17,1359147
5578,706125.861707448,5709502.73428803,1,261.83,265.66,1416055
5578,709795.114577264,5709395.88163526,1,234.58,260.39,1452914
5578,709504.629485706,5709157.42090085,1,283.18,268.65,2407862
5578,706624.096927641,5709754.09318276,1,251.71,266.72,2517606
5578,707330.59403758,5709922.5868751,1,293.77,283.55,2734669
5578,706291.487773853,5709411.47541755,1,303.86,282.42,2762772
5578,706707.855739844,5709744.52348979,1,351.33,289.62,2947842
5578,709350.262390989,5709356.50986542,1,332.65,340.68,3016665
5578,709100.75467901,5709503.78226642,1,250.44,333.84,3100704
5578,709794.980268155,5709715.19222953,1,276.21,288.61,3335303
5578,705644.031668889,5708755.76710836,1,254.76,199.54,3429791
5578,706618.233765445,5709900.22186832,1,316.91,340.68,3519898
5578,707467.744886034,5710829.04063488,1,271.87,228.74,4008292
5578,705788.306265365,5708985.29313019,1,285.48,325.23,4322366
5578,706153.352549503,5708792.48607403,1,265.58,266.32,4490668
5578,706867.968837776,5710540.60382962,1,248.77,263.97,4814697
5578,706911.623294486,5709320.69411965,1,259.07,238.56,4827024
5578,706456.544560417,5709734.27366913,1,341.54,365.28,4920761
5578,705967.029718645,5709342.55058159,1,314.98,316.9,5479848
5578,706481.179531034,5709534.28941399,1,231.63,282.33,5711883
5578,707806.416019137,5709315.03257276,1,345.65,314.6,5946246
5578,707338.861489126,5710752.61854615,1,266.07,309.85,5973538
5578,707474.929313952,5709150.6093694,1,249.57,323.75,6361233
5578,706739.326321808,5710079.86899801,1,291.26,239.1,6632526
5578,707318.087763469,5709182.53649463,1,305.96,297.44,6634205
5578,707226.710169452,5710091.63428653,1,273.58,303.31,7367862
5578,705915.349808185,5708857.68223002,1,285.53,328.16,7918102
5578,706533.387738111,5709886.87892319,1,255.69,303.15,8065805
5578,707929.797026365,5709411.16812325,1,297.58,345.98,8249973
5578,709054.705639334,5709200.72905665,1,305.3,352.31,8349155
5578,708276.745948788,5709932.70190581,1,262.7,348.78,8381898
5578,709520.042760685,5708944.51138969,1,249.55,249.37,8744735
5578,708290.706886884,5709959.40582261,1,308.12,303.95,9101516
5578,707381.22562742,5709025.47022152,1,315.07,318.68,9190389
5578,707474.507310702,5710393.77585706,1,307.8,304.34,9249426
5578,708500.795432735,5709180.74327779,1,255.53,252.23,9381180
5578,705574.776625035,5708557.04373492,1,286.61,261.62,9637106
5578,706810.8376783,5709679.8227837,1,202.64,205.18,9718598
5578,707353.302264254,5709026.75924916,1,260.38,277.72,10067612
5578,706723.810141456,5708902.60830997,1,278.81,276.66,10192665
5578,707476.794246895,5709385.1641417,1,309.15,289.01,10197316
5578,706338.350547551,5709884.07753755,1,298.94,302.34,10480141
5578,706135.327188104,5708949.58689677,1,260.46,284.36,10630580
5578,709834.513947685,5709132.10583417,1,268.98,298.98,11207362
5578,706756.36161468,5709527.80132026,1,241.93,218.3,11229461
5578,705511.108890436,5708567.59786774,1,230.76,294.73,11494806
5578,708994.917763804,5709597.21686727,1,289.7,215.01,11620646
5578,707149.816246092,5708904.58394475,1,296.82,319.63,11646848
5578,707345.77097875,5710309.69380509,1,298.63,302.57,11820201
5578,706428.415534555,5708738.94267273,1,243.55,235.3,12266947
5578,706204.416839627,5709493.04916634,1,294.72,209.41,12610754
5578,706114.248963336,5709077.76965892,1,245.39,294.56,13164186
5578,708952.56799997,5709926.79702475,1,280.04,259.41,13175392
5578,706804.557538147,5709727.94156083,1,290.49,323.24,13591247
5578,707228.146495269,5709915.06320204,1,332.19,307.02,13719954
5578,706416.804928121,5709849.14774721,1,306.84,315.47,13728398
5578,709649.039483103,5709674.19345824,1,249.81,288.87,13840864
5578,707312.037537489,5709011.68329219,1,254.65,282.24,14026120
5578,706435.244691968,5710021.80656788,1,186.54,237.52,14046386
5578,706091.716915332,5709203.25230219,1,282.64,238.83,14406398
5578,706526.955238312,5709786.18185975,1,254.08,223.7,15261054
5578,706309.051502771,5710073.58439449,1,272.75,232.67,15296872
5578,706451.576309029,5710288.09058755,1,312.45,311.81,15328131
5578,707596.562330008,5710162.04372347,1,334.01,337.39,15446303
5578,707366.178866143,5710474.67045579,1,299.39,307.74,15705559
5578,706193.28013438,5708969.06835999,1,325.23,298.99,16237673
5578,709093.070663127,5709777.34658337,1,280.73,308.28,16549170
5578,706945.232578326,5710660.92149522,1,376.61,270.51,16790556
5578,709295.428534417,5708795.52805296,1,275.99,316.58,17025417
5578,707002.046516476,5710392.41920656,1,239.44,224.64,17768777
5578,706302.02763884,5708755.3192965,1,243.81,302.55,17786219
5578,706076.941377358,5709669.51905006,1,208.73,223.14,18026821
5578,708525.198197027,5709010.63567625,1,264.44,288.59,18027886
5578,709022.846308597,5709281.21508644,1,331.99,353.01,18583596
5578,706326.316750458,5710043.48094076,1,244.4,313.63,18671280
5578,707421.07002241,5709394.73857652,1,302.64,345.23,18752602
5578,707387.283211845,5708973.35487651,1,240.62,253.97,18821450
5578,707565.305076815,5710161.27338886,1,241.32,340.68,18825619
5578,705651.738590813,5708509.49169534,1,222.18,225.77,19003382
5578,706185.659778166,5709473.89311852,1,279.84,249.95,19351545
5578,710075.623966786,5709578.8438729,1,334.19,320.73,19848700
5578,707166.618470089,5710501.05569213,1,316.38,270.16,20078006
5578,709996.648566004,5709625.80971425,1,296.75,302.39,20807837
5578,706570.254261432,5709953.23836975,1,285.9,293.38,20822828
5578,709435.429181094,5709511.71152177,1,287.18,255.29,20954775
5578,706460.43045105,5708723.70560896,1,298.59,267.2,21014633
5578,707274.79869697,5709625.61610921,1,261.76,257.37,21212992
5578,707036.45775723,5710786.50055846,1,314.01,322.57,21538611
5578,709328.476283171,5709259.02782569,1,263.57,292.91,22003144
5578,708013.277200348,5709468.18627388,1,265.06,272.6,22585787
5578,706128.393461541,5709061.42793757,1,319.25,340.72,22598432
5578,709118.383971479,5709735.36745658,1,230.19,215.93,22601176
5578,706484.497732244,5709687.60179635,1,314.87,340.68,22931956
5578,709073.693965656,5709415.2313647,1,254.67,237.88,22945544
5578,707833.791412675,5709200.70521535,1,255.29,240.52,23580028
5578,706701.843956623,5709739.96625394,1,288.06,277.9,23665428
5578,706102.652362655,5709184.63708614,1,293.7,304.77,23811751
5578,706288.352034107,5709470.46273247,1,253.23,286.83,24310250
5578,709557.488019299,5708842.26026173,1,380.6,374.08,24392776
5578,707316.239075617,5709453.03212708,1,292.77,272.61,24452572
5578,706514.800133834,5709895.85886587,1,303.36,258.82,24564850
5578,709190.945178045,5709674.64531994,0,278.03,292.98,12913456
5578,707652.21303588,5710357.84421036,0,265.33,254.02,10536121
5578,712814.550820707,5711789.21934315,0,374.17,369.22,5015690
5578,711086.633031002,5709979.60361877,0,309.45,323.27,200733
5578,707940.192661182,5708212.01928048,0,288.82,311.98,10212398
5578,706395.936110707,5711205.63491059,0,290.58,310.91,3634787
5578,706913.736016542,5708057.68469432,0,279.5,263.52,7772048
5578,707171.295370887,5707951.02468922,0,315.02,303.42,16160529
5578,707547.566088356,5708069.24310717,0,372.35,311.22,12609978
5578,706948.985850411,5708072.37362901,0,321.42,311.84,1143824
5578,706083.321614581,5708031.95542601,0,328.97,340.94,13409290
5578,705693.707511591,5707889.85662977,0,329.11,347.6,16691456
5578,705765.543088161,5707903.34060778,0,267.66,245.87,24883594
5578,706269.454261496,5707898.40940652,0,236.14,197.19,1400734
5578,705252.497694629,5707983.58407059,0,306.4,255.84,188079
5578,705461.507551678,5708056.18403593,0,297.58,325.86,19201672
5578,707549.249053724,5708689.85699777,0,326.99,313.6,14470688
5578,707427.031959464,5708073.91174812,0,256.84,301.69,19286304
5578,707645.05694528,5708014.66858789,0,276.71,323.48,13678520
5578,707018.070906969,5708148.67295389,0,298.84,336.07,7598559
5578,706322.273354191,5709154.88508076,0,298.87,262,8147110
5578,706055.566661568,5709624.23224879,0,268.26,295.5,10393541
5578,707024.101212634,5710542.92532615,0,238.98,268.11,11611004
5578,706922.796148723,5710892.14740679,0,305.96,335,1476493
5578,707467.003189206,5709069.11059586,0,256.28,334.43,11283827
5578,707912.080833706,5709395.65929559,0,289.32,274.37,24914299
5578,708095.202426559,5708893.42268797,0,258.35,333.39,1856394
5580,707370.946912112,5709290.5383722,1,246.77,225.37,406020
5580,708586.806489134,5709106.46730732,1,190.46,299.29,644668
5580,706865.361662239,5710389.98385922,1,241.56,265.69,1148102
5580,706733.399796193,5710089.3133519,1,284.2,285.64,1164045
5580,707041.896467878,5710333.57548271,1,197.89,334.78,1415465
5580,709307.30040975,5708896.11770384,1,206.57,254.22,1859533
5580,709363.695065373,5709001.11514081,1,222.38,199.18,1864825
5580,706026.457221732,5708790.19084207,1,354.08,327.63,1938751
5580,706881.767824205,5709701.22124309,1,203.73,212.9,2225201
5580,709874.520549504,5709218.67263221,1,265.64,314.07,2848460
5580,707866.504714755,5709439.65990771,1,253.34,298.67,3012644
5580,706430.096475686,5709136.02514709,1,252.8,191.21,3777128
5580,708725.847091165,5709198.83832261,1,346.58,307.52,3905289
5580,707308.861065174,5709079.18002177,1,221.03,267.97,4042880
5580,706664.28428229,5710701.28607682,1,340.62,306.97,4211463
5580,709799.953784922,5709337.52375872,1,242.96,324.42,4976979
5580,706419.767769499,5709868.05462986,1,311.03,374.08,5164102
5580,706502.57723663,5709347.3088144,1,228.16,256.27,5277053
5580,706751.723221198,5709305.78222422,1,280.26,300.34,5748859
5580,706308.652761777,5709152.42192679,1,359.4,367.65,5936886
5580,706534.550270129,5708953.89799934,1,287.87,300.93,6034754
5580,706986.282158486,5709960.02247137,1,173.04,257.09,6314315
5580,706453.929704449,5709699.62031334,1,225.37,225.32,6358016
5580,706502.965556696,5710657.50715929,1,264.69,277.96,6469118
5580,706046.108940643,5709337.97883723,1,308.64,333.52,7157296
5580,705542.457603588,5708461.73590611,1,245.18,224.46,7306910
5580,707387.18539827,5710782.04899214,1,220.45,245.28,7748434
5580,708256.241071688,5709028.35157497,1,250.99,269.35,7806874
5580,706009.951292488,5709215.41081873,1,255.93,240.45,7894758
5580,706358.323079051,5709670.80642188,1,260.68,254.15,8231673
5580,707757.829044479,5709117.4625146,1,278.61,312.52,8686519
5580,708215.019046621,5709698.11283774,1,262.56,179.38,9220718
5580,706852.807071393,5710182.73655964,1,199.13,264.43,9743690
5580,708625.502497624,5709271.30609167,1,242.92,314.96,9819292
5580,709845.768000825,5709119.75054677,1,268.08,313.36,10267568
5580,707104.311403799,5709769.4638123,1,155.31,247.42,10268564
5580,707399.17513298,5710714.94798604,1,241.91,249.56,10424905
5580,706757.476891839,5710323.43360089,1,256.76,283.69,10764870
5580,709408.612082789,5709548.52027838,1,222.27,259.62,11049657
5580,706780.046403103,5710059.08155622,1,266.62,261.97,11530148
5580,706502.643740383,5710449.97356879,1,239.08,261.57,11727407
5580,706358.77717286,5709498.65349779,1,259.89,192.4,11909457
5580,706748.394719416,5710129.82663727,1,126.69,156.78,12443660
5580,706200.891287336,5708698.02157424,1,322.28,290.75,12587036
5580,705882.742669807,5708712.84845094,1,240.64,234.57,12652620
5580,706261.839306828,5709729.52957305,1,269.75,308.9,13016926
5580,707099.128897406,5709829.00709193,1,248.11,254.49,13320204
5580,706761.425989405,5709565.81725619,1,240.64,319.75,13404519
5580,707635.682222164,5710534.56991054,1,213,259.55,13491887
5580,706403.038591988,5709849.62937193,1,228.9,285.94,13526933
5580,706414.317647794,5709708.15285259,1,289.74,297.96,13901562
5580,709005.990886747,5709698.46514612,1,173.45,277,14262330
5580,706318.582968618,5709854.21273504,1,217.08,241.57,14693179
5580,708309.571930334,5709013.36165168,1,251.99,231.05,14879425
5580,706389.002374435,5710125.05545066,1,175.16,179.79,15031565
5580,707070.635546554,5709248.12435504,1,233.49,273.95,15209909
5580,705942.933451722,5709117.28691466,1,295.53,327.41,15354916
5580,708513.547832336,5709034.54555649,1,286.24,341.51,15886409
5580,706429.75441765,5709338.51079608,1,310.37,345.13,16038796
5580,706864.168468805,5710457.17850118,1,327.5,306.42,16646470
5580,709005.052599905,5709058.16935986,1,205.5,227.95,17286822
5580,708675.963965813,5709207.01783022,1,329.41,362.13,17610942
5580,706025.530586267,5708773.36015576,1,206.4,240.61,17878367
5580,707060.025042102,5709975.87097128,1,234.78,233.47,18368101
5580,706723.311512159,5709689.16500751,1,306.76,364.9,18490293
5580,706954.020263402,5710050.69451432,1,249.76,312.51,18595148
5580,707135.148711746,5709508.00963949,1,290.48,317.86,19242799
5580,709552.374114177,5709045.50249044,1,351.93,374.08,19544252
5580,707326.532570223,5708990.12906857,1,325.37,302.25,19765457
5580,707319.234724073,5710817.36175965,1,242.28,274.59,19929429
5580,707812.645660111,5710386.58626752,1,293.17,315.82,20203556
5580,706741.384038049,5709308.50659218,1,319.67,328.53,20311614
5580,706376.816240106,5710261.34317477,1,221.75,160.5,20531211
5580,709608.571848171,5709018.75415337,1,324.6,284.25,20536332
5580,707449.407827511,5710718.18531014,1,278.84,306.19,20612586
5580,709547.91650651,5709096.8074673,1,236.86,263.11,20816071
5580,708836.630368139,5709497.03886486,1,308.61,282.2,20852455
5580,708628.993327088,5709026.45976076,1,221.88,321.21,21147125
5580,705799.175867196,5708977.42967495,1,299.01,327.35,21215700
5580,709461.962355749,5709393.02221909,1,309.14,325.24,21372517
5580,706058.500690911,5708856.84261443,1,237.11,264.15,21576386
5580,708889.037407776,5709422.53803549,1,229.23,290.63,22157491
5580,707097.393400191,5710862.3150233,1,343.08,302.44,22367558
5580,707774.112786491,5709958.51912021,1,294.02,308.39,22536244
5580,706327.589489165,5709220.523455,1,249.67,295.49,23221206
5580,706642.030549946,5709584.69545643,1,331.08,321.2,23775408
5580,705594.226275641,5708682.73739217,1,157.53,236.83,23786797
5580,707112.399392262,5710468.97321313,1,268.37,319.27,24078376
5580,707308.783872475,5708978.09502738,1,303.59,255.85,24146753
5580,706361.774381629,5708908.56798394,1,246.76,172.96,24753785
5580,706894.684952159,5710641.12433198,1,237.92,240.37,24899222
5580,705724.126749077,5708769.94792248,0,278.31,303.72,18206279
5580,709331.652634476,5710162.94515398,0,224.56,242.55,25641056
5580,714197.411482033,5713809.23773551,0,289.65,346.51,25604681
5580,711937.97389506,5710970.43022934,0,267.12,287.92,25606697
5580,711816.005359257,5711266.80229154,0,346.87,368.75,11123135
5580,712504.857821825,5712093.0852077,0,303.98,299.45,25574474
5580,703509.87385937,5707431.33867618,0,239.29,304.19,11525957
5580,705170.60233588,5708218.30406427,0,202.12,266.25,3745535
5582,709996.466754743,5710091.56780014,1,159.36,175.32,66065
5582,712306.146152238,5711820.98503981,1,138.08,184.29,2271537
5582,711711.511081173,5711100.54771391,1,211.97,262.42,2590388
5582,711777.383992278,5711619.54403219,1,171.52,209.67,3099943
5582,710836.580095772,5710618.75989194,1,224.53,257.18,5655327
5582,713055.454959777,5713018.10810872,1,252.28,189.6,8715163
5582,711895.625416818,5711164.04416397,1,240.06,252.28,10004818
5582,712309.071937619,5711658.64616607,1,256.7,331.76,10724432
5582,714099.4832268,5713679.88412885,1,240.29,221.23,10886097
5582,710830.416496939,5710376.84896274,1,254,260.2,11304603
5582,712123.231528687,5711436.5833337,1,303.51,298.58,12631908
5582,712128.102167657,5711899.44483816,1,230.68,303.88,12708544
5582,711896.500156711,5711426.81310646,1,232.39,296.27,12761026
5582,710230.306468163,5709819.94219423,1,208.5,182.16,15881959
5582,712563.553023562,5712339.79711442,1,254.64,246.18,16062033
5582,710733.561458135,5710325.50053765,1,113.43,205.19,17958181
5582,712221.888699942,5711765.18414886,1,179.65,182.32,18009624
5582,709171.546996956,5709916.00161389,1,285.7,238.37,18622586
5582,709500.332473562,5709987.48422954,1,216.45,298.63,19690764
5582,711721.001358539,5711097.3930524,1,209.46,236.02,21361616
5582,710430.42832464,5709813.37317057,1,163.8,173.1,24646271
5582,704980.948225468,5708139.03123935,0,235.52,224.61,25621064
5582,703623.456075851,5712885.75249532,0,310.11,293.04,22467107
5582,703039.405638612,5712779.51378645,0,289.2,231.22,10558175
5583,711173.845412654,5710119.11465455,1,259.82,289.22,2494264
5583,711930.700054825,5710292.09436773,1,239.11,260.92,3212379
5583,712875.507844205,5711825.92524936,1,287.93,302.7,5916911
5583,710414.429901597,5708931.25339648,1,223.84,232.49,6940269
5583,712357.951025067,5711061.18928854,1,279.06,267.48,7568548
5583,711898.226630365,5710382.84454965,1,299.1,329.59,10027538
5583,711858.02190497,5710397.97522222,1,286.94,276.5,11610905
5583,711302.385067774,5709496.47824138,1,187.84,250.52,12311232
5583,711479.904633921,5710332.62358067,1,217.48,259.02,12781360
5583,711025.429691801,5709447.32549563,1,317.46,242.48,16093733
5583,710675.411974104,5708966.8815093,1,282.22,289.82,16350365
5583,711491.724749342,5710233.65247974,1,223.45,279.07,16455720
5583,710758.929497165,5709580.50066472,1,271.63,229.73,16674214
5583,710760.208469864,5709501.36350595,1,197.09,176.62,17407727
5583,711166.108187903,5709759.83023806,1,325.26,271.98,18795648
5583,710577.918211265,5708915.81688088,1,228.46,382.59,19630260
5583,712248.628097718,5710732.02593121,1,202.02,171.32,19733661
5583,711789.21027036,5710538.19074406,1,242.03,259.4,20437508
5583,712459.603602569,5710844.35402745,1,214.18,171.93,20741074
5583,713228.79959332,5712695.88275655,1,166.65,131.01,20955673
5583,713047.090771624,5712191.87096094,1,280.67,235.27,21750188
5583,712242.984023463,5710109.37270358,0,275.86,340.66,25629278
5585,707396.785429122,5711936.7187513,1,282.67,299.4,1745474
5585,705685.720825181,5712640.53513495,1,229.81,290.07,4315551
5585,706478.006224269,5711608.90557858,1,231.66,266.44,5494899
5585,706205.207813689,5711678.74674349,1,290.53,295.87,5917282
5585,706675.244867683,5711931.37866105,1,273.9,302.61,5964111
5585,707734.111084355,5711851.91648128,1,208.57,221.64,7248822
5585,704871.628042765,5712802.90515146,1,238.05,249.71,10674849
5585,707719.758960165,5711510.81490756,1,207.23,242.42,11289688
5585,705649.706661031,5712636.17680927,1,205.08,307.78,11874569
5585,706524.69308338,5710968.51868466,1,271.23,274.44,12234250
5585,704190.151131958,5712854.72578453,1,256.02,244.76,14338774
5585,707588.903601954,5711284.55652331,1,253.85,259.97,16129374
5585,707114.350092105,5711231.65374269,1,238.87,264.8,18271995
5585,707232.444526806,5711938.05049284,1,270.89,313.78,22460350
5585,705386.630806117,5712653.35438873,1,237.7,306.85,23389569
5588,705785.39583759,5707666.72884017,1,172.8,207.85,871565
5588,705422.082878625,5707563.39835619,1,179.62,264.86,2242049
5588,705443.549115707,5707589.9002698,1,255.68,312.57,2931986
5588,706003.873804856,5707449.01045553,1,289.74,289.03,5075903
5588,706371.272559386,5707305.0309103,1,279.4,240.6,6881796
5588,705093.398838486,5707376.16146274,1,228.22,233.37,9539672
5588,706050.648057596,5707673.85090365,1,196.66,226.34,13008945
5588,706740.59808613,5707462.20366887,1,257.15,293.33,13118243
5588,705979.736107221,5707143.58202359,1,226.83,272.01,14002775
5588,706153.302668071,5707669.936353,1,202.5,246.55,14769877
5588,705803.474976113,5707082.6743134,1,180.03,244.75,16296479
5588,706152.995488992,5707162.70684368,1,287.57,335.69,18293179
5588,706915.499427139,5707617.06709248,1,205.29,191.23,20156720
5588,705620.681416439,5707382.80943465,1,274.22,345.88,20485288
5588,705220.80834885,5707538.49906549,1,284.39,266.56,21611763
5588,706883.996784756,5707655.12193642,1,267.04,281.22,23455163
5588,706041.732471974,5707099.0028783,1,247.85,207.17,24806595
5588,713108.45942164,5712980.30401013,0,258.43,246.29,25608679
5588,714412.984927807,5713928.47687028,0,236.93,315.35,17799018
5589,706347.049521248,5709999.50474889,1,219.03,193.12,891692
5589,706573.299922871,5710415.34274193,1,343.03,313.63,1100646
5589,706219.279517172,5708991.10292877,1,257.86,320.86,2157391
5589,706140.448032452,5708734.28227039,1,297.65,284.75,2216287
5589,706416.893675942,5710609.71635099,1,251.19,145.45,3534605
5589,706146.178506752,5708712.16237926,1,267.25,320.24,3773007
5589,707129.704484392,5709930.19836549,1,224.13,205.05,4741790
5589,705630.918081823,5708528.7851138,1,245.17,304.16,6703610
5589,707830.426026825,5710147.74528075,1,283.03,309.06,6928776
5589,706137.462536992,5709887.32815388,1,203.77,214.32,7987571
5589,709108.887473163,5709058.61939583,1,269.83,306.58,8146080
5589,708393.676658782,5709473.95902233,1,191.87,174.03,9798500
5589,706695.435633915,5710733.44554878,1,284.63,254.43,11250362
5589,705914.541083823,5708859.83777288,1,233.63,234.26,11583878
5589,706543.870822272,5710436.05351256,1,207.38,263.57,11745030
5589,708594.537321159,5709728.20610466,1,282.65,212.7,12041324
5589,706743.937287812,5709549.10391319,1,180.12,286.76,13873693
5589,706896.49793134,5710307.23817157,1,290.49,321.63,14111991
5589,707380.951619826,5709253.57905023,1,299.43,321.59,15549193
5589,706470.327775685,5709737.2310825,1,234,273.29,16116572
5589,707753.680469461,5709184.5341373,1,261.58,279.33,16915933
5589,707141.679435712,5710869.72956396,1,293.82,323.31,16978987
5589,706656.593122617,5710002.81721442,1,215.05,319.87,17713849
5589,709031.203724246,5709596.81973565,1,212.96,192.48,17805152
5589,708177.481477746,5709656.41265772,1,248.07,367.65,17973515
5589,708575.053841337,5708953.03768093,1,255.94,251.28,19911227
5589,709941.642857485,5709513.56123464,1,231.63,247.4,20083483
5589,708954.311508656,5709721.82920712,1,241.38,303.39,20661636
5589,707254.743217609,5710587.51813935,1,250.51,308.21,20963700
5589,707103.265932149,5709743.91116014,1,270.56,336.18,21134567
5589,706347.571207435,5710011.1648981,1,223.96,250.81,21525260
5589,707381.285914792,5708925.59215572,1,256.95,241.92,21689478
5589,707433.96553216,5709092.9191332,1,197.15,218.56,22807441
5589,709653.041330525,5709041.22312645,1,231.85,219.85,23219317
5589,707686.479683662,5710316.03975371,1,168.41,152.6,23996309
5589,706194.534103091,5709429.65157952,1,220.75,254.7,24351399
5589,705933.590010506,5708862.70184666,1,347.54,326.21,24374142
5589,714956.235713218,5714226.02528643,0,281.57,174.86,21719342
5589,713200.05323891,5713765.39715537,0,213.4,296.89,1022243
5589,713191.658523687,5713823.50345322,0,305.6,244.67,12259340
5589,711239.994536732,5712048.84147751,0,251.16,343.77,13044675
5589,710950.762740967,5711214.18963676,0,195.78,250.26,19078773
5589,703063.764790237,5708015.48700007,0,284.34,304.31,25633742
5589,703056.5305763,5707960.14342305,0,318.17,321.06,24929136
5589,704366.306343007,5708375.22785689,0,307.24,270.01,8695266
5589,702972.118673124,5712911.60816948,0,266.08,241.15,4063475
5589,703840.658301083,5712438.20406099,0,261.13,324.77,13145245
5589,703300.545333191,5712835.1756864,0,268.08,274.78,25640789
5589,703289.812885102,5712776.63662139,0,233.9,238.1,19601024
5589,703497.565351622,5712713.74871285,0,315.76,274.47,13882367
5589,703437.917621125,5712591.22532732,0,312.31,320.19,25522689
5590,705722.445657554,5707508.90739351,1,267.88,346.73,1031753
5590,706992.598904913,5707553.48541266,1,203.53,241.77,1826389
5590,705467.547317632,5707570.12632312,1,143.53,180.59,2439439
5590,706008.39722608,5707415.78458902,1,259.82,213.1,2911310
5590,705834.209816611,5707673.33695649,1,258.31,263.46,4968169
5590,705492.038796774,5707273.35600512,1,186.95,244.59,5022006
5590,706025.470238422,5707215.08206016,1,225.99,246.02,5129692
5590,705951.627906296,5707191.16301093,1,195.23,238.28,5383274
5590,706791.54923026,5707661.62581508,1,294.52,265.87,7687317
5590,706199.12116348,5707236.12609172,1,229.38,267.13,7715801
5590,706693.978688446,5707737.56251223,1,198.63,204.2,7888026
5590,705203.801192789,5707428.75675457,1,302.93,260.42,10557633
5590,706566.575249968,5707743.18338204,1,254.29,306.54,10612361
5590,706286.47554281,5707001.74942047,1,184.76,242.88,11532567
5590,705363.387016399,5707071.20701956,1,235.33,332.19,13953689
5590,705116.124651631,5707385.15288601,1,176.32,231.8,14579559
5590,706458.898357154,5707439.1305943,1,225.53,312.61,14954941
5590,705408.274995037,5707369.1082242,1,244.93,234.05,15100117
5590,705517.09822989,5707398.14069706,1,259.84,338.56,16022483
5590,706701.394041697,5707245.10228626,1,165.58,277.56,19076660
5590,705465.296570157,5707587.67998251,1,151.63,193.37,19134052
5590,705368.112561176,5707440.68328731,1,140.74,246.56,20155386
5590,705449.210871325,5707076.44428119,1,273.57,296.36,20980833
5590,705561.601469984,5707157.64252046,1,190.71,174.07,21578546
5590,705851.898089563,5707237.01534801,1,268.57,293.83,22356621
5590,705136.208047893,5707576.16361059,1,140.23,182.87,23798977
5592,709487.764100188,5708557.81473961,1,278.14,283.65,4893082
5592,708799.323781791,5708672.99255631,1,254.21,221.1,7705626
5592,708687.80495971,5708779.79397662,1,297.29,287.72,8452066
5592,708090.909993295,5708323.44404466,1,289.94,231.83,12860634
5592,708084.108135374,5708372.46891446,1,316.95,321.25,12891593
5592,707987.815263452,5708263.10439382,1,339.13,328.2,18004024
5592,707902.468693383,5708841.22436617,1,338.03,329,18072217
5592,709438.432142885,5708549.93486324,1,265.36,215.06,18649627
5592,707984.583500774,5708224.8776091,1,222.59,234.18,18786849
5592,708048.839469722,5708400.94564804,1,318.53,301.95,19200010
5592,708154.815932728,5708800.95027746,1,247.52,229.24,21629846
5592,708008.100133444,5708190.35689103,1,205.34,260.33,22667454
5592,707905.760218292,5708228.1954751,1,273.62,332.5,23496879
5592,708656.52061056,5708705.58127482,0,270.18,308.53,12274762
5592,707981.966559304,5708820.46790426,0,225.84,255.13,25735516
5596,707106.430357435,5710779.63839671,1,330.3,338.89,1055147
5596,709497.299363883,5709276.94964649,1,294.91,365.91,1335197
5596,707351.155365356,5710391.88182821,1,176.74,347.5,1575616
5596,708158.432445054,5709131.9613079,1,322.46,333.39,2350126
5596,706859.198142138,5709597.39876276,1,256.25,267.6,2653482
5596,705597.140009017,5708496.10373306,1,314.93,299.89,2811066
5596,706841.303090775,5710810.42899907,1,346.99,374.08,2952644
5596,709028.337429583,5709260.42503606,1,198.57,323.87,2999049
5596,706095.509674735,5709037.50909129,1,312.73,382.99,3268219
5596,707005.255307493,5710769.86345461,1,138.83,160.25,3897370
5596,706675.852465189,5709964.24260553,1,376.61,374.08,4864973
5596,707364.294127327,5709103.05368739,1,218.92,312.39,5137334
5596,709192.819480213,5709156.52090131,1,268.23,227.62,5856707
5596,707239.279738423,5708921.95535157,1,253.59,299.05,6081786
5596,707880.727842842,5710036.17206061,1,222.04,296.95,6193873
5596,706408.296066337,5709715.14274614,1,253.78,292.12,6565818
5596,706972.808592584,5710723.38181308,1,235.43,289.49,6579317
5596,709175.937509918,5709735.12800486,1,299.89,322.1,6963353
5596,707030.750657074,5710561.293003,1,295.93,192.93,6989518
5596,706760.087285979,5710767.06895536,1,272.75,326.64,7127852
5596,706743.451158152,5709991.8662693,1,241.12,284.5,7820935
5596,706405.122882656,5708821.44437295,1,307.3,317.58,7824107
5596,706522.613743918,5708892.39093838,1,343.08,346.03,7920713
5596,707297.136705483,5710720.41481877,1,259.48,306.87,7961648
5596,706212.901827375,5708700.44332098,1,266.63,245.53,8370201
5596,706910.401267892,5709321.03133464,1,256.05,265.35,8514158
5596,706880.991736873,5710347.2594681,1,303.49,284.62,8518271
5596,707225.791201612,5708861.41458313,1,293.14,318.14,8796555
5596,706705.003330961,5710723.3213773,1,233.52,279.97,8810767
5596,706304.624985184,5710323.70084979,1,287.69,335.94,8879840
5596,706812.74139119,5708773.76374881,1,215.32,192.43,9117652
5596,706700.665137642,5709883.19459933,1,253.62,262.93,10205312
5596,706704.455037131,5710169.6447013,1,259.82,281.17,10511046
5596,707358.659094787,5709042.16056959,1,243.59,198.05,10573473
5596,707053.850370035,5709114.44911292,1,236.68,268.26,11253985
5596,707322.292746393,5709469.96685435,1,256.43,233.64,12049204
5596,707067.823604628,5710893.2201879,1,325.5,341.98,12085226
5596,707433.363896983,5709036.94364562,1,220.52,284.81,12201888
5596,706698.766733553,5709748.48248853,1,238.95,312.31,12547075
5596,706431.566955545,5709642.46197962,1,249.64,296.99,12577033
5596,708233.009703363,5709056.46259992,1,266.6,208.13,12869567
5596,707900.649486393,5709429.23819747,1,275.41,275.83,15285197
5596,706222.332641171,5709605.65973631,1,372.35,324.02,15313468
5596,706822.517000179,5710635.00533043,1,294.54,282.76,16229777
5596,706743.548816012,5709772.69405007,1,234.65,340.86,16334718
5596,709727.307020491,5709680.23224423,1,185.59,175.12,16416256
5596,709076.224854708,5709410.51790451,1,256.2,295.5,16700537
5596,706832.871427889,5710260.43633003,1,220.22,292.17,17626340
5596,706618.608712548,5710489.89580364,1,259.34,250.8,18033880
5596,708134.072610115,5709051.61146815,1,246.43,273.95,18233297
5596,709126.359386963,5709661.26674804,1,228.8,270.12,18437686
5596,706237.10771824,5709637.65662279,1,234.82,202.41,18700599
5596,709141.811681533,5708907.37684969,1,321.41,278.74,18751481
5596,706401.501624927,5710052.95758298,1,250.71,324.16,18956748
5596,706980.768197322,5710656.13771428,1,291.68,305.29,18993638
5596,706384.556625836,5710265.52818819,1,236.73,251.08,19169213
5596,706297.678622679,5709845.78004881,1,194.6,253.93,20368710
5596,706832.873826775,5710289.53783575,1,268.66,349.02,22054857
5596,709342.050935131,5708847.59176081,1,225.96,260.72,22057564
5596,705636.057285164,5708768.6609717,1,303.25,297.45,22103431
5596,706543.945031666,5709267.86373501,1,217.47,246.43,22293937
5596,707466.969473899,5709003.94093541,1,214.72,147.31,22365815
5596,706426.054479707,5709727.78605054,1,239.21,255.77,22412463
5596,709512.583518309,5709648.43689477,1,295.34,341.17,23034437
5596,707953.347680459,5709474.69467978,1,166.05,201.72,23090885
5596,706222.016766578,5709237.05900576,1,198.58,248.93,23514479
5596,709337.900083857,5709718.76430764,1,271.18,319.18,24252104
5596,706371.57710165,5709164.63974157,1,159.7,154.11,24348571
5596,706255.415467161,5710264.69935342,1,310.91,352.32,24513402
5596,706185.445183103,5708777.06823039,1,245.21,243.63,24748985
5596,706216.974164109,5711648.00113532,0,261.71,254.25,23490901
5596,703048.098874514,5707903.50327415,0,217.77,247.5,20152957
5596,706365.154840951,5711686.88444702,0,250.74,369.22,14423319
5596,706972.148424631,5712110.18753609,0,343,339.56,13851352
5596,706301.681733596,5712894.18137482,0,296.53,325.15,11512460
5596,705765.947768861,5712661.56148518,0,339.96,358.45,22660512
5596,706961.75812539,5711157.04080469,0,250.85,342.57,13116891
5596,704291.18588235,5712426.05545085,0,264.25,296.17,24722154
5596,704839.254488796,5707483.9940727,0,272.85,339.5,2514002
5596,704062.62767726,5707045.05373976,0,242.9,216.32,12299314
5596,704030.542591925,5707644.51745623,0,225.76,215.2,14217043
5596,704315.171668366,5707088.29209208,0,316.46,331.73,25787406
5596,704072.733633395,5707095.20661417,0,245.15,311.13,1141383
5596,704071.070871464,5707196.41723997,0,257.6,237.67,17260559
5596,704224.34196771,5707753.37255263,0,253.55,301.01,3872462
5596,703925.164279456,5707180.45157764,0,269.98,312.67,17864540
5596,705189.526212351,5708001.09478712,0,177.17,239.27,17377980
5596,705972.570978438,5707869.79817193,0,186.68,236.66,18417312
5596,705969.019908038,5708322.4995219,0,151.83,215.95,17687439
5597,712558.940065511,5712434.80253264,1,290.16,322.86,1028215
5597,712078.517433958,5711413.62357829,1,256.89,263.99,1333606
5597,712031.797684629,5711341.24017915,1,151.33,179.56,1692088
5597,711972.494860798,5711386.85343803,1,228.21,270.87,1712525
5597,710487.528854471,5709900.10607902,1,261.9,283.29,2214007
5597,709506.625564484,5709973.28437375,1,184.77,219.83,4008145
5597,711529.099492708,5710814.70399443,1,280.98,324.95,4989338
5597,710785.467232149,5710823.45081531,1,327.13,302.36,5006034
5597,712260.492409611,5711905.74151222,1,241.42,294.38,6257002
5597,709707.201291952,5709939.01675596,1,276.53,268.6,6290652
5597,712175.152818717,5712056.44405816,1,354.08,291.01,7389453
5597,713038.369103352,5712990.02431407,1,243.07,236.95,9518283
5597,710312.262771203,5709851.10523923,1,347.05,323.25,9695861
5597,711758.247267178,5711822.24384787,1,266.08,301.51,10200542
5597,710193.784690206,5710103.25279801,1,171.85,206.77,10598543
5597,713087.985281224,5713089.15701277,1,359.4,342.21,10730577
5597,712346.611093631,5712054.1132661,1,351.33,368.75,11524237
5597,712290.380596708,5712197.75741042,1,251.47,307.22,11806696
5597,709672.621336808,5710027.60499762,1,351.33,350.74,11875044
5597,712023.121664477,5711950.42371121,1,245.18,336.19,12106902
5597,713093.070280395,5712917.93841072,1,266.18,307.79,13276779
5597,712009.534746457,5712034.67190266,1,340.03,357.89,13435070
5597,711975.608796582,5711518.07225885,1,307.81,240.78,13677318
5597,712279.42116507,5712020.56618794,1,328.84,382.99,14271999
5597,710129.252113478,5709752.13160935,1,176.89,183.42,15897485
5597,710664.721043254,5710060.89858487,1,309.52,285.38,16722362
5597,712200.823602058,5711452.28771221,1,347.38,331.76,17562556
5597,712315.133953585,5711669.82660084,1,259.98,250.23,17718871
5597,712136.888797529,5711691.7326381,1,328.32,337.59,17857834
5597,709075.852348346,5710027.26921354,1,330.91,347.89,18017522
5597,714367.197849143,5713976.68012425,1,260.54,256.69,18931842
5597,711781.618303758,5711730.89974108,1,289.94,301.65,19549582
5597,710448.062586764,5709922.01951954,1,221.21,273.07,19999659
5597,711945.26419436,5711627.32464118,1,222.47,206.5,20149478
5597,711636.660791736,5711068.51139148,1,268.54,310.6,21047557
5597,712221.747168866,5711816.3663542,1,258.39,279.17,21382703
5597,708985.190282691,5710079.43382273,1,295.76,276.55,22064446
5597,710221.625586858,5709955.65340304,1,299.42,268.26,22131000
5597,712976.176468823,5712744.5057566,1,292.66,293.06,22626364
5597,711807.526589697,5711322.97323281,1,294.09,261.53,24549514
5597,712000.888869935,5712021.21656912,1,211.36,203.01,24878427
5597,712546.092484358,5712197.05362236,0,250.07,279.59,17305545
5597,705656.737133467,5707805.36703046,0,285.72,272.78,20841492
5597,706064.686178416,5708027.42407457,0,260.99,239.19,11279589
5597,707801.735912047,5711491.34573965,0,341.51,341.11,2562134
5597,707127.931375136,5711909.07159418,0,274.49,200.1,7690479
5597,707471.414242678,5711991.8331727,0,175.55,163.62,10964607
5597,705783.224029345,5712117.65438954,0,282.5,320.96,1994014
5597,708275.370335601,5710663.32232747,0,357.77,340.68,7608658
5597,708452.594720944,5710775.32316885,0,318.52,346.42,3234614
5597,712554.908592156,5711376.25054845,0,265.65,308.78,25787817
5601,712510.829269961,5710831.87490422,1,290.25,288.23,15272
5601,710666.726633882,5708852.68494376,1,236.96,224.61,3139652
5601,712592.973605608,5711505.12680159,1,313.4,314.53,7328179
5601,712856.792082642,5711809.57576217,1,380.6,318.85,11383201
5601,710321.334964591,5709003.13436605,1,280.18,297.94,13023988
5601,712928.574357631,5711567.12041591,1,303.48,247.53,13879049
5601,711615.735520585,5710501.1934769,1,242.19,242.64,14280651
5601,709906.204830471,5708778.54068781,1,248.31,241.47,14992785
5601,711380.89201296,5709437.61386976,1,271.29,289.88,16619590
5601,711733.948641628,5710180.55573451,1,185.46,184.52,16708176
5601,712451.753727668,5710550.01688112,1,260.7,284.28,17649438
5601,712422.051303408,5711176.46197796,1,206.79,256.44,18287099
5601,711502.444822756,5709585.79036427,1,222.04,209.74,19594102
5601,711047.342960696,5709755.78972255,1,262.13,196.41,21879245
5601,712129.500626769,5710714.78878426,1,316.37,268.13,24424129
5604,707126.142181559,5711321.22489382,1,250.96,203.42,1303258
5604,706266.165243825,5712536.17582711,1,290.21,308.58,4188577
5604,704082.045758094,5712406.8512764,1,302.35,320.03,8087931
5604,706900.656747749,5711547.45271168,1,277.73,353.62,9509641
5604,704740.773779365,5713268.33988519,1,244.38,233.71,10478420
5604,706562.503918014,5711076.59412714,1,216.21,248.63,15058282
5604,707127.589206011,5712110.45905245,1,247.27,225.8,16481698
5604,707052.022117828,5711933.68101618,1,174.86,265.16,20558064
5604,707177.211786048,5711504.12859803,1,224.96,257,22224271
5604,706668.122043986,5711049.31040289,1,261.73,270.16,22429818
5604,708084.706300037,5711528.61600306,1,250.69,296.04,22968497
5604,707262.349026584,5711243.31136021,1,271.64,313.87,23186508
5604,706497.973955112,5712794.98182866,1,252.14,308.47,23198750
5604,705661.498461814,5712714.63403394,0,268.5,336.34,14744760
5606,706508.507224702,5711695.88381255,1,226.91,279.46,1325580
5606,707545.361461072,5711525.03062471,1,289.6,308.83,1975560
5606,707961.25218547,5710875.75698334,1,271.26,222.26,3948482
5606,708095.867426428,5711367.32737817,1,318.87,327.43,8637594
5606,707902.988501081,5710931.44601859,1,238.93,243.56,9116806
5606,707044.374529244,5711742.84910868,1,148.44,194.33,10225208
5606,707421.33648294,5711253.67140382,1,226.62,225.16,10230303
5606,705905.959211245,5711375.97258433,1,303.3,294.1,10907378
5606,707167.934073648,5712094.79560151,1,185.18,198.11,12826781
5606,705672.530423515,5712659.48630551,1,218.11,246.39,13224845
5606,706853.703569999,5712589.16641352,1,305.03,290.56,13568736
5606,706319.8178316,5711691.11404416,1,290.41,293.59,15184923
5606,707618.952732685,5711779.17888836,1,193.08,196.03,16022880
5606,707290.354433434,5711709.08405883,1,238.95,248.8,16025857
5606,706808.887051759,5712681.73434879,1,230.22,266.04,16558434
5606,707573.250638083,5711382.22332803,1,193.58,255.85,16632192
5606,707245.07885742,5711813.91846273,1,254.97,218.91,18241687
5606,706402.79562913,5711816.84407223,1,209.69,254.48,19301915
5606,707463.105998556,5711045.26130199,1,227.12,237.7,19750435
5606,707354.326558013,5711644.62087241,1,195.54,230,20474802
5606,705751.106820688,5712110.269476,1,302.34,300.82,21617283
5606,707621.975214182,5710989.89670002,1,256.99,264.2,21662926
5606,707935.268664368,5711241.92608113,1,180.52,182.81,21684373
5606,705463.466742695,5712700.31493369,1,265.79,278.24,21752601
5606,706152.863207629,5712301.76231599,1,180.15,160.21,22407246
5606,705293.287500935,5711379.15253373,1,180.78,147.28,22417290
5606,707965.814707826,5710822.74069346,1,310.06,273.27,22582544
5606,705426.776162074,5712147.12103392,1,197.81,140.76,23556991
5606,706116.363018804,5712341.4688534,1,251.63,234.37,23755093
5606,704113.372558917,5712343.81171919,1,193.13,228.49,23808960
5606,706105.351346937,5712586.85531185,1,214.56,233.79,23855714
5606,704400.417853705,5711962.51621886,1,227.82,302.31,24793116
5608,706675.69004411,5708179.33957573,1,230.48,303.34,1216515
5608,705589.577008017,5708014.14589679,1,237.67,271.4,1533703
5608,705665.455588005,5707943.55834735,1,171.95,239.33,2591276
5608,706135.621970877,5708504.38982259,1,216.92,222.53,3986253
5608,706952.810194059,5708023.47875393,1,329.08,333.39,6993982
5608,707585.132631291,5708804.98993846,1,270.22,189.25,10859988
5608,707657.142854046,5708419.57895773,1,266.58,212.94,10882707
5608,706313.779783819,5708562.61867166,1,285.24,317.72,11571369
5608,706507.964841093,5708212.21561554,1,212.1,220.7,11601108
5608,707664.844865156,5707704.63739747,1,307.42,352.54,15749449
5608,706516.124765234,5707886.66606994,1,222.86,300.1,16500443
5608,707502.952884881,5708360.11333237,1,300.63,286.11,16948955
5608,705881.810566198,5708102.27667765,1,346.98,348.69,17319390
5608,705420.611099678,5707882.2530267,1,207.67,228.76,17558338
5608,705549.113640952,5707789.90784644,1,300.27,310.89,17939765
5608,707675.313708905,5708123.87518312,1,245.07,204.71,19717449
5608,707623.122537323,5708092.05609307,1,376.61,331.67,21779810
5608,706597.818880414,5707889.19676954,1,291.58,290.03,22274921
5608,706141.455557289,5708112.4006204,1,299.23,272.8,23196246
5608,706450.144582062,5708458.17701088,0,347.54,352.03,7777364
5608,707569.834997703,5708041.31350888,0,195.34,274.95,24668107
5608,705573.70905757,5708067.88676031,0,264.82,290.99,25595834
5608,707131.701965387,5710145.35175661,0,328.16,344.91,25631464
5611,704993.723817934,5710299.00261462,1,249.14,268.63,122441
5611,705640.950674579,5709864.90476567,1,270.19,303.27,1408102
5611,705648.07543754,5709797.26546577,1,246.66,239.98,1889856
5611,705707.181036197,5709709.75585821,1,224.06,242.09,1959324
5611,705412.423904633,5710119.06031904,1,271.7,221.96,1964664
5611,704633.443316473,5709549.99045348,1,279.63,310.57,2772332
5611,706082.691934085,5709803.74100034,1,162.18,246.38,3660250
5611,704446.285107549,5709418.84633912,1,184.72,271.72,3736222
5611,705086.909461939,5710488.94957007,1,257.18,211.52,3948323
5611,705448.905837879,5709394.49267428,1,249.87,327.1,4207243
5611,705281.747138173,5709847.60529223,1,214.5,252.61,4402850
5611,705855.355762436,5710780.10609568,1,221.87,329.21,6949105
5611,704724.541610011,5709386.22894,1,255.05,262.19,7618329
5611,705585.238780721,5709005.66558053,1,195.97,252.27,7662446
5611,705299.247944746,5708809.35093124,1,223.88,196.14,7680813
5611,705162.312663445,5710498.93665437,1,197.07,218.98,9368850
5611,705854.91363958,5710301.15690235,1,161.74,252.33,10785143
5611,705297.405661763,5710406.12688521,1,256.48,327.01,11718720
5611,705869.111568256,5710234.69815738,1,265.13,347.59,12269659
5611,705685.13954147,5709652.56304165,1,291.32,314.11,13528714
5611,704841.783608896,5708350.51920402,1,287.23,340.89,14341978
5611,706041.024973669,5709831.56734928,1,255.07,245.63,14467656
5611,705644.240911918,5709161.39249242,1,262.22,343.29,15562622
5611,705904.577067224,5709745.6730934,1,144.83,205.78,16151249
5611,706082.17810943,5710123.42993941,1,152.08,187.66,16711564
5611,705255.331467944,5710357.39522484,1,268.64,180.82,17188260
5611,704462.889742648,5709319.00635845,1,255.29,277.99,18286383
5611,705247.598619469,5710619.63191691,1,196.51,219.82,18840953
5611,705562.083365554,5710188.43895905,1,273.6,325.4,19630523
5611,704723.079721328,5709782.55923051,1,239.53,322.29,19819259
5611,705745.641433247,5709829.96867738,1,273.26,273.64,19955982
5611,706189.009884774,5710392.66867514,1,337.08,334.44,20614747
5611,705180.819923447,5709742.21301989,1,239.02,293.54,21399680
5611,705011.470564862,5709634.70311863,1,167.06,277.34,21603949
5611,705056.715517623,5709719.737436,1,340.03,367.65,21626970
5611,706017.587741445,5710225.26911707,1,242.65,224,22787740
5611,705896.420520828,5709807.54208928,1,233.91,296.95,23074271
5611,704428.804610463,5709618.47164059,1,254.63,156.86,23163281
5611,705201.885413783,5708835.09916196,1,248.71,235.5,25130513
5611,705114.318121558,5710399.45576877,1,193.56,320.95,25500909
5611,705384.44598979,5710246.44073962,0,262.52,305.99,8296351
5611,704559.243185576,5708233.70962653,0,285.84,305.89,8692171
5611,705335.065371015,5710420.37470617,0,267.21,266.78,12872857
5611,705259.341204792,5709640.00481708,0,248.4,303.37,7778622
5611,706265.151537934,5708527.16222126,0,240.14,293.07,24618846
5611,706032.372960375,5708489.74267219,0,276.29,271.66,16427360
5611,705886.919635531,5708387.64570355,0,221.8,262.22,14509150
5611,706615.038514241,5708198.15408033,0,248.67,275.91,15726217
5611,706486.812998177,5708283.7092408,0,245.58,329.68,20189236
5611,705460.109414014,5707856.29675776,0,292.9,342.16,20651545
5611,706686.587035791,5707887.61554255,0,285.42,252.52,18961941
5611,707012.318547468,5708133.46945922,0,213.99,335.74,24342600
5611,706435.429165692,5708086.71244141,0,276.89,289.34,4992106
5611,706507.925215834,5707951.52946445,0,158.47,162.3,2437182
5611,706158.262019991,5707992.33793205,0,237.1,302.16,13603196
5611,707180.889065188,5708004.79335355,0,308.4,343.75,2388281
5611,710801.811828001,5709228.59386022,0,270.04,285.41,8191188
5611,712296.654981862,5710654.16948193,0,261.31,304.65,2568009
5611,706765.09792097,5709518.45045726,0,292.22,316.91,5178162
5611,707071.20908573,5709343.07775364,0,264.89,304.64,7419938
5611,706267.57672714,5708695.87877201,0,258.09,313.14,14309908
5611,705479.967654524,5711203.19806404,0,243.61,254.37,21089530
5639,706704.221461222,5711547.82697649,1,187.02,227.26,6278835
5639,704615.241783026,5712211.24422012,1,201.12,213.29,13303198
5652,712192.540664338,5711352.67731178,1,268.71,324.04,8794
5652,709693.968580364,5710515.07916703,1,229.92,262.35,448738
5652,712243.669393973,5711526.34405374,1,254.53,318.87,1967891
5652,710354.96947567,5709949.52491311,1,269.93,312.95,3616418
5652,710553.14506394,5711043.60813526,1,182.21,139.29,3699681
5652,712308.614112273,5712039.14430984,1,221.68,299.14,4166825
5652,709494.585466348,5710032.92435646,1,242.6,201.18,4391297
5652,711989.573781644,5711568.46325505,1,253.99,254.56,4726089
5652,712175.20411757,5711300.66383303,1,273.39,307.7,5623709
5652,712244.824503261,5712306.97006932,1,262.32,299.97,5909780
5652,710613.47694363,5710069.79685037,1,295.42,333.39,6448206
5652,708937.422944628,5710169.73523603,1,237.61,309.34,6777413
5652,709927.200953841,5710135.19749889,1,294.67,349.51,7581462
5652,710874.490738287,5710761.3630851,1,247.12,302.07,7945828
5652,711897.336005138,5711186.26412156,1,256.13,303.08,8185939
5652,710594.001577941,5710650.29073626,1,264.16,312.69,8890683
5652,711674.992548118,5710947.40799326,1,209.21,217.66,9344169
5652,710250.963683228,5710512.19854526,1,282.22,289.35,9942309
5652,709582.085166562,5709924.3540051,1,258.66,275.86,12752964
5652,712112.544493541,5711503.26605918,1,278.37,264.26,13722872
5652,710968.889337946,5710527.37186942,1,233.2,286.18,13858763
5652,712586.163381851,5712166.36536965,1,164.69,200.46,14043955
5652,714378.548775361,5714030.78144175,1,229.67,218.7,14322401
5652,712361.032176135,5711995.09637984,1,317.95,324.68,15299189
5652,710611.648634526,5710570.38851659,1,228.7,333.77,17455494
5652,711630.196611474,5711605.24433847,1,303.64,243.11,17924064
5652,712168.552083319,5711485.64291739,1,306.25,341.08,18290625
5652,711799.146038635,5711770.55270904,1,201.43,233.55,18684808
5652,712133.00410558,5711399.77746015,1,254.07,281.12,20083205
5652,710830.277952798,5710122.1067829,1,260.07,267.41,21117750
5652,709941.608213074,5710309.68448853,1,236.77,286.44,21500414
5652,710919.147155154,5710565.95882785,1,265.09,303.62,21797990
5652,713298.97337298,5713195.23184409,1,192.57,225.69,22841756
5652,710740.253514118,5710591.80513089,1,233.94,248.56,23649380
5652,711318.823959418,5710548.61594474,1,265.96,321.63,23737455
5652,712574.607524102,5712339.31645187,1,321.86,367.65,24510812
5652,711584.629468227,5711439.38348287,0,252.98,235.59,7226868
5652,712734.04253407,5712442.09613873,0,292.87,276.57,12030320
5652,710854.093399,5710819.35345323,0,217.8,274.05,11510161
5652,712138.143135177,5712158.76539631,0,319.62,370.59,17900841
5652,712096.399988015,5710258.89989655,0,338.1,332.47,25712936
5654,709644.375890891,5709772.87074785,1,188.27,185.81,4330
5654,709167.659292929,5709603.33250602,1,305.98,274.89,132749
5654,706317.151617186,5709134.58815863,1,257.98,278.59,285114
5654,706996.366836945,5709119.22527468,1,219.53,241.54,605410
5654,706197.510021104,5708968.53775399,1,296,214.68,670677
5654,706296.561441384,5709303.06425102,1,181.29,222.46,744205
5654,706176.159258344,5709096.70781406,1,317.34,324,902320
5654,706655.061853177,5709590.08878207,1,254.56,288.75,1016587
5654,706846.407210849,5710236.70584449,1,234.86,208.52,1271307
5654,706745.242130135,5709527.38957491,1,175.04,194.52,1290665
5654,709010.165176965,5709128.61963232,1,183.22,242.15,1544523
5654,709472.404834771,5708956.91732142,1,306.8,318.02,1565904
5654,706640.700353028,5709884.99030169,1,244.78,227.93,1592128
5654,705610.228371903,5708728.33513133,1,234.47,229.94,1595170
5654,709884.166460768,5709619.89241522,1,286.82,353.44,1659058
5654,709822.005900058,5709278.19418855,1,288.85,299.32,2006594
5654,707799.17545413,5709904.3054449,1,264.51,289.19,2055582
5654,706198.346441698,5709725.1352034,1,258.15,304.41,2146873
5654,709130.732828133,5709906.7491354,1,286.61,283.11,2252579
5654,706792.580078322,5710135.81719436,1,308.78,340.68,2284761
5654,706197.73442523,5709854.53658235,1,295.31,309.55,2305870
5654,707405.258620465,5710692.71019735,1,248.69,167.87,2312462
5654,709841.427182409,5709509.1755352,1,259.15,298.45,2462081
5654,706439.236601487,5710617.88829355,1,148.19,185.73,2602791
5654,708724.074809779,5709269.74473597,1,192.72,278.9,2790755
5654,707068.984320674,5709344.08970589,1,303.12,247.31,2800720
5654,708214.384251748,5710034.5280676,1,250.52,224.85,2888965
5654,709874.534282141,5709659.58685252,1,252.1,273.71,2967118
5654,709505.442065475,5709409.03311735,1,338.56,345.98,3031479
5654,706744.475093321,5709396.56176234,1,231.07,211.65,3800170
5654,707152.812986115,5710438.87158569,1,286.82,290.55,4084730
5654,706385.180254415,5709794.9584265,1,235.32,271.76,4266088
5654,705951.405798006,5708700.96476497,1,215.76,240.41,4305735
5654,709684.434874212,5709191.74902217,1,152.78,181.18,4346452
5654,707433.964871876,5710297.47455584,1,245.69,324.17,4350940
5654,706692.52284319,5709433.51416832,1,232.1,201.62,4468798
5654,707698.687297324,5709370.91599228,1,230.55,237.34,4695576
5654,707119.191078259,5709663.02070972,1,204.13,198.27,4735445
5654,705896.996774778,5708963.25041627,1,353.6,321.17,4781955
5654,706135.554818745,5709512.31977937,1,253.14,247.96,4823919
5654,706415.389837724,5709153.88246994,1,267.36,276.11,4877062
5654,706307.096798436,5708773.79839546,1,195,166,4929815
5654,707368.047418346,5709399.87629883,1,205.91,230.79,5238175
5654,707547.030199154,5710438.11955473,1,228.41,305.71,5330913
5654,706302.748827104,5708804.13444667,1,259.54,295.83,5355132
5654,708872.984750553,5709437.3624258,1,276.22,198.48,5384019
5654,708113.232206075,5709032.63973135,1,266.75,253.67,5482990
5654,709881.062262349,5709436.10185616,1,203.74,220.95,5576354
5654,707009.917772027,5709691.58307694,1,263.53,278.73,5778141
5654,705826.0567269,5708818.54487159,1,242.68,287.77,6018148
5654,705785.556849562,5708609.19634751,1,257.29,254.96,6082499
5654,708371.368132839,5709220.00912757,1,229.65,284.95,6249165
5654,708315.618142845,5709151.63179869,1,240.85,245.25,6332877
5654,706413.354265594,5709699.01859594,1,257.1,251.02,6418013
5654,709299.911260924,5709386.96066339,1,281.31,294.3,6629131
5654,706141.743814276,5708725.65472733,1,220.82,228.5,6669487
5654,705661.341552856,5708688.89037486,1,294.58,239.7,6757635
5654,707736.616608351,5709304.18493919,1,273.09,290.37,6984607
5654,707500.611256673,5709057.7360557,1,301.06,284.3,7030059
5654,706588.437102787,5710700.4626281,1,251.19,243.34,7039654
5654,708632.545392034,5709112.12009874,1,312.77,275.48,7045614
5654,706179.468463468,5710029.03556519,1,226.05,176.81,7061861
5654,706347.771826249,5710113.29857215,1,269.87,255.51,7165976
5654,706138.49319781,5708728.12349417,1,276.88,287.99,7196200
5654,709706.558036192,5708949.86278236,1,267.07,308.84,7255805
5654,707135.378139632,5710607.07055821,1,235.29,311.93,7331896
5654,706392.45064588,5709830.25952785,1,350.83,275.7,7391625
5654,707875.302977147,5709227.30383117,1,249.11,235.23,7456540
5654,705949.577094011,5709299.23106335,1,192.88,255.15,7540130
5654,706902.759827616,5710307.44404038,1,206.36,191.49,7910822
5654,707599.844443439,5709385.1161409,1,327.68,305.6,8060746
5654,707107.699395925,5710897.71325864,1,253.27,271.63,8183635
5654,706544.96546155,5709923.11095841,1,285.87,293.23,8275008
5654,709422.46910665,5709466.9861326,1,259.81,307.3,8660542
5654,706120.275288622,5709790.03951908,1,200.88,293.35,8809744
5654,708168.23471639,5709030.6625336,1,317.3,294.94,9171882
5654,706935.354084075,5710668.6151435,1,244.08,284.34,9403029
5654,707547.027894113,5710663.06798013,1,277.11,287.23,9409160
5654,708346.653386294,5709237.52610371,1,288.22,349.02,9546222
5654,709003.841701536,5709692.74961948,1,244.01,279.56,9673602
5654,706934.708061739,5710493.53158949,1,309.97,333,9823825
5654,707910.118740789,5709511.63050884,1,307.83,338.5,9837836
5654,707366.50656461,5710598.35656599,1,273.53,221.02,9839968
5654,706671.274473551,5709559.53973712,1,269.55,267.37,9913541
5654,707312.469203868,5710605.42565153,1,277.2,285.38,10002103
5654,709516.150887033,5708946.3798623,1,304.04,277.47,10078226
5654,707091.970559944,5709269.84126102,1,253.37,187.32,10145529
5654,706580.183711742,5709607.31276254,1,266.93,275.63,10186307
5654,706605.201964506,5708907.01144379,1,263.45,320.19,10320413
5654,709554.0244701,5709013.00143975,1,297.61,282.31,10513602
5654,706852.176694895,5710337.95097747,1,245.25,174.63,10657011
5654,707086.751976019,5709012.99646823,1,321.37,269.67,10700101
5654,709333.54495571,5709689.49572927,1,274.06,322.66,10745048
5654,706575.023863109,5709914.51719848,1,240.45,194.31,10904624
5654,706689.44510149,5709587.23619767,1,344.62,317.47,10972232
5654,707969.631481253,5709311.70902237,1,199.01,256.62,11132411
5654,709691.164699752,5709478.63302342,1,299.34,272.47,11225183
5654,707551.365023115,5709848.49585822,1,303.91,267.75,11533416
5654,709301.19760426,5708909.22624293,1,346.24,374.08,11571265
5654,709153.493034507,5709892.05555027,1,299.22,324.74,11706068
5654,709486.320446521,5709042.77914276,1,263.42,274.88,12031955
5654,706216.215794039,5709435.1333925,1,294.21,366.53,12279138
5654,709479.023243112,5709605.66137229,1,317.11,295.47,12438791
5654,707090.782986562,5709707.04918512,1,275.38,320.48,12480742
5654,706075.147578418,5709433.50782496,1,268.82,297.89,12666170
5654,706414.496911404,5708989.56858345,1,228.44,246.19,12888009
5654,708608.657190309,5708939.49048561,1,255.29,323.85,13223763
5654,709481.21383767,5709197.2202393,1,171.31,189.3,13313992
5654,707049.392772871,5709301.90963775,1,281.5,279.04,13449134
5654,707064.188843422,5710514.77960009,1,299.35,350.63,13498620
5654,709112.592090317,5709852.59470559,1,283.02,233.55,13619806
5654,706766.04029034,5709316.01310271,1,284.67,313.65,13730493
5654,709008.1927802,5709859.23030612,1,256.89,276.82,13856030
5654,705983.861857691,5709109.14115278,1,253.63,316.46,13903676
5654,708359.670375332,5708994.22008728,1,223.84,255.91,13917480
5654,706871.865467848,5710225.86612673,1,286.78,270.61,13924508
5654,708578.622200709,5709397.38367116,1,284.82,318.52,14070696
5654,709146.21185467,5709748.56989758,1,207.69,161.29,14169868
5654,708572.401855773,5709936.82661119,1,179.58,248.13,14441050
5654,709648.449924539,5709143.78259039,1,207.37,230.55,14469774
5654,706869.70195761,5709633.76496517,1,292.81,304.88,14496292
5654,706705.713597655,5708763.48919577,1,178.9,213.1,14514747
5654,707236.825247889,5710483.1420759,1,186.81,184.63,14582813
5654,706105.002929053,5708668.57970403,1,237.76,246.36,14712412
5654,706639.623324067,5708820.62699452,1,257.86,266.45,14854218
5654,710049.400062238,5709349.26071151,1,282.45,254.44,14884989
5654,707870.851559978,5709209.51347692,1,278.81,226.83,14922402
5654,706692.694176646,5710688.76554324,1,351.57,265.12,15007139
5654,709162.661580812,5709151.35888977,1,179.08,201.06,15137442
5654,706134.752681649,5708933.02806901,1,299.58,338.31,15171872
5654,709817.400961192,5709115.52666058,1,290.26,287.46,15337989
5654,706410.828815691,5709302.01289809,1,286.41,260.66,15502780
5654,708520.746170281,5709050.26113784,1,251.51,348.34,15539833
5654,706808.343984373,5709732.08679138,1,313.22,345.74,15573362
5654,708797.61933649,5709826.26919576,1,220.55,235.42,15584974
5654,708699.720442905,5709936.84908565,1,232.92,269.23,16033073
5654,706761.043856572,5709598.86592578,1,164.13,153.58,16066944
5654,707182.860330878,5710602.50569487,1,250.83,349.02,16284590
5654,709036.510527988,5709796.09813092,1,250.78,262.93,16585112
5654,706958.083280685,5709044.09069455,1,272.57,333.51,16611705
5654,706378.686880637,5709919.14832416,1,228.92,231.11,16629648
5654,709377.719610733,5708890.0744594,1,213.04,184.57,16808772
5654,708271.875069351,5709176.71172749,1,351.33,330.59,16883694
5654,706438.86877713,5710140.87388626,1,169.55,224.95,17068972
5654,706319.083454526,5710110.5220444,1,228.8,265.8,17305129
5654,707064.215946366,5709642.01085616,1,257.86,211.38,17444893
5654,707093.376123562,5709962.87808584,1,217.29,319.46,17528321
5654,708010.88105588,5709677.86851508,1,248.16,275.98,17607884
5654,706762.724974504,5708886.96076075,1,228.93,216.45,17882497
5654,706333.786137473,5708876.49662424,1,254.54,241.06,17919227
5654,707482.270916818,5709005.90845719,1,249.69,287.86,18173285
5654,706354.435833299,5710557.25627002,1,297.61,315.99,18276158
5654,709811.679840264,5709704.15170863,1,213.78,190.83,18285746
5654,708723.897900957,5709856.45979348,1,262.23,275.68,18421817
5654,705737.630918013,5708814.46948737,1,219.98,164.74,18423992
5654,707746.536804599,5709307.63975248,1,194.38,177.5,18536978
5654,706832.801196118,5709677.16147538,1,293.09,317.58,18592477
5654,709895.539959802,5709582.04121848,1,291.7,172.48,18615616
5654,706435.554288182,5710546.88445949,1,255.53,314.17,18653363
5654,709649.185556162,5709675.70897319,1,346.98,341.66,18715315
5654,707108.263939427,5710546.64891766,1,207.3,247.31,18781717
5654,707040.754522444,5710940.56397555,1,334.28,349.95,18840567
5654,706153.083938172,5709161.80838799,1,272.56,306.29,18860825
5654,708332.33260598,5709161.3940209,1,230.18,253.4,19065769
5654,707351.092078675,5708984.1943486,1,210.7,183.2,19141412
5654,706610.80095838,5709751.1111561,1,251.91,213.82,19419937
5654,709311.282919038,5709110.57176326,1,293.5,200.28,19455988
5654,705927.459633921,5709168.26608338,1,245.23,209.56,19513695
5654,709379.310044127,5709773.11104038,1,337.83,364.9,19537112
5654,706583.882610837,5710712.81876925,1,213.53,187.28,19540534
5654,705799.721681698,5708803.03266635,1,225.41,218.36,19568662
5654,706524.545527838,5708750.07038216,1,305.82,353.01,19775079
5654,708633.315634173,5709100.69918486,1,280.76,268.05,19918855
5654,709871.912405871,5709440.29833467,1,338.75,297.63,19953228
5654,706191.49992057,5709468.56180123,1,228.71,273.92,19956622
5654,709689.681100268,5709040.14599762,1,237.43,294.3,19967319
5654,709858.182609385,5709380.76885244,1,205.17,228.56,20100178
5654,708295.115772841,5709372.45112017,1,261.24,296.16,20214223
5654,706956.17355607,5710426.09055654,1,272.62,299.26,20344761
5654,706332.81373522,5709747.36106672,1,193.21,192.04,20363264
5654,707048.345649885,5709772.1780681,1,250.66,176.54,20410968
5654,709935.926406155,5709463.9783248,1,251.7,230.17,20548359
5654,707359.07211625,5708988.08558619,1,182.42,206.31,20767754
5654,707082.134549196,5710490.52522201,1,191.31,229.31,20778092
5654,707178.704471131,5709820.27995024,1,272.99,285.46,20791412
5654,707579.270555971,5710699.69934856,1,276.98,290.06,20805886
5654,709395.448665916,5709844.49713413,1,301.97,297.14,21139865
5654,707000.184622449,5710524.78036162,1,252.86,248.57,21250101
5654,706131.670999265,5709761.99661641,1,226.68,242.77,21353898
5654,706936.828477898,5710679.64523347,1,269.8,331.27,21353958
5654,709090.062086279,5709658.23381868,1,258.81,218.57,21503366
5654,707647.734488226,5710511.66298954,1,217.92,245.53,21571313
5654,709161.83724371,5709363.99435652,1,293.82,311.71,21616671
5654,707536.249438662,5710730.19434948,1,250.92,209.29,21841810
5654,706810.72129845,5710421.32676876,1,181.6,179.09,22211145
5654,706673.922090663,5708872.51118539,1,227.29,257.56,22213390
5654,707232.768414569,5709719.04865477,1,220.42,287.35,22329025
5654,709241.431001127,5709492.79779955,1,282.03,236.69,22384221
5654,706336.455788324,5709850.1018593,1,337.26,355.78,22479005
5654,706604.691521536,5709742.18943459,1,331.47,343.77,22673612
5654,706251.973178397,5709920.97338699,1,317.22,338.84,22710220
5654,706675.992864932,5710040.1564155,1,288.52,335.05,22771994
5654,706501.147653101,5709380.55564659,1,248.17,219.21,23028657
5654,707017.415262927,5710097.18706139,1,250.19,243.19,23454436
5654,707262.352784287,5710517.95705021,1,273.77,328.5,23460487
5654,706771.644329186,5709419.4494599,1,262.67,292.06,23516161
5654,706899.311996006,5710482.17760837,1,225.96,284.89,23661865
5654,707274.72611099,5709077.79304054,1,235.56,227.1,23691934
5654,705969.012469931,5709384.3815775,1,248.67,204.55,23726349
5654,708226.191945398,5709069.34345689,1,175.48,208,23977383
5654,706233.701986577,5708687.7725739,1,294.8,263.32,24269763
5654,707253.454971196,5709455.40926748,1,275.69,339.01,24313363
5654,706253.05200116,5709774.38085881,1,249.53,259.83,24383871
5654,705928.61440394,5708753.66732129,1,312.94,236.14,24385262
5654,706933.045685619,5710566.282686,1,247.81,288.79,24389925
5654,706091.269355623,5708979.7470433,1,259.2,298.86,24758584
5654,709039.764958488,5709173.18025891,1,230.15,242.47,24861885
5654,708235.255816175,5709074.21059576,1,231.66,278.47,24879456
5654,706612.142111558,5709602.72762856,1,236.46,262.79,24906097
5654,708443.70355664,5709781.27488247,1,258.29,242.21,24966709
5654,706179.309675486,5708645.10613832,0,341.09,349.04,13279171
5654,705904.516281611,5709160.10853552,0,312.82,306.96,15851167
5654,706773.22425694,5709745.51544015,0,318.97,345.88,17069468
5654,709980.533652382,5709655.48858791,0,198.71,256.37,911887
5654,705966.629986858,5708683.24260259,0,283.82,321.91,21986340
5654,708140.036656209,5709454.24116,0,216.65,226.64,8818171
5654,706374.108083153,5710445.07588529,0,253.34,296.27,21925747
5654,706660.046681514,5710764.65801348,0,245.17,189.34,2214709
5654,708852.623208512,5708836.63515886,0,228.9,214.56,14741393
5654,714908.062251831,5714387.77286674,0,265.59,332.25,18697702
5654,714515.408234914,5715077.31799099,0,329.55,323.97,7563837
5654,706105.035997873,5707597.25419445,0,193.71,187.41,11603903
5654,707188.255197186,5707673.90196237,0,281.88,284.89,24409595
5654,705150.521422765,5707201.82186079,0,306.84,274.37,18600543
5654,706119.514704471,5707258.55763479,0,252.08,259.02,3331732
5654,705537.660095986,5707304.02979676,0,305.67,292.18,3183936
5654,705911.665547222,5707556.45530781,0,264.87,292.07,9419976
5654,705372.075269822,5707293.31486172,0,240.76,240.34,15864478
5654,706091.029880425,5707231.27431687,0,323.32,247.67,10144436
5654,705352.413889267,5707391.31907063,0,218.82,150.86,4943139
5654,705578.429298692,5707098.80891727,0,201.51,214.69,8105829
5654,705964.338892272,5707151.11235748,0,308.82,307.16,6362667
5654,706379.19844595,5707544.26390076,0,319.66,347.46,21758404
5654,706833.602022543,5707396.40168268,0,203.52,153.22,5760652
5654,706196.322694894,5707440.24727905,0,274.52,310.83,19955983
5654,704414.208350633,5710201.76314088,0,305.68,271.82,8436285
5654,704621.742757116,5710052.72929293,0,254.75,237.47,10272343
5659,706922.256237547,5710878.81291372,1,273.7,229.63,202602
5659,706274.250475369,5709536.97566556,1,310,325.85,1220858
5659,706343.546424339,5709138.507941,1,319.92,306.56,1654480
5659,705960.425238584,5708718.93522501,1,179.5,294.3,2013658
5659,706324.539038477,5710471.71579716,1,299.07,318.67,4889610
5659,706462.836373431,5709765.54304279,1,262.16,333.89,4989377
5659,708842.113570155,5709166.7393155,1,327.65,346.58,5914609
5659,709401.068088316,5709776.4543924,1,288.25,342.71,7644141
5659,707256.819790581,5709315.86701898,1,305.9,309.84,8923264
5659,706538.807024027,5708838.64060954,1,376.61,347.97,11522817
5659,707121.663747947,5710028.10590895,1,275.71,270.65,12588102
5659,708443.329741446,5709787.29210664,1,372.35,374.08,15214330
5659,706868.042298699,5709533.93772556,1,279.53,302.46,16890120
5659,706571.831615088,5709781.7179738,1,242.18,173.48,17291404
5659,707938.858166583,5709472.18366067,1,252.45,248.53,17606996
5659,708821.721085241,5709234.83506949,1,351.33,324.96,18115837
5659,708848.887296997,5709356.14774302,1,274.29,284.74,19021705
5659,707293.775368658,5709395.56303679,1,327.98,278.47,19987542
5659,706452.248614914,5709579.19416517,1,314.53,266.93,20313475
5659,709372.676630341,5708802.24296136,1,262.75,246.33,21245282
5659,706709.421464078,5709649.06390818,1,285.22,277.13,22547827
5659,707407.364971473,5710593.96632445,1,261.03,310.19,23954628
5659,706463.176105583,5709799.9111601,1,263.04,311.38,24680944
5659,707054.280003646,5709449.43757214,1,258.6,307.17,24859644
5659,706421.18839422,5710087.65772163,0,237.57,319.6,23418614
5659,706040.955930735,5709184.61210729,0,277.66,235.36,1580855
5659,707615.398107391,5711331.87543728,0,266.56,250.82,7912510
5659,705786.149517772,5712106.11618888,0,200.57,225.3,20087338
5659,706675.390680479,5712919.37713006,0,246.98,247.93,17305358
5659,707442.170664211,5711831.29193513,0,235.88,271.15,1843880
5659,706599.925146403,5712754.72602848,0,243.73,216.7,11577915
5659,707923.737259305,5711044.51226063,0,344.49,366.53,17014525
5659,706984.385213975,5711496.11068183,0,245.04,222.44,7233809
5659,707789.134942767,5711140.41468298,0,372.35,356.44,21257301
5659,706707.872340513,5707546.25724007,0,230.15,266.47,8957978
5659,707175.655164809,5707526.27583993,0,311.39,353.54,7899681
5659,705864.283309029,5707099.23460493,0,319.17,318.84,15074179
5659,705944.247238657,5707230.74010227,0,257.69,317.24,24673516
5659,705869.623385167,5707096.3830348,0,299.9,288.84,20136301
5659,705851.932875758,5707220.29633509,0,344.26,332.36,1442203
5659,706490.786815279,5707364.41138523,0,321.35,348.65,7880097
5659,705522.646750323,5707092.02429675,0,237.92,242.39,18666018
5659,705666.574687434,5707231.90111833,0,249.4,310.24,20923816
5659,711740.708816817,5709694.67034861,0,340.24,350.95,17015301
5659,710792.438821084,5708969.14136722,0,250.55,272.13,1649687
5659,711898.996806621,5710000.07033436,0,294.52,299.24,18865192
5659,710003.710431476,5709028.4483878,0,327.31,292.34,16953723
5659,710020.799742282,5708886.07240634,0,272.59,319.2,8563902
5659,713085.389709861,5712630.93048271,0,275.24,270.15,8392543
5659,711323.534356564,5709406.8622368,0,309.36,295.83,22342535
5659,711652.255575419,5710260.12078102,0,328.91,314.35,6862293
5659,712361.871354343,5710240.99095145,0,298.86,298.51,23664646
5659,713297.059166477,5712730.74327726,0,357.05,314.64,11295572
5659,706150.088531009,5708067.64765154,0,374.17,341.17,15429952
5659,711976.976865526,5711905.68899962,0,347.05,316.63,13450078
5659,712295.460495804,5711569.7570612,0,274.52,336.76,10357818
5659,709814.949073425,5710074.61769539,0,243.5,278.29,9880914
5661,703980.196560936,5712783.97338418,1,254.87,206.88,285721
5661,703801.312349255,5712727.55325755,1,247.56,298.11,441055
5661,703540.610798716,5712891.6779048,1,226.82,244.05,503023
5661,703838.903438176,5712613.12438132,1,240.82,284.44,763892
5661,703858.174259536,5712722.76904352,1,311.91,333.29,1014441
5661,703832.031293198,5712002.79888195,1,209.43,258.09,1693708
5661,703867.965176671,5712693.87849702,1,201.99,254.39,1694718
5661,703455.986484603,5712951.73443953,1,148.78,162.14,2670899
5661,703059.921767938,5712724.32556283,1,201.95,251.87,3965222
5661,703181.705869415,5712871.57674932,1,238.76,253.54,4618486
5661,703827.608491394,5712624.83485357,1,245.65,278.18,4883418
5661,703254.467633992,5712663.88428643,1,282.99,324.09,5144559
5661,703894.257104142,5712715.04712694,1,268.93,325.84,6314725
5661,703275.890016316,5712812.44634109,1,251.61,221.66,7383240
5661,703706.426901893,5712305.02673238,1,220.9,218.71,7529906
5661,703273.264107699,5712628.93190266,1,232.85,241.41,8130586
5661,703947.247406077,5712818.82148222,1,252.29,322.43,8437885
5661,703858.246580897,5712767.93701093,1,230.86,329.24,8468074
5661,704165.474151865,5712833.94310734,1,280.31,264.38,8733689
5661,702835.273262259,5712753.46647805,1,262.6,262.04,9714977
5661,702915.667148602,5712684.36888199,1,277.99,301.27,11276909
5661,703866.008979724,5712812.40608147,1,209.13,298.68,11694545
5661,703643.200263995,5712654.17352155,1,243.63,284.99,11763758
5661,703756.266218269,5712799.99368949,1,234.71,237.24,11809071
5661,704244.553020449,5712730.64118062,1,308.31,364.9,11871567
5661,703623.398295528,5712924.1191375,1,231.49,196.54,12523727
5661,703448.478912288,5712591.34080971,1,262.23,285.89,12629229
5661,703260.254723339,5713069.28108135,1,231.01,271.9,14880775
5661,703210.45878567,5712865.363327,1,369.65,335.66,15220834
5661,703437.674199262,5712914.30147758,1,234.34,240.74,15331201
5661,703092.913772079,5712660.54074267,1,252.31,282.29,15780459
5661,703125.010370431,5713016.39267752,1,230,234.89,15801678
5661,703392.877661192,5712905.49180617,1,251.59,273.15,16040617
5661,704158.1662395,5712813.91554062,1,241.9,315.23,16235995
5661,703442.499439028,5712945.19344947,1,295.93,298.54,16401866
5661,703247.23818968,5712848.55096748,1,205.16,158.73,16557415
5661,703201.87058071,5712627.88695281,1,259.52,244.41,16647296
5661,703402.244591044,5712712.3475206,1,296,270.41,16679411
5661,703942.557211134,5712344.84685945,1,337.06,305.55,17109674
5661,703185.709770488,5713123.88853284,1,311.91,264.18,17290369
5661,703424.240186732,5712732.94104405,1,301.19,349.15,18838934
5661,703115.809805719,5712997.28774367,1,304.99,250.85,18855366
5661,703929.770373751,5712348.8060662,1,322.77,296.35,18913914
5661,703619.69490939,5712934.43345299,1,285.04,340.9,19136899
5661,703150.940899727,5712965.7038968,1,313.48,345.74,19558078
5661,702965.832631597,5712904.54632,1,309.14,231.32,19901170
5661,703654.590194071,5712884.1188018,1,225.1,238.46,21726361
5661,704065.360596275,5712002.76861087,1,325.67,290.23,22219683
5661,703488.720178646,5712585.43797338,1,270.68,275.48,23507862
5661,702961.799856128,5712785.94707847,1,327.06,351,23922231
5661,703110.494464431,5712732.27666511,1,244.43,298.24,23973210
5661,703081.306363516,5713069.32160947,1,272.24,280.24,24078339
5661,703095.051366996,5712740.54908999,1,290.73,258.31,24615479
5661,703186.122950088,5713120.71061296,1,285.95,359.85,24875201
5661,703846.231843711,5712857.0372137,0,241.63,280.26,16355771
5661,703117.860511702,5712752.47456378,0,266.39,257.33,5075269
5661,703292.451049057,5712824.03332731,0,287.59,273.06,20604569
5661,703756.900577765,5712795.19971129,0,285.6,273.8,534513
5661,703262.00941294,5712843.47500217,0,288.03,362.13,16966388
5661,703569.242593681,5712627.26193322,0,207.83,219.29,3649009
5661,703851.857228625,5712699.57180349,0,158.54,211.99,15898480
5661,703544.056952096,5712637.67571111,0,146.12,173.17,10209858
5661,704043.785770801,5712195.59269896,0,173.18,182.63,2514456
5661,703618.5292222,5712747.4806903,0,215.14,307.79,16561706
5661,703164.539407984,5712967.10830651,0,270.07,275.71,24247200
5661,703940.881413041,5712820.59601487,0,291.82,370.17,21205569
5661,710779.999370513,5710398.05564853,0,283.73,252.42,19423282
5661,714083.146984704,5713671.36007953,0,228.19,320.31,13924668
5661,703287.879544136,5712279.75680149,0,215.28,203.35,13409520
5661,703353.337679479,5712612.7148257,0,171.69,239.41,14983870
5661,703762.804673701,5712688.71325995,0,269.33,309.78,16187347
5661,707345.605176817,5707567.13565236,0,293.52,331.48,19334376
5661,706713.513206002,5707543.46614253,0,244.6,250.01,22982178
5664,711949.387026431,5711967.81901658,1,202.35,236.44,1049
5664,710764.710617325,5710981.55819652,1,288.27,366.41,274069
5664,710356.856592856,5710422.98735249,1,205.48,270.5,585426
5664,711420.047228147,5711389.6660571,1,232.68,306.57,1502819
5664,711835.798875044,5711307.72320081,1,211.98,295.25,2451400
5664,712055.035618057,5711234.93330904,1,285.94,280.97,2562151
5664,710368.514859813,5709793.47196708,1,281.95,324.41,3395420
5664,712753.292931509,5712706.62548355,1,321.1,336.59,3681515
5664,710624.989623764,5710259.77171294,1,316.44,289.11,4246349
5664,709201.50603234,5709912.79920817,1,208.49,298.67,4620031
5664,713261.885372675,5713186.07920812,1,316.16,304.58,5380032
5664,712066.876738283,5712066.56099271,1,301.41,320.37,6379793
5664,711919.501044658,5710970.43575736,1,284.58,279.22,6443803
5664,710469.775663217,5710786.50079065,1,270.07,292.59,7289482
5664,712555.701658902,5711979.93989104,1,255.22,244.32,7711211
5664,713296.723312432,5713244.60717564,1,320.78,279.6,7961490
5664,710219.794459113,5710019.68089329,1,237.32,253.58,8547083
5664,712100.88824031,5711295.65434162,1,256.74,298.76,9041256
5664,711886.728630196,5711215.95808984,1,147.62,267.63,9941012
5664,711150.03742917,5711123.27508221,1,317,311.42,11107856
5664,712905.708611152,5712957.36917996,1,271.72,315.04,12371328
5664,714302.493188985,5713953.08441905,1,299,330.32,12903565
5664,710691.37748821,5710744.2064125,1,274.67,312.73,13464082
5664,711959.810479629,5711116.43541361,1,238.23,294.94,14429296
5664,711761.489567312,5711800.92504608,1,286.47,253.77,14605222
5664,711957.702185537,5711468.98130001,1,294.48,271.76,16350364
5664,712037.177535259,5712121.89469923,1,257.35,222.81,17736116
5664,710218.219688723,5709813.38337181,1,270.44,282.79,18617336
5664,713759.413462795,5713618.90845119,1,273,337.53,18887569
5664,712355.907440758,5712144.05149007,1,353.41,312.07,19173028
5664,711371.299291755,5710699.62805962,1,298.26,327.18,19191922
5664,714350.317215499,5713929.23510738,1,335.84,367.65,19849791
5664,708888.371882246,5710032.36232604,1,280.03,304.49,20628821
5664,710762.656350432,5711107.43092053,1,321.66,352.65,21082774
5664,711443.087530341,5710593.17732518,1,292.78,283.28,21150510
5664,712479.917008287,5711852.49586847,1,297.66,264.63,23157041
5664,713312.057038886,5713240.5967374,1,216.19,278.65,23157850
5664,709969.089149224,5710254.16647471,1,280.55,231.15,23949846
5664,711959.256853965,5711810.10729336,1,306.39,240.87,23989217
5664,710163.921581086,5710032.56697678,1,260.38,331.59,23993848
5664,712012.431323035,5711373.15800224,1,192.59,132.13,24052824
5664,705519.061111157,5710693.65520833,0,289.57,315.03,15775059
5664,705295.981295037,5710316.1424111,0,274.65,253.22,20405629
5664,706126.773680411,5710427.23777628,0,318.31,345.09,19138106
5668,704209.1316451,5707226.16897137,1,263.13,318,1921112
5668,704625.667159316,5707282.17584043,1,217.39,304.28,2573301
5668,703921.478515515,5707101.80911847,1,283.81,252.78,3620667
5668,705136.913145414,5708126.48873898,1,302.22,322.94,4047951
5668,703741.56050546,5707876.16507588,1,225.33,250.91,4161815
5668,704265.937835077,5707226.77484618,1,254.34,199.49,6416114
5668,704257.500743743,5707048.15253576,1,271.42,251.76,6718948
5668,704502.332023505,5707585.8908996,1,293.22,269.14,8164972
5668,703933.115774627,5707209.0953518,1,212.02,269.06,9667463
5668,705118.929296377,5708260.27682717,1,210.1,231.1,9927667
5668,704171.974528666,5707604.19484351,1,305.46,301.62,10464036
5668,703475.676838261,5707787.68320953,1,253.75,227.07,10531820
5668,703993.297890173,5707063.54934025,1,247.73,240.96,10756572
5668,704228.765265931,5707612.99668098,1,236.33,244.22,10821807
5668,704415.247613991,5707589.7802628,1,258.59,295.05,11508420
5668,703442.06684197,5707737.22741149,1,303.22,275.97,12532978
5668,704323.254752198,5707953.55089459,1,251.71,263.38,13188778
5668,704461.672328544,5708031.3479449,1,219.97,210.87,13936625
5668,704235.251439986,5707792.32977564,1,236.1,238.57,15344635
5668,705338.311698458,5708379.01847914,1,217.38,254.68,16379719
5668,705025.393280853,5707656.88202437,1,299.68,314,17046016
5668,704314.246027529,5707129.20050903,1,310.93,314.68,18587729
5668,704252.041474472,5707155.22385259,1,265.67,245.66,18653549
5668,703861.751536392,5707152.27779222,1,319.65,275.17,18657854
5668,704619.965371761,5707713.86145993,1,266.6,271.89,24467042
5668,705087.759851279,5707700.55482335,0,252.83,204.78,15366720
5668,703582.454080741,5707857.01122628,0,274.5,321.1,10156087
5669,710403.800654291,5710279.14036787,1,234.21,327.05,287948
5669,712304.016895127,5711995.06458187,1,241.52,325.29,2165196
5669,710594.794079619,5709974.6029744,1,336.6,275.03,3460549
5669,710700.502826966,5710710.78395199,1,251.09,259.23,4013304
5669,714370.999101587,5713948.42199455,1,281.6,367.65,5864250
5669,710620.702461787,5710065.81265483,1,223.57,293.81,8364826
5669,710057.793489075,5709860.75150066,1,335.63,344.44,8767746
5669,712099.197262541,5712060.83069865,1,372.35,322.09,8918462
5669,714088.487050919,5713659.48995993,1,253.07,260.94,8956132
5669,712687.927634044,5712432.81135686,1,328.76,358.45,9494652
5669,712227.682712279,5711690.02073899,1,295.71,332.47,9953717
5669,712435.272709426,5712066.57276509,1,204.54,253.31,10389396
5669,711429.026790561,5710811.04522455,1,297.03,313.87,11806264
5669,711538.208686516,5711285.70133057,1,314.95,299.57,12690096
5669,710749.481706499,5710997.27304342,1,260.01,333.39,13124660
5669,712798.712043516,5712671.48509949,1,340.03,337.17,13518191
5669,712144.256559014,5711436.8025911,1,288.05,306.3,15996554
5669,710221.799166965,5710127.83315244,1,275.78,272.75,16162997
5669,712180.610607337,5711911.96525992,1,254.66,340.88,16398412
5669,712130.563385035,5711716.17040347,1,251.72,252.7,16495784
5669,710935.126553663,5710628.11518063,1,228.53,285.18,17604214
5669,712912.93182387,5712957.16936932,1,279.38,287.14,18506000
5669,712815.052504339,5712544.96604963,1,283.81,327.4,19072245
5669,711198.50867035,5711027.7826842,1,347.13,355.19,19426062
5669,712635.128068812,5712202.61821858,1,333.91,367.65,20531959
5669,712148.033004585,5711812.99138427,1,290.81,319.76,21569224
5669,710105.182386653,5710115.3882833,0,246.58,308.12,16910337
5669,712171.076967934,5711761.40975439,0,301.67,297.26,7020142
5669,711350.471675666,5711216.12203617,0,237.62,293.33,10242734
5669,704287.396643776,5712025.37982805,0,215.24,264.22,7321228
5669,706403.260074099,5712470.18734929,0,256.05,347.97,6116155
5669,707618.964057521,5710979.82526122,0,286.36,292.65,12488959
5669,706694.985318437,5711953.90910191,0,308.8,284.33,7537584
5669,704642.161281924,5713000.08421225,0,319.27,298.57,23991844
5669,706966.633132721,5711421.59672202,0,227,288.22,8665023
5670,706762.241322901,5710012.76619034,1,238.28,250.7,263421
5670,707391.033553907,5709026.60827298,1,262.78,292.85,1028872
5670,706493.799516025,5709815.34232925,1,287.99,338.82,1186289
5670,708459.195751674,5709138.65449613,1,248.24,315.2,3055369
5670,709736.912259605,5709199.93120119,1,282.08,277.38,3630702
5670,709217.59754135,5709760.03245324,1,240.47,227.67,3687783
5670,707810.436058569,5710400.14367538,1,310.53,353.01,4291322
5670,707410.089583296,5709266.74643098,1,269.95,280.08,4449050
5670,709832.028276691,5709142.73259071,1,263.9,306.58,5990348
5670,705948.496657395,5708899.02824105,1,291.19,297.43,6483531
5670,706599.944057201,5710673.45350588,1,240.4,282.75,6747082
5670,706151.244792751,5708944.85062145,1,328.6,321.68,6984371
5670,709324.604993091,5709361.59003363,1,301.83,317.43,7639134
5670,706243.036888517,5709248.84506838,1,254.71,285.3,8431992
5670,709876.777639741,5709542.06093902,1,223.1,270.95,11245994
5670,706341.596758998,5709834.71085438,1,237.81,269.76,11324415
5670,707326.898837509,5709229.77495911,1,261.69,268.46,11695388
5670,706280.690163468,5709568.34347769,1,258.53,202.12,13009954
5670,707578.643102674,5710678.41724775,1,275.03,310.59,13274624
5670,706346.329807895,5710104.02013474,1,228.82,232.78,13602403
5670,707603.375595917,5710720.19008208,1,222.12,257.42,14243615
5670,707003.804803688,5710556.78977309,1,202.82,235.59,14547687
5670,706863.231173867,5710444.95273797,1,231.38,219.32,15249969
5670,706897.602379111,5710537.63533512,1,205.72,244.02,17137626
5670,709612.120396737,5709761.82803535,1,252.35,302.96,17321047
5670,708915.614256219,5709774.44383242,1,268.03,342.16,17513840
5670,706542.748892204,5710554.35331169,1,275.13,256.32,17823713
5670,709641.99596372,5709540.82934552,1,247.14,130.37,18605953
5670,705864.063192006,5708712.04489858,1,188.38,233.44,18891289
5670,707089.742630816,5709642.20254704,1,284.83,337.69,19102676
5670,707182.275412476,5710439.10171757,1,288.34,313.97,19782482
5670,705896.649158763,5708876.22839395,1,297.99,275.98,20087659
5670,706012.576633498,5709281.1311485,1,274.77,321.33,20301134
5670,708341.812968019,5710204.42828005,1,228.62,161.58,20655695
5670,707095.492594786,5709357.22784504,1,182.97,258.25,21924911
5670,707317.178610286,5710836.94897275,1,276.62,298.05,22289208
5670,706455.874303864,5709349.20105336,1,208.23,263.6,23637813
5670,707172.643912062,5709334.1565488,1,178.73,233.02,24560045
5670,707303.47161989,5711002.8033398,0,313.91,319.57,24802253
5670,706664.295072577,5709584.25468043,0,288.45,307.94,14709145
5670,706964.187858963,5710435.63554068,0,202.2,266.45,3324383
5670,707380.230065143,5708978.09017072,0,262.37,182.91,7395921
5670,707454.494089229,5709166.95116392,0,241.59,266.37,9496848
5670,712329.293346771,5711839.49106659,0,253.82,286.34,3271581
5670,711268.273458653,5710799.10731804,0,248.26,291.03,16432376
5670,709311.220326082,5709901.53203622,0,226.3,180.47,15283583
5670,711963.352855933,5711892.65276221,0,205.22,172.86,15622076
5670,712075.206024004,5712158.56760436,0,231.75,290.83,2173257
5670,711045.608173097,5710816.62615705,0,253.74,282.11,4518199
5670,710748.570206935,5710635.53458786,0,242.37,211.72,10189445
5670,714209.187679608,5713802.30690598,0,314.06,337.59,10066200
5670,704818.621121227,5710285.7464969,0,306.86,368.75,21883137
5670,704840.561799423,5710429.56417487,0,241.49,219.18,24968348
5670,704711.336592433,5710182.98983124,0,249.51,307.1,11116188
5670,704922.352503085,5710218.7834596,0,209.77,216.45,3933055
5675,706180.67270347,5708034.08902577,1,165.06,269.6,1046838
5675,705910.10836539,5707790.11267281,1,306.35,363.45,1053853
5675,705333.95799619,5707789.79784608,1,235.47,241.16,14710083
5675,706445.847699895,5708276.05696778,1,259.92,329.95,16638643
5675,706695.77443104,5708254.25422012,1,262.99,345.98,16870092
5675,705742.637860391,5707815.0998793,1,200.66,267.1,22532731
5675,706945.514828485,5708303.2662649,1,207.08,304.72,24038552
5680,706301.101813441,5710277.17416053,1,286.93,366.53,61009
5680,706851.439567676,5709569.39076866,1,245.36,314.89,474488
5680,709804.873730135,5709444.69044479,1,277.1,322.1,1163549
5680,707576.838598271,5710312.83731096,1,328.59,296.18,1186678
5680,708428.235248188,5709046.2902507,1,257.29,302.61,2198460
5680,707749.138503728,5710361.96524647,1,271.87,281.06,2415922
5680,706808.333066133,5710670.71614159,1,267.57,245.97,3864073
5680,707767.19314896,5710492.53897463,1,211.65,201.13,5258816
5680,709788.775744125,5709742.91328483,1,299.16,277.29,5658956
5680,706945.295417809,5709835.20883948,1,322.71,292.05,5980731
5680,706846.929453667,5709674.95265474,1,259.02,269.96,6102682
5680,709395.568658379,5709095.99136836,1,239.86,210.98,6182547
5680,706673.51924932,5709968.92340208,1,316.26,279.81,6673632
5680,709513.653883388,5709265.44788272,1,303.44,302.96,7647294
5680,706699.803361751,5709747.40157161,1,283.14,293.49,8546001
5680,706987.544052659,5710798.85161801,1,248.6,227.92,9572839
5680,706721.197926827,5708836.95630816,1,284.34,321.15,9650837
5680,707290.828317581,5709856.85029128,1,245.35,210.44,10348985
5680,708976.028265032,5709613.03560311,1,267.38,273,11105280
5680,706568.283408199,5710026.34265927,1,252.02,293.34,11246685
5680,707488.940295667,5709429.59444868,1,290.12,335.11,11376021
5680,706418.557788889,5709669.18898665,1,243.22,211.25,11474096
5680,706742.664186092,5708867.98095767,1,305.04,327.62,11766842
5680,706704.29061126,5710055.65283548,1,324.03,332.11,12139928
5680,706888.459016822,5710224.05187468,1,231.22,246.25,12143306
5680,709265.464854825,5709260.0797259,1,358.29,339.69,12224992
5680,706248.265633002,5708918.66196482,1,274.83,249.95,13022885
5680,709040.767577729,5709901.4160753,1,223.96,279.47,13213191
5680,706340.738899795,5710371.01712517,1,233.25,212.23,13343967
5680,707826.700211722,5709224.25376906,1,239.97,270.29,13609651
5680,708987.990525841,5709686.0902344,1,279.21,305.43,13960107
5680,706292.53434507,5710112.21236191,1,268.27,259.93,14239256
5680,708733.681970261,5709228.94203132,1,337.61,311.7,15854388
5680,707424.695297901,5709094.39151659,1,309.8,345.74,15885765
5680,708990.545188529,5709685.2223376,1,248.52,302.58,16078315
5680,707214.553437317,5709025.62470681,1,242.75,280.07,16156490
5680,706332.463588279,5710000.45951568,1,216.27,273.97,16519879
5680,706551.875018066,5709938.62345848,1,303.51,266.23,17016121
5680,705941.406879253,5709296.77605793,1,267.29,167.79,18995247
5680,706370.189663396,5708851.10166447,1,245.06,296.3,21232093
5680,708705.012571752,5709425.30908275,1,276.32,325.53,22758016
5680,709077.362142843,5709306.93504621,1,176.19,281.13,22856102
5680,706621.630006038,5709761.19303707,1,287.28,293.28,22890606
5680,706422.247437133,5708698.68071612,1,261.64,321.74,23002277
5680,708206.036751507,5710311.14081741,1,214.18,232.94,23879860
5680,709160.421721921,5709157.90507032,1,264.94,259.06,23960495
5680,706355.08982312,5709234.0191537,1,267.85,297.82,23991798
5680,706697.419121119,5709634.20032351,1,294.58,321.28,24208516
5680,709346.196829214,5709557.43921025,1,258.74,242.73,24593060
5680,706856.408498208,5709709.24200667,1,288.72,290.21,24977800
5680,712451.108904269,5712081.46512674,0,209.46,291.88,6072360
5680,709451.123828857,5710075.4425678,0,297.27,332.77,8294615
5680,708454.035298562,5708905.8280631,0,279.03,338.94,24080820
5680,707864.286549798,5708461.93093083,0,306.27,301.12,7031627
5680,707966.993815175,5708182.43284883,0,342.9,319.02,20059352
5680,704581.650463684,5709941.74321718,0,307.78,306.7,15943297
5680,704469.483442461,5710287.09472925,0,244.74,227.59,19500256
5680,707994.429764524,5708186.6907312,0,264.22,308.18,17199887
5680,708057.621785184,5708795.20536875,0,275.82,299.7,1952377
5680,707904.464692238,5708325.48753413,0,297.91,280.46,18177980
5680,708568.311671654,5708639.92888947,0,303.89,311.7,19875930
5680,708065.511876806,5708747.71922179,0,225.18,231,12954446
5680,708002.413824928,5708266.07546527,0,253.61,199.76,5165652
5680,707924.326757895,5708161.85043165,0,326.95,334.8,2184020
5680,707911.862658226,5708808.90367899,0,328.64,367.65,4035587
5680,707883.570414076,5708219.01882597,0,291.91,313.42,5197123
5680,708072.479023977,5708287.2988018,0,306.53,353.62,13282928
5682,706429.313592526,5708843.78954539,1,172.23,231.45,281177
5682,709712.911349131,5709518.61383812,1,242.86,270.72,1565906
5682,706886.494912631,5710432.02658526,1,294.74,349.77,1812587
5682,708228.620513779,5709184.182819,1,291.29,333.02,2146338
5682,709321.580497168,5709728.69758435,1,323.12,330.59,5065921
5682,706325.411048807,5709996.89189929,1,234.32,296.04,5584238
5682,708217.682906402,5709138.28678921,1,191.07,259.22,5831278
5682,706675.21256875,5710067.57787301,1,272.78,242.83,5969094
5682,706445.974166966,5709721.57935823,1,238.64,311.61,6227920
5682,706611.044766023,5709692.51857396,1,303.46,283.98,6403252
5682,707009.639668145,5709645.06966939,1,267.98,227.25,8286972
5682,706932.44376909,5710728.51326229,1,269.85,294.11,8532558
5682,710070.358599463,5709663.95108728,1,316.45,312.67,9373952
5682,706367.736938557,5710396.86164774,1,241.4,289.44,9782425
5682,705983.55879198,5708689.49107413,1,272.28,349.77,10502392
5682,709522.594483142,5708864.44866594,1,272.87,252.04,10921050
5682,709269.987145661,5709254.19537171,1,258.07,266.92,11080097
5682,708526.698106556,5708981.59314567,1,302.06,323.47,11427976
5682,708500.537773052,5709992.17663229,1,275.55,298.68,11909764
5682,708730.045040298,5709424.44112337,1,300.66,305.11,12448005
5682,706396.376885017,5709139.74023329,1,239.05,316.29,12950839
5682,709053.987507344,5709062.00424301,1,269.39,261.98,14066045
5682,709681.254743561,5709698.70144108,1,215.04,264.98,15169915
5682,707250.813575489,5708934.28923303,1,291.36,361.47,15916440
5682,705840.608101655,5708942.87451651,1,219.45,292.17,16304907
5682,706060.384584859,5709634.16403628,1,304.56,306.7,16771258
5682,706192.171063776,5709217.06437565,1,215.87,189.2,17854598
5682,707804.379495925,5709352.04090727,1,208.61,270.29,18304802
5682,706673.170053562,5708783.64439663,1,257.05,300.21,19909119
5682,706366.721652845,5709702.02340776,1,328.01,287.88,20744230
5682,706141.24380689,5708853.41299007,1,259.25,319.97,20982252
5682,706115.858103635,5709402.09309064,1,225.62,184.28,23146978
5682,706144.465482543,5708731.50041936,0,204.89,213.45,18630169
5682,712922.994491021,5713643.91239298,0,289.38,337.96,1500387
5682,704857.713716262,5710737.23543841,0,243.68,256.64,6199404
5684,713299.654345315,5712567.29335599,1,285.96,243.33,2799261
5684,710161.639895493,5709029.20189889,1,280.25,269.43,7284133
5684,711513.190737518,5709559.00191823,1,227.09,296.55,10261607
5684,712511.904036076,5711080.77990174,1,238.29,202.63,18603105
5684,711697.798554656,5710572.25198038,1,304.33,265.49,20260532
5684,712742.848768173,5711400.72147572,1,215.4,198.47,21028808
5686,706655.064648217,5709899.38502217,1,162.49,253.84,4733695
5686,710215.474563608,5709552.19050067,1,227.42,236.48,8820964
5686,707168.393961477,5710604.18737774,1,246.29,291.75,10459220
5686,709063.282054245,5709873.33044007,1,205.72,293.89,11961187
5686,705527.137342726,5708634.56320893,1,194.04,178.87,14798051
5686,707546.29002241,5710662.92951937,1,305.39,336.98,14911603
5686,708363.996814298,5710103.08386887,1,238.36,245.88,15333053
5686,707013.384714148,5709698.95622655,1,228.9,276.33,15518420
5686,708735.553135859,5708974.08441418,1,239.32,262.05,17122694
5686,706952.416943176,5709445.86936156,0,218.34,258.62,17501389
5690,708503.430589357,5710685.95785164,1,153.38,224.49,527201
5690,708411.040885202,5710803.74884816,1,138.71,196.13,702861
5690,708430.818298198,5710758.60331118,1,160.92,161.98,4313991
5690,708289.765002009,5710697.48172437,1,214.59,206.96,4690434
5690,708272.733651428,5710485.63351217,1,209.53,160.28,6594330
5690,708403.65235297,5711025.98790169,1,199.05,241.69,7677910
5690,708554.869890319,5710268.14809615,1,176.19,191.4,8334200
5690,708408.039764353,5710411.32841137,1,276.06,288.76,10300356
5690,708488.97864067,5710953.68060586,1,189.93,211.25,11079147
5690,708885.808022421,5710483.43674346,1,188.33,225.61,12484046
5690,708046.857643752,5710493.29710903,1,217.84,259.68,12881028
5690,708472.259088612,5710844.3158719,1,140.43,176.17,15391734
5690,708547.375513467,5710727.05132821,1,148.76,221.77,17783769
5690,708444.25498472,5710817.76683506,1,227.5,227.29,19262632
5690,708441.683230431,5710802.68849776,1,185.66,220.1,19977802
5690,708503.829304841,5710756.21612621,1,216.42,191.47,20036231
5690,708438.134847193,5710889.48194584,1,243.95,235.54,22785623
5690,707831.214076845,5710673.33304826,1,182.71,175.23,23690634
5693,711510.042801077,5710079.80170545,1,169.6,226.21,2071252
5693,712383.341324886,5710513.13317826,1,212.8,224.45,2460432
5693,710590.145923431,5709410.59836914,1,236.11,210.33,4804942
5693,711882.269550796,5710491.0475244,1,188.45,186.15,14551150
5693,713016.627649321,5712261.23255157,0,242.02,314.13,3821705
5694,712010.604679595,5710897.88474505,1,172.26,272.98,15313355
5694,712255.777801952,5710173.67349513,1,267.71,296.98,17104046
5697,707210.109358773,5711233.01692932,1,252.79,217.04,214251
5697,705665.80882277,5712578.59693467,1,282.38,266.8,500406
5697,704562.563412302,5712996.57332217,1,310.69,342.58,616704
5697,706616.440148001,5711300.25458421,1,224.12,237.97,1377316
5697,706801.123961082,5712560.19262632,1,302.13,361.47,2024429
5697,707138.373329157,5711323.23328691,1,222.46,230.74,3659456
5697,708030.097366012,5710771.47286473,1,263.75,291.11,5070416
5697,707278.485907296,5711848.14969598,1,191.35,178.66,5794663
5697,707097.71722416,5711921.92578209,1,172.53,239.33,6642626
5697,706988.324177089,5712158.81068156,1,227.97,273.05,6728008
5697,706520.991313846,5711785.85723657,1,272.51,201.56,7847779
5697,706142.676080663,5712729.0974764,1,227.95,263.64,10556428
5697,706409.942982228,5712262.15754173,1,196.49,223.43,10924318
5697,706254.842053205,5710997.40272133,1,151.97,143.27,11171775
5697,704205.629529634,5712612.5487478,1,268.64,335.94,12117705
5697,706675.455744117,5712948.53569746,1,202.17,233.75,12937759
5697,706335.103159686,5712493.62885815,1,214.23,306.09,12970591
5697,706805.545148546,5711165.0970005,1,295.12,260.61,14027218
5697,707492.139560749,5712001.17636245,1,255.31,358.45,14334449
5697,704621.952179291,5712914.40149931,1,270.43,266.8,14598359
5697,706386.307587325,5711179.67193186,1,260.83,234.29,15527738
5697,706627.610957436,5712640.98489593,1,265.6,352.32,15838703
5697,706338.298058909,5712372.52277823,1,216.87,310.16,16596103
5697,707755.756065265,5711188.2290651,1,273.18,314.5,16609253
5697,707219.987829753,5711951.01143747,1,233.72,282.58,17062929
5697,704448.898611028,5712856.26851903,1,205.31,256.79,18073033
5697,708010.589280826,5710860.81659887,1,230.13,203.38,20073531
5697,705785.611322493,5712728.7313111,1,269.91,325.03,20761263
5697,706533.81054757,5711841.42623807,1,272.28,309.96,21120563
5697,706407.96452316,5712325.39043937,1,205.77,210.2,21365978
5697,706830.605675089,5712486.71475914,1,202.93,236.58,21486322
5697,704195.113607545,5712503.71401239,1,226.18,226.45,22996630
5697,705393.120185345,5712050.34754929,1,241.58,221.92,23829521
5697,706138.02897122,5711635.29180708,1,247.39,311.22,24988598
5697,704537.957254701,5712385.06719922,0,228.35,290.22,7019285
5698,709844.078491391,5708457.1687399,1,279.99,291.84,814258
5698,713026.699821608,5712168.40945079,1,264.1,238.96,1478656
5698,712593.819326635,5711321.223671,1,198.72,221.67,2478812
5698,711581.232473448,5710353.47210518,1,261.81,298.45,2575648
5698,712263.877844782,5710101.15269983,1,239.01,276.03,3924788
5698,710466.32131409,5709043.31699638,1,322.77,332.4,5105895
5698,712438.744434733,5710728.05947547,1,263.77,288.23,8449994
5698,710629.386945635,5709113.18037141,1,216.36,160.14,10991803
5698,710766.186933088,5709009.19007606,1,237.88,227.49,11685594
5698,711713.922961346,5710252.86768745,1,278.81,265.79,12405985
5698,710654.155656236,5708932.09238971,1,249.95,213.41,15534035
5698,712664.385457201,5711598.81996974,1,244.29,270.39,15834916
5698,711705.275161821,5710354.53043402,1,190.16,206.65,17530694
5698,711407.036423655,5709711.74272356,1,266,300.94,20248295
5698,712708.000558608,5711299.27227639,1,242.04,254.58,20453848
5698,713048.165619848,5712253.55680291,1,284.95,314.53,22738309
5698,712695.27775848,5711217.74797819,1,327.91,293.18,23010406
5698,704018.332882541,5712807.00382334,0,134.28,244.01,17740816
5698,703716.549922148,5712136.25825965,0,218.5,305.82,23862659
5698,703933.651268754,5712338.52032245,0,288.44,349,5771500
5703,712904.959454739,5711914.12688604,1,248.92,317.04,90443
5703,710704.050508511,5709487.01015645,1,250.44,303.53,197366
5703,712333.170730969,5710182.48384734,1,289.69,253.05,1002849
5703,710877.707320718,5709349.41177787,1,240.97,229.43,2331626
5703,713311.584746146,5712457.81646184,1,260.74,308.06,2559916
5703,711424.42092884,5710249.74347551,1,208.1,256.77,3606527
5703,712312.832775409,5711022.09146864,1,206.48,255.19,4352680
5703,711959.116975366,5710912.6133201,1,293.17,310.46,4559483
5703,713297.696857395,5712771.79564044,1,372.35,317.99,5195011
5703,711298.548089547,5709580.63292287,1,275.11,341.89,6701801
5703,712762.715339439,5711400.66463111,1,268,263.56,7928354
5703,712807.171417023,5711485.4787597,1,216.35,224.82,8121764
5703,709971.964988468,5708817.57982108,1,254.43,317.12,9172924
5703,712223.14217669,5710113.26406906,1,230.65,297.15,9206220
5703,711194.507202053,5709497.24219266,1,208.18,297.89,9244186
5703,710530.224126706,5709002.60587252,1,263.23,248.52,10168346
5703,710887.531509774,5709378.37494648,1,273.76,260.92,11084810
5703,711607.581596073,5710020.03731876,1,308.94,275.29,13059055
5703,711123.915521327,5709698.54112419,1,328.47,214.55,13719853
5703,712963.503915736,5711662.9500177,1,217.4,278.71,13836013
5703,713011.015267629,5712156.79502151,1,227.53,247.82,13984192
5703,710374.415702068,5708822.92142935,1,250.43,286.39,14443859
5703,710606.805865511,5708906.56197285,1,267,283.83,14772820
5703,710830.456608276,5708988.90505439,1,189.94,236.06,15671515
5703,711762.50632176,5710464.77797079,1,269.99,228.61,18466959
5703,711237.674845428,5709470.56389317,1,273.68,281.76,19546679
5703,712717.299870889,5711234.51694211,1,237.75,300.29,19700613
5703,712496.872253336,5710848.27131494,1,296.16,254.68,22660872
5703,712384.12552258,5711210.04910891,1,335.17,364.9,23140935
5703,712042.708980527,5710862.80295311,1,282.46,250.3,23318017
5703,711333.875910404,5709481.48613932,1,284.63,289.36,24069805
5703,711395.702115867,5709523.799815,1,285.75,262.3,24218482
5703,712054.284028316,5710247.88968741,1,228.9,219.66,24676048
5706,713052.36278915,5712474.44414468,1,224.6,219.05,13889
5706,710518.223053198,5709545.95441411,1,341.46,345.19,123818
5706,712580.601241891,5711052.01118509,1,202.54,230.27,759609
5706,710807.683131079,5709173.68718709,1,335.67,316.63,955501
5706,713394.100832889,5712692.09479187,1,355.99,305.3,1693302
5706,710364.997808558,5709437.63928044,1,354.65,346.51,2964773
5706,713273.198141688,5712711.79461639,1,266.19,284.56,5883735
5706,712189.197223212,5710215.48823292,1,261.75,229.62,9345990
5706,710217.562752349,5708703.70933751,1,227.1,277.48,9647431
5706,712215.587229992,5710244.06377925,1,314.29,324.21,11180192
5706,713044.880202682,5712190.69061101,1,222.79,234.59,11853339
5706,710803.170301881,5709704.85811835,1,301.25,338.81,11932597
5706,709997.059990847,5708600.2988382,1,269.36,291.6,15276205
5706,713768.697729387,5713192.78394986,1,193.85,164.52,16283227
5706,710043.251795796,5709022.58938829,1,204.34,157.81,18398662
5706,712478.438899281,5711189.04654566,1,226.85,237.2,18674531
5706,712877.274083699,5711721.87455321,1,184.38,241.31,18810670
5706,711662.489441167,5710533.11419906,1,289.87,244.58,19184803
5706,711948.998765791,5709886.44743594,1,176.71,225.53,19598303
5706,709731.834743425,5708738.18163559,1,260.33,262.91,20529763
5706,712763.455850548,5711720.61632269,1,254.06,324.37,20697719
5706,713095.758898212,5712304.26803177,1,283.8,317.9,20938229
5706,710375.663295626,5708669.47132696,1,224.38,228.2,22292973
5706,713296.553286091,5712631.13922421,1,321.1,316.34,23037716
5706,710035.19518683,5708719.32422845,1,192.21,225.41,23348578
5706,711054.140544021,5709614.23341304,1,234.29,285.49,24690237
5706,709861.747562704,5708487.38190132,0,227.51,203.11,5299880
5706,708508.002816724,5710210.96941959,0,295.67,255.99,6131057
5706,708533.083601983,5710756.40793056,0,186.79,209.83,5614418
5709,706440.735940478,5710106.327465,1,238.69,251.62,535694
5709,706432.694735796,5708782.26011054,1,263.81,294.35,3565136
5709,706873.878450375,5710348.53729567,1,217.65,176.16,3734694
5709,707368.479062612,5709290.8659404,1,151.58,160.33,5322226
5709,708414.458178595,5709207.4504199,1,204.1,249.69,5485588
5709,706283.599803276,5709874.36147885,1,208.9,271.72,8948536
5709,706773.824218142,5710299.01823994,1,223.49,231.6,9353640
5709,707072.419601014,5710320.76412272,1,266.6,304.3,9706408
5709,706393.423433844,5708682.07665939,1,200.46,198.47,13519883
5709,707419.78543192,5709164.79564062,1,244.45,203.61,16653066
5709,709940.515009483,5709420.84393852,1,198.42,181.26,18607400
5709,708556.684535428,5709020.99186003,1,176.9,194.39,18920654
5709,706436.660936823,5709760.03630618,1,219.86,178.99,21338863
5709,706679.924193214,5710684.22277727,0,254.63,288.27,21096303
5713,706927.719610211,5710180.81603651,1,170.43,230.8,420885
5713,707685.324922942,5709769.19553814,1,221.31,236.09,2908058
5713,707453.455975843,5710353.02734019,1,194.13,188.58,6102730
5713,705723.631641611,5708605.76221479,1,208.09,178.4,6332556
5713,708986.196241181,5709253.17053687,1,236.11,285.98,8861282
5713,708024.098026199,5709334.59514991,1,261.09,212.42,8987136
5713,709809.455991971,5709084.76914368,1,262.23,254.52,9413995
5713,709264.504626543,5709104.29157363,1,249.3,258.77,10654083
5713,706878.016721415,5709697.16508667,1,211.52,198.26,11563705
5713,706750.196998674,5709722.78879272,1,326.82,298.71,14532181
5713,706651.436541245,5708883.54763367,1,147.08,275.44,15337166
5713,708820.714915638,5709336.5772413,1,261.95,313.23,15683233
5713,708692.189202292,5709934.54441176,1,305.1,339.06,17087675
5713,708958.071075325,5709410.43003333,1,239.24,312.56,17111256
5713,707520.47814693,5710187.18877196,1,276.07,270.92,17592418
5713,708164.614153077,5709842.67274044,1,257.37,304.67,19120334
5713,706340.162166175,5708762.66275264,1,276.97,335.37,19217517
5713,708908.270600836,5709859.66396933,1,298.91,314.42,19991291
5713,706216.323452109,5708653.83082922,1,307.42,335.94,20665083
5713,706317.749537977,5708713.99731302,0,289.8,313.63,14320926
5713,706506.246336705,5710431.58043106,0,302.18,330.59,3633215
5713,706213.700697491,5710064.07547578,0,253.79,301.81,22253627
5714,712453.78691654,5710416.60087886,1,217.52,241.58,581555
5714,712141.466389297,5710886.44453001,1,311,289.3,1723543
5714,711492.859762819,5709481.28401822,1,276.26,310.61,2697601
5714,710542.7130437,5709043.93373426,1,266.31,273.67,2784403
5714,711187.568358148,5709782.31558776,1,299.33,325.6,12337363
5714,713256.097787484,5712648.15560655,1,271.9,316.52,14120046
5714,712782.5727842,5711842.9934013,1,240.08,218.45,14320794
5714,712164.674498281,5710966.34142025,1,258.31,260.25,15384472
5714,712265.814806132,5710207.22894108,1,279.04,256.27,16472977
5714,712755.424766975,5711418.73137765,1,228.41,264.41,17861018
5714,711838.053221569,5710233.15427248,1,293.2,291.55,19701208
5714,712719.663356558,5711553.38119618,1,295.06,353.62,21230360
5714,712975.66652572,5712284.37206577,1,335.07,294.9,21584130
5714,712504.29769217,5711144.66558525,1,231.54,291.06,21596905
5714,710095.538013382,5708737.11094095,1,243.36,212.14,24082512
5714,712441.666821733,5710617.62846601,0,225.52,262.05,20943956
5717,706493.349391314,5713003.90671828,1,295.64,304.86,251923
5717,706333.469868402,5711586.35922674,1,355.91,364.9,2896735
5717,705598.091350791,5711624.73283906,1,324.87,340.72,3252232
5717,708269.508075278,5710718.14887596,1,310.11,294.29,3303181
5717,707114.617319715,5711230.75607,1,342.83,305.38,3957066
5717,706551.807731066,5711344.49896605,1,265.2,329.57,4219612
5717,707979.014413459,5711059.30395435,1,225.38,193.05,4707479
5717,706409.87982266,5711569.48454284,1,282.59,325.06,6043245
5717,706828.758836022,5711727.80991339,1,280.96,349.91,8072257
5717,707476.885759454,5711950.64861585,1,326.49,338.89,8296170
5717,707975.488264739,5710863.01692749,1,311.94,309.07,9401552
5717,707834.471449094,5711715.51381443,1,316.18,317.78,10098796
5717,707562.746017066,5710806.57835503,1,291.4,180.87,10273959
5717,706118.833142882,5712227.70739029,1,296.28,337.35,10299460
5717,706412.28123676,5712406.96844558,1,316.36,329.93,11115104
5717,705503.193295815,5712590.19508072,1,249.15,316.9,11896217
5717,704066.772073434,5712764.53511662,1,263.28,320.2,12822457
5717,704277.231573175,5711902.6281045,1,289.44,346.51,13169429
5717,706409.82055515,5711225.78337685,1,273.16,349.77,13291685
5717,706871.562433259,5710893.06090464,1,337.28,367.65,13738811
5717,706470.427709357,5711971.47090841,1,270.51,284,14098515
5717,706398.226118311,5712199.38525863,1,295.2,354.72,14155538
5717,706232.799983968,5712461.35439545,1,333.7,292.15,14480842
5717,706514.04825304,5712837.08578589,1,187.01,208.17,14981063
5717,707348.915949116,5711854.2450595,1,202.65,259.2,15510187
5717,707477.737665401,5711951.75258081,1,329.01,351.78,15965944
5717,707417.226664618,5712024.69043794,1,273.1,367.06,16182841
5717,707355.791390402,5711135.24685191,1,289.6,290.74,16336358
5717,707886.712227172,5711232.55933653,1,251.09,317.85,16662830
5717,705913.819413366,5712780.66130561,1,279.45,264.27,17116696
5717,707064.987459136,5711364.68451287,1,300.01,315.67,17462267
5717,704563.245598707,5712835.42086578,1,279.69,234.85,18744850
5717,707665.176459887,5711103.93903228,1,235.27,257.75,18838841
5717,704412.887328973,5712823.20458898,1,290.66,298.02,19140194
5717,707455.619144009,5711832.6340045,1,318.97,353.62,20616884
5717,707469.770733647,5711950.11106039,1,259.55,292.34,20649307
5717,707034.943895062,5711940.41579865,1,319.59,362.13,21935015
5717,707591.387383727,5710781.14970832,1,295.1,260.8,21946113
5717,706330.081115882,5711756.18640807,1,311.92,367.65,21996301
5717,705459.798386625,5712736.50750973,1,354.08,317.46,23927441
5717,707048.706545418,5711653.20831389,1,290.38,348.15,23984520
5717,715013.535860229,5714203.41569664,0,272.15,303.73,7885207
5717,712824.369968383,5713693.4443437,0,224.49,374.08,16588703
5726,709906.51743364,5708703.16807971,1,276.55,195.08,2350162
5726,712355.377860463,5711145.00023692,1,247.36,330.8,2528463
5726,712874.021883636,5711736.10707412,1,262.34,332.48,2546893
5726,710451.079429197,5708718.57912167,1,208.45,208.06,2631814
5726,711675.842495452,5710362.56624966,1,347.54,354.72,3857881
5726,712249.740204611,5710136.53493353,1,360.26,356.44,3972771
5726,710562.994278651,5709345.99068865,1,201.7,284.18,4682079
5726,712178.274653811,5710594.90102977,1,219.41,252,5608798
5726,711662.976787038,5710153.15505388,1,180.41,159.2,5715126
5726,712054.011124893,5710671.80568603,1,201.89,220.04,5888893
5726,713796.180710706,5713014.02639128,1,207.51,288.7,6023180
5726,710159.856566196,5708793.61614371,1,233.92,232.38,7469311
5726,711687.665383143,5709906.66340403,1,240.17,295.46,8414529
5726,710792.470771952,5708930.47847229,1,314.96,333.74,10070475
5726,711543.951311296,5710035.74963707,1,249.68,315.29,10335312
5726,711545.382654597,5710125.42768793,1,298.63,330.33,10573180
5726,710657.536562428,5709066.68008786,1,239.08,265.38,12421643
5726,711259.205059421,5709598.01476102,1,290.15,281.78,12768483
5726,713325.400385349,5712853.82429261,1,224.8,339.6,13226626
5726,710856.942797053,5709059.99028104,1,239.42,310.24,14163455
5726,712598.743367793,5711430.73206904,1,221.32,244.26,16469822
5726,711143.665353135,5709871.3554969,1,256.47,302.87,16990816
5726,711918.677704572,5710376.12450283,1,223.03,313.25,17944893
5726,710624.928870981,5708697.40377015,1,241.28,243.38,18261881
5726,713766.323127135,5713044.97297633,1,215.67,261.74,18451659
5726,710943.161583622,5709661.46171732,1,237.14,226.52,19115937
5726,712828.036096052,5711526.57662848,1,270.25,281.45,20262627
5726,711869.951780976,5710697.19088812,1,242.11,257.78,21700245
5726,712805.964076182,5711483.8661362,1,236.26,280.07,22270155
5726,710331.989482804,5708574.18296314,1,277.05,307.12,22776351
5726,712430.109085351,5710821.8696284,1,254.45,229.05,23008016
5726,713787.976281487,5713207.37828572,1,221.44,277.7,23063346
5726,710465.677839839,5709011.14943702,1,271.05,306.04,23114741
5726,710731.690491832,5708852.95831954,1,282.62,282.77,23166101
5746,707143.747511337,5711328.04343553,1,259.56,261.7,716444
5746,704765.991716551,5712535.06596509,1,251.51,262.53,3572751
5746,704156.436630066,5712463.23540184,1,165.12,255.02,3769493
5746,707688.219278539,5711218.78609822,1,187.45,187.25,4856611
5746,705744.850360966,5712096.82515738,1,204.82,242.45,4936059
5746,706641.294464791,5711092.56262081,1,209.7,301.16,5704256
5746,706734.481576712,5711247.91194861,1,220.17,250.65,7134826
5746,706362.146774722,5712615.68037419,1,188.21,196.62,8038196
5746,708093.262412935,5710707.60804056,1,188.33,315.71,8663543
5746,707063.220508094,5711803.71275081,1,236.87,238.04,9995638
5746,706249.325931755,5711787.57187147,1,205.34,234.1,10274416
5746,707393.656046311,5711656.54373626,1,219.93,225.34,12000682
5746,707635.292689547,5711736.7021788,1,243.33,195.47,13413653
5746,707864.472008653,5711325.8154892,1,141.66,314.35,14159822
5746,704362.666064728,5712452.84296875,1,135.98,155.25,14215881
5746,705469.818999448,5712726.07356668,1,192.23,291.94,14237766
5746,706599.906895924,5712857.71249835,1,176.01,261.18,14249490
5746,707228.311200269,5711405.94759101,1,224.02,289.16,15138278
5746,704442.230814453,5712385.35276679,1,235.12,290.64,17128838
5746,706482.478049152,5710912.56085277,1,237.66,300.68,17896903
5746,706479.384985849,5712937.23014862,1,262.41,367.65,18361633
5746,706615.316032263,5710971.64693942,1,258.41,241.75,18428122
5746,707521.627823842,5710959.69876713,1,158.57,280.24,20601217
5746,707479.444217034,5711070.25971959,1,182.31,232.24,21417387
5746,707947.255752868,5711566.69472309,1,185.63,151.93,21858993
5746,707366.041329917,5711909.48435692,1,227.79,254.16,21916340
5746,707637.073278866,5711695.22721786,1,205.61,274.74,22104773
5746,707020.74408929,5711572.70171819,1,261.65,282.24,23105995
5782,706321.324375296,5708797.26531526,1,293.35,310.68,17143
5782,707128.298059133,5709278.03674161,1,178.91,190.8,438756
5782,706120.728555817,5708699.94123463,1,365.02,332.25,524740
5782,707454.184316108,5710112.45129911,1,210.95,237.63,1472462
5782,707065.966171187,5709531.1206525,1,154.66,181.61,1919620
5782,706977.755851158,5709714.79911526,1,227.49,320.57,1937568
5782,710035.696103727,5709580.51589986,1,137.87,193.93,2769257
5782,707451.865072112,5709092.74652089,1,272.55,291.2,2788249
5782,708539.969613388,5709177.62143954,1,158.27,184.22,3198145
5782,709043.962823224,5709390.6624869,1,227.37,168.24,3418702
5782,706030.590854848,5709248.61547771,1,259.28,256.86,3616335
5782,708946.572359664,5709162.51825497,1,261.34,273.32,4475827
5782,706619.990842976,5708768.27273594,1,271.19,245.19,4741474
5782,706244.38453494,5708682.654307,1,217.17,244.32,5065507
5782,706685.412099119,5709565.12971975,1,242.77,248.11,6264322
5782,709877.024447797,5709658.42049118,1,225.76,229.95,7334802
5782,706738.128639252,5710567.17632002,1,272.88,278.7,7396121
5782,705914.865035868,5708672.41323933,1,293.01,268.55,7745461
5782,708636.721602936,5709021.91884497,1,309.73,242.14,8056374
5782,706430.341899709,5710009.97135183,1,195.28,132.87,9921708
5782,705835.655154446,5708789.91024127,1,217.67,243.55,10027104
5782,706352.242002662,5710384.16386802,1,180.37,203.72,10242202
5782,706032.429852547,5708825.63796595,1,218.14,159.76,10510457
5782,706354.5118628,5709913.91368763,1,198.94,215.21,10556757
5782,707176.696155148,5708934.90453753,1,290.72,257.07,11067319
5782,706230.016454278,5708766.42656124,1,242.74,177.3,11181998
5782,706291.921558732,5709257.91920637,1,162.92,178.39,11707989
5782,709083.68606427,5709790.67663452,1,301.3,238.59,11749920
5782,706499.864653725,5710063.28344563,1,300.92,327.25,12492580
5782,707894.123505839,5709367.69545295,1,220.15,225.74,12783854
5782,709031.399806375,5709607.4911785,1,281.73,358.45,15166350
5782,709578.119658272,5708850.1485504,1,254.61,265.1,15592375
5782,706459.203666322,5710030.46618008,1,231.49,274.94,15933081
5782,708113.665329621,5710201.87268407,1,280.7,311.59,16493003
5782,707569.247765988,5710365.22703838,1,303.14,298.4,16802048
5782,708108.097275375,5709372.49028423,1,279.4,233.77,16880146
5782,706432.770622915,5710135.00371287,1,281.24,270.29,17705351
5782,706495.448731656,5709925.78150988,1,303.47,298.97,19368394
5782,706185.914122717,5708893.56641022,1,309.46,362.13,19741780
5782,706715.059790383,5709788.02804131,1,238.76,301.57,19997906
5782,707268.744270703,5710940.41251992,1,254.61,177.06,20065955
5782,708342.381966242,5710211.10716826,1,272.63,299.11,20634712
5782,707421.353168661,5710514.74841761,1,162.39,182.33,21154161
5782,708274.458852121,5709123.48905496,1,217.05,241.47,21282946
5782,709280.194019963,5709367.77892931,1,256.04,215.07,21541991
5782,706809.368622217,5709637.40861624,1,267.31,266.67,21904398
5782,707376.624473152,5710294.22268073,1,304.43,310.59,23076556
5782,708400.392494318,5710034.67384617,1,226.96,259.47,23462457
5782,707418.205983394,5709307.03709451,0,226.47,233.82,21991670
5782,708891.3556415,5710465.76965348,0,320.05,320.62,16116442
5782,708543.867107891,5710805.92837396,0,283.34,208.14,2168091
5782,707963.813552265,5710600.9603392,0,267.99,199.34,15539896
5782,708533.970616277,5710790.41785589,0,290.32,316.96,14260210
5782,708441.700849682,5710792.90002228,0,277.4,300.36,17738156
5782,708442.693423284,5710837.49705526,0,246.15,248.84,7274276
5782,708625.599545858,5710561.37066214,0,288.04,308.21,24881048
5782,708518.89036146,5710759.98853177,0,226.99,215.21,17241547
5782,708639.323528484,5710776.42412164,0,292.82,257,4508698
5813,706083.4806968,5708838.90295701,1,308.49,349.95,834439
5813,707743.605602106,5710464.74062979,1,298.98,311.58,1197909
5813,708850.318889062,5709257.96508399,1,376.61,358.01,3221148
5813,707206.920658635,5710487.8203864,1,215.92,182.73,3793636
5813,709572.990049959,5709013.50010782,1,295.07,248.23,5670541
5813,706144.320110874,5709772.38400277,1,347.54,339.1,7119902
5813,706459.616828683,5709844.3582645,1,340.62,304.11,8160013
5813,708706.39268695,5709113.93186085,1,273.39,214.78,8504369
5813,706334.463217637,5708738.58583808,1,303.22,269,9546179
5813,706598.731960139,5709839.47337369,1,303.4,335.58,10716574
5813,705998.395162014,5708688.02385891,1,212.82,307.42,11238824
5813,706404.673864423,5710008.12410129,1,367.78,382.99,13096536
5813,706148.315672715,5708613.94734852,1,318.32,323.08,15540716
5813,706746.689574011,5709585.84943129,1,308.64,253.2,17750014
5813,706670.549865723,5709886.57819303,1,259.45,192.35,19107852
5813,707726.186291036,5709256.89021591,1,262.61,257.61,20693513
5813,707994.44433538,5709435.63418118,1,341.3,267.86,22134210
5813,706427.316851899,5709655.9352333,1,304.56,315.2,22316145
5813,706851.473960843,5710352.54502296,1,319.48,343.38,24011354
5813,706375.132752335,5710147.92968861,0,289.16,312.43,11090752
5813,712469.440547471,5711913.29923697,0,380.6,329.73,14571027
5813,710266.136709274,5710653.53773524,0,336.8,374.08,10704512
5813,709490.823999933,5710152.93862261,0,323.09,278.23,3323524
5813,712587.588423269,5712110.34177303,0,353.9,338.04,20930541
5813,711979.10264009,5711622.46059418,0,340.03,304.59,22981101
5813,709546.85815208,5710146.18390098,0,328.11,312.08,22822339
5813,711409.634498604,5710616.44391323,0,380.6,287.43,8234160
5813,710154.365995165,5709779.31881065,0,242.88,285.86,19076552
5813,711327.70915619,5711050.48962897,0,364.14,347.81,5782843
5813,710851.388102891,5711180.9758024,0,273.69,306.92,19679536
5813,711207.490462007,5711363.21645678,0,345.95,326.07,16757688
5813,710132.076424371,5709385.99282355,0,294.64,297.33,18760229
5813,707233.752593403,5709876.95268355,0,314.76,347.95,8521624
5813,706329.005714067,5710029.90277788,0,372.35,278.18,6668609
5813,706143.589520156,5709492.62134951,0,311.51,324.82,23558007
5813,706909.48484958,5708806.37481086,0,336.68,325.49,11385997
5813,706761.963458486,5710241.81088569,0,317.79,284.56,1503678
5813,706251.220698712,5711734.31004533,0,323.52,361.47,21244467
5813,706338.254775233,5711239.73838067,0,309.52,278.72,23505902
5813,707664.200943956,5711847.09481684,0,359.78,367.65,13764138
5813,706681.843249464,5712594.1552871,0,338.59,262.28,17321091
5813,706384.801974777,5712194.7300139,0,338.8,345.15,9328273
5813,704395.890053921,5712313.70781637,0,311.94,326.58,8237444
5813,706928.789190359,5711542.79081428,0,306.94,319.74,18922762
5813,705889.607655522,5710522.56891032,0,293.97,314.76,19021989
5813,705318.311384269,5710535.99243667,0,255.36,367.65,15880223
5813,705161.012493142,5708863.79574779,0,242.88,226.95,19657361
5813,704110.019877233,5708692.46039073,0,299.27,261.67,15159677
5813,704941.412274172,5710184.28358879,0,274.02,248.17,13821301
5813,706123.428457891,5710854.49265033,0,358.36,303.12,21246859
5813,708703.322338975,5710739.96832522,0,333.26,347.3,6074489
5813,708466.94916311,5710851.17877029,0,276.67,229,1666804
5813,710630.630958819,5710218.75135109,0,319.2,283.14,4523500
5813,712362.119639587,5712029.04048131,0,322.54,358.45,7741261
5813,714971.85423822,5714288.57317043,0,318.43,291.8,14898850
5813,711367.828514819,5711523.79030415,0,294.53,296.53,530572
5813,715250.682686279,5714609.92020397,0,279.91,278.31,8481059
5813,714931.308161492,5714434.694247,0,349.91,309.03,3505881
5813,712805.796671919,5713915.7400849,0,286.11,270.57,18486011
5813,714900.411840967,5714494.96622621,0,345.77,340.68,13093151
5813,710785.269602292,5711187.88976466,0,280.18,302.81,858149
5813,715993.473812507,5714361.6419328,0,295.91,323.05,20129322
5813,710935.822460582,5711327.22840519,0,273.49,273.39,8354277
5813,712764.657743714,5713691.6089374,0,267.49,289.29,10538763
5813,715681.403943275,5714632.98668541,0,336.59,335.97,12838743
5813,712909.895824008,5713653.49113907,0,311.01,311.25,7362326
5813,710604.432963432,5711189.87668028,0,307.37,344.82,9072777
5813,710783.847210822,5710242.44846938,0,304.54,299.92,17588714
5813,710769.189588238,5710695.34919089,0,292.49,325.86,9437024
5813,703411.110380799,5712912.23036981,0,329.24,302.08,23544218
5813,705600.044516951,5711592.19383243,0,296.17,312.65,13107307
5813,707890.595345733,5711269.26520249,0,286.1,223.61,2278381
5813,704143.738811116,5712559.30283055,0,323.98,368.75,5853304
5813,703991.193139832,5712211.69261415,0,230.09,175.54,482232
5813,702958.13241462,5712838.08231675,0,259.19,176.16,3470347
5813,703828.226701232,5712795.26642773,0,304.72,244.78,5655735
5813,703641.428088706,5712917.7752429,0,351.31,349.04,10458411
5813,703456.112674917,5712892.85695665,0,289.58,296.85,4484538
5813,703700.920308614,5712969.83138633,0,311.58,322.43,19912412
5813,703309.997614565,5712895.91973005,0,248,292.06,15932554
5813,703481.716903848,5712646.94233909,0,352.49,328.54,19689435
5813,703743.730501372,5712967.19341512,0,350.87,320.29,9893741
5813,703756.963677233,5712170.90704605,0,283.48,321.59,7784747
5813,703445.275626696,5712731.27962619,0,316.4,262.6,5104144
5813,703422.086248388,5712723.29179913,0,367.78,316.37,11391825
5813,703405.941121181,5712683.16356282,0,258.51,266.38,20471056
5813,702877.464579353,5712687.01723823,0,348.96,367.65,2545211
5813,710272.40885792,5708816.51772853,0,312.52,299.23,14886651
5813,713758.405500265,5713083.04636735,0,226.06,300.24,20085109
5813,710327.117350766,5709112.01661619,0,293.7,258.72,2528361
5813,710414.450435312,5708837.62345799,0,315.12,272.15,22492010
5813,712616.624518203,5711167.11621801,0,314.65,291.75,145967
5813,703140.886957449,5707956.56549599,0,256.65,275.52,12918714
5813,704388.43544636,5708298.56060604,0,298.43,374.08,20129198
5813,704011.894051755,5709478.6664505,0,315.89,283.06,9516644
5813,702981.466150977,5707853.88581912,0,289.1,278.59,9589999
5813,703569.429810709,5707408.96206485,0,308.82,269.38,14490262
5813,703843.052361937,5707212.27440582,0,301.36,252.56,18624126
5813,703063.138141399,5707962.83551469,0,330.98,349.77,4669414
5814,707243.336355476,5709891.41765084,1,247.38,248.78,251346
5814,706572.277236187,5709730.95114378,1,301.96,304.51,324488
5814,707016.639347288,5710765.86334835,1,259.2,253.54,402791
5814,706815.730435497,5709695.77179658,1,291.33,319.58,1328277
5814,706370.115165542,5710308.48938187,1,273.02,240.24,2061233
5814,705546.87417388,5708611.27992404,1,176.56,192.97,2249411
5814,707233.075205574,5709644.82095374,1,296.93,325.04,2496262
5814,707862.503721218,5709357.76659484,1,224.62,298.1,4743181
5814,709666.293734636,5709549.49052563,1,282.22,330.22,5216599
5814,708189.880022941,5709572.2119749,1,310.78,354.42,5292183
5814,706436.586904626,5710616.28667983,1,146.33,228.23,6495180
5814,707201.894037197,5710926.44496519,1,326.79,318.59,7207750
5814,708512.485656221,5708958.61022574,1,183.23,205.45,7974939
5814,706153.736822353,5709060.90535275,1,300.22,337.04,8299519
5814,706105.415238242,5708600.67149493,1,242.92,174.5,11859927
5814,708007.002849182,5709154.969875,1,248.38,356.66,12351136
5814,707921.945716756,5709752.02617428,1,231.37,248.73,12643335
5814,707285.261526872,5709838.8433125,1,290.64,300.82,12811110
5814,710126.596980639,5709396.850947,1,235.53,276.79,13072780
5814,708672.710838896,5709032.09646641,1,320.21,294.79,13754212
5814,706898.990164384,5709680.21677082,1,222.23,252.64,14380668
5814,706785.28984413,5710068.47214845,1,295.22,304.53,14530931
5814,705723.445689513,5708768.8704795,1,259.48,332.71,15170657
5814,707885.182387209,5709878.32063342,1,262.91,349.77,17289258
5814,705497.434457846,5708490.07972031,1,201.61,233.84,17947279
5814,706169.023371181,5708933.22466755,1,268.93,314.44,18056958
5814,707648.197542872,5709021.06673954,1,321.03,349.04,18488681
5814,705508.427376597,5708592.86249518,1,225.45,181.59,18647981
5814,707539.894404019,5709286.95418332,1,265,309.26,19263733
5814,707107.816216971,5710512.17243556,1,212.57,248.07,19884371
5814,706808.271409056,5710262.39974211,1,219.88,257.25,19920580
5814,708476.807364489,5709639.36984259,1,308.95,358.45,20529167
5814,708877.647900175,5709893.53746676,1,261.18,328.62,21010790
5814,705882.793984044,5708601.13155975,1,233.04,314.76,21653405
5814,706678.696993847,5709660.63647429,1,210.15,268,24430655
5814,708600.746709204,5709953.80243226,0,290.78,309.64,6097436
5814,707707.90699417,5709208.03680957,0,307.56,277.57,22767774
5814,705944.364046643,5709222.13622113,0,314.94,159.77,8177841
5814,706689.464577869,5709670.36223992,0,211.99,257.93,24221773
5814,713128.702202474,5713781.44347947,0,352.38,353.02,20270708
5814,715008.339383644,5714182.26294472,0,317.33,273.56,10720826
5814,713349.86836358,5713718.65878929,0,331.82,352.03,7418691
5814,712936.456318998,5713621.64783286,0,271.98,332.71,18836499
5814,711115.357805959,5711391.13736116,0,344.18,200.92,21639014
5814,710959.660884722,5711322.53039767,0,313.79,342.39,15492272
5814,714964.543338588,5714412.14682804,0,220.93,257.05,24341245
5814,711554.99807657,5712045.65691582,0,286.23,279.03,24291810
5814,712840.037416419,5713879.64471425,0,257.25,344.44,18321818
5814,714841.454413031,5714634.3537964,0,322.73,328.71,14148771
5814,711519.855747329,5711850.50821892,0,275.5,266.59,10132896
5814,712920.724496035,5713620.14365392,0,269.23,312.76,12456158
5814,711782.750892065,5711986.26430801,0,244.06,272.37,2909482
5814,711748.246570219,5710158.69155879,0,298.3,369.22,6625477
5814,710699.756832759,5709800.51576949,0,274.89,292.4,14966489
5814,710242.503349971,5709111.55850853,0,228.98,179.51,15994378
5814,711454.56534234,5711092.30244591,0,247.05,230.04,2227433
5814,706508.726562518,5708314.86493326,0,322.67,364.9,24328872
5814,706243.295034918,5708078.68964524,0,251.41,308.59,21198175
5814,705121.117230637,5708181.76591886,0,232.5,286.59,5531776
5814,708024.774124938,5708192.57946356,0,230.35,229.85,18781294
5814,708736.97474264,5710555.33292125,0,194.06,256.51,11657538
5814,706630.222398577,5708199.88739558,0,274.28,326.93,7438855
5814,705243.81137705,5707780.91660437,0,290.38,248.97,4328429
5814,707207.218888351,5709389.81770007,0,267.67,320.03,3524792
5816,707123.786841211,5709800.5905748,1,341.88,316.61,615016
5816,707410.609696819,5709032.63041185,1,224.41,241.48,1055236
5816,709943.344277697,5709407.41701501,1,336.92,324,2297852
5816,706486.709018348,5709731.23164405,1,229.35,284.35,2857505
5816,709635.268961783,5709106.71233451,1,260.88,241.04,5781577
5816,707347.293240848,5709174.42160616,1,315.37,352.29,6246122
5816,705981.378561358,5709377.89406826,1,297.09,349.15,10261291
5816,709142.527651789,5709815.42413745,1,286.2,269.94,11879160
5816,706100.886343437,5709155.52698772,1,288.37,284.59,14944361
5816,706839.978017566,5709664.90350329,1,314.19,366.53,15490676
5816,707918.803425324,5709840.80106173,1,287.8,236.45,16181682
5816,706755.367543153,5709499.43303914,1,279.41,308.23,16903058
5816,705567.40223634,5708715.2199628,1,333.17,328.9,17181490
5816,709419.30424669,5709084.42425618,1,313.74,353.17,17538381
5816,708571.294356273,5709130.21978352,1,284.32,232.13,17689963
5816,706854.256444423,5710450.5259519,1,352.65,335.79,18780055
5816,706715.994146662,5709757.77491403,1,207.54,189.91,19475923
5816,706075.929360768,5708902.16274219,1,304.17,271.25,21151990
5816,706973.605432166,5710764.48179329,1,263.72,296.99,21558667
5816,708283.329339364,5710036.85357147,1,359.78,350.74,22001452
5816,709807.466443139,5709333.82036093,1,237.29,250.67,22154381
5816,709836.872373929,5709248.65183522,1,230.77,192.55,22380428
5816,709669.558698371,5709497.82931449,1,271.02,270.68,22397721
5816,706847.775623109,5710395.0613008,0,283.93,334.75,11190269
5816,707581.949859002,5710151.72748495,0,341.88,362.13,585325
5816,706834.579297844,5710651.04340286,0,210.81,247.84,6637493
5816,706780.739032624,5709648.08193531,0,212.25,293.59,5434734
5816,706523.050593368,5709625.2180957,0,310.07,315.44,4410511
5816,708914.73050921,5708781.94161646,0,326.54,324.8,11111519
5816,708077.263879814,5708419.54571406,0,290.74,316.29,14577379
5816,707908.790404569,5708211.07244594,0,256.97,218.12,6434139
5816,708406.469084351,5708857.28277591,0,247.66,217.32,6330094
5816,704606.434621881,5709989.99656932,0,186.43,191.09,20899376
5816,705217.245958645,5711306.75229286,0,245.46,219.44,24123859
5816,703282.486808729,5711865.68678362,0,341.54,295.51,23361269
11465,712107.126875024,5710073.34427288,1,229.75,321.33,20550390
11465,711037.82065007,5709506.12050492,1,210.48,261.45,21250221
11465,712432.743175662,5710333.57586203,1,169.4,214.57,21960777
19923,712008.810977404,5710965.88424417,1,262.94,309.85,3811648
19923,710806.904607786,5709217.4944403,1,203.53,247.62,4590601
19923,710670.716867689,5708852.04389132,1,255.56,255.97,5278668
19923,711979.032613069,5709940.41417831,1,258.48,229.42,6194877
19923,712806.166721381,5711847.27401467,1,277.68,288.71,7178462
19923,711905.695184604,5710288.40774684,1,256.42,268.58,10008626
19923,711574.688197093,5709670.02991202,1,249.45,312.45,15050193
19923,710410.356569235,5708801.7731921,1,260,299.64,18939206
19923,712799.801280097,5711576.3611821,1,294.76,275.26,21644125
19923,711842.380205691,5710451.78257746,1,249.76,285.21,22006428
19923,712070.936998197,5710828.37521626,1,289.2,279.05,24707120
19923,711780.483430145,5709657.96343774,0,202.61,156.74,1819044
19944,706715.270358349,5710019.76217979,1,205.47,200.52,4837281
19944,708828.064634518,5709555.93554042,1,374.17,340.79,8301754
19944,706537.860010227,5710064.88586507,1,205.91,224.2,9060344
19944,706052.932850538,5709362.25887496,1,252.52,292.57,15305968
19944,707305.187251903,5710347.77077988,1,304.24,276.12,23295649
19981,706601.622851923,5710245.72344265,1,312.8,305.42,3118287
19981,708054.271890993,5709221.45420122,1,235.5,217.5,3781059
19981,706732.189528241,5709651.48970526,1,287.38,335.94,6184790
19981,706499.055440017,5709656.03104366,1,310.06,344.44,11437688
19981,706351.962999901,5710323.67034663,1,284.47,268.62,12072369
19981,706472.657864591,5709682.36606626,1,251.97,295.19,17654734
19981,706078.471239564,5709424.07699414,1,297.88,265.99,19900620
19981,706617.119714411,5710681.52258814,1,267.11,309.98,22600128
19981,707210.433713209,5710614.7241471,1,266.48,271.23,24689828
19981,706903.313435924,5709306.06685004,0,336.92,367.65,4430516
19981,709563.014548081,5709550.98741475,0,265.34,294.92,11444717
19981,708284.81055704,5709842.59603016,0,308.86,350.93,1408677
19981,706436.054312621,5710091.71996519,0,304.92,314.38,23123048
19981,706678.512110157,5710721.66061163,0,289.89,282.41,24570194
19981,709905.970895762,5709361.48519416,0,230.68,275.26,18918493
19981,707061.320432171,5710482.95165542,0,309.2,255.15,11965188
19981,706322.170078112,5710255.76043012,0,264.82,316.4,620232
19981,712820.160951817,5713649.0200977,0,305.81,279.97,15611587
19981,714882.958819228,5714510.03256404,0,342.12,339.48,8353963
19981,714924.513730906,5714559.99207514,0,312.5,329.74,8400276
19981,704157.139685504,5709706.8918385,0,311.85,327.73,17867842
19981,706026.50335036,5707397.80526021,0,290.04,292.84,22538865
19981,706275.314014976,5707382.38782455,0,304.58,275.03,3636757
19981,706352.755169001,5707164.82932801,0,316.96,296.1,6544714
19981,705896.183964499,5707203.8046359,0,312.19,342.81,15300977
19981,707416.839495342,5708491.38769653,0,328.45,343.04,15250594
19981,705948.677386485,5708131.5719423,0,289.62,301.66,18302988
19981,705975.383182502,5710983.02471006,0,284.54,346.51,1534146
19981,706324.056124445,5711891.12979977,0,333.58,330.04,24087084
19981,706426.751709544,5711731.2264664,0,295.99,249.68,12764660
19981,707095.881903872,5711786.44802475,0,287.31,254.3,19807104
19981,707404.539717254,5711424.16777763,0,221.41,301.93,6775810
19981,706267.939618027,5712458.70144598,0,283.23,283.63,24411649
19983,705910.159153346,5707477.42953815,1,283.91,294.57,309560
19983,706297.63572824,5707460.04056097,1,310.06,278.77,388785
19983,706644.561357209,5707392.51727715,1,217.74,172.86,429136
19983,706832.88805315,5707513.42796148,1,289.18,301.74,582732
19983,705540.818423441,5707189.84366353,1,273.28,275.54,1291140
19983,705984.630247868,5707340.29885299,1,255.77,185.55,1449302
19983,706884.541529306,5707622.42538606,1,280.44,300.97,1456506
19983,706004.798105097,5707383.75103879,1,255.05,234.18,1491898
19983,706540.629557079,5707491.82410017,1,259.94,310.93,1513044
19983,706109.565550342,5707113.50004019,1,161.18,168.72,1540509
19983,705495.849366846,5707238.78515211,1,238.8,278.11,1634238
19983,705810.949373809,5707649.37578805,1,240.37,205.3,1982672
19983,707006.853103667,5707358.22805495,1,286.55,305.94,2524849
19983,707163.124929657,5707754.68209675,1,209.58,202.34,3472353
19983,706111.008707831,5707194.22572542,1,292.68,239.46,3736265
19983,705378.129010886,5707225.09344662,1,269.66,220.88,3868061
19983,707426.514428969,5707732.89192226,1,244.12,267.53,4186935
19983,705982.369481863,5707099.30784094,1,268.47,312.65,4189281
19983,705417.889678381,5707467.64091543,1,334.28,285.96,5176735
19983,705166.856387707,5707551.05020325,1,282.79,288.97,5900425
19983,706689.05854521,5707437.09572239,1,269.8,228.88,5968556
19983,705716.686848673,5707351.69563218,1,247.15,255.92,6265342
19983,705141.165630834,5707300.15799481,1,289.25,245.08,6380848
19983,705418.831552649,5707567.67827755,1,224.17,197.84,6537624
19983,706416.941429762,5707330.71863798,1,231.28,165.36,6562687
19983,706306.838321335,5707416.86955319,1,232.04,239.39,6675617
19983,706099.537169396,5707655.30218684,1,280.2,233.38,7861597
19983,707099.904044112,5707748.02202493,1,295.1,260.98,8023633
19983,706150.508020517,5707397.79839556,1,226.5,237.09,8097458
19983,706348.624651971,5707441.71666817,1,329.82,311.39,9114659
19983,706478.437370834,5707604.15120638,1,310.97,308.64,9346340
19983,705211.209703081,5707459.69032831,1,276.64,268.38,9706762
19983,707161.326978306,5707712.99045494,1,233.38,254.25,10001582
19983,706526.632331534,5707633.60223205,1,359.31,314.33,10829181
19983,706325.400208209,5707455.22833774,1,321.71,303.75,10843907
19983,705765.764955128,5707561.62533393,1,269.2,203.67,11273300
19983,706772.440087485,5707655.78904901,1,305.07,291.97,11601244
19983,705828.110570883,5707692.89624089,1,299.68,374.08,11614481
19983,705560.075711386,5707170.76724002,1,242.27,249.56,11920791
19983,705447.348617881,5707524.36811979,1,325.84,345.74,13349896
19983,705166.518746872,5707545.88680937,1,255.39,239.27,13789210
19983,706172.741951815,5707365.17474616,1,295.61,298.04,14174085
19983,706529.776627649,5707272.42497504,1,232.92,224.7,15073267
19983,706579.492123185,5707309.72037851,1,235.92,178.32,15830631
19983,707052.815126579,5707627.67620991,1,345.89,290.92,16468536
19983,706594.229285989,5707381.58112931,1,310.95,258.18,17472863
19983,706580.464077811,5707343.06600839,1,253.47,233.23,17613646
19983,706271.545184295,5707286.62911336,1,301.24,321.07,17864987
19983,705308.024685876,5707140.95232047,1,254.97,243.03,17928153
19983,707229.330538612,5707607.9304994,1,279.11,282.39,17977258
19983,705867.444515189,5707093.30531688,1,272.21,270.65,18266191
19983,705816.51340197,5707130.49187135,1,286.28,310.12,18279917
19983,706512.548214341,5707282.83383722,1,240.94,317.06,18971896
19983,706736.258630743,5707435.02072886,1,160.52,218.83,19269845
19983,707376.089138599,5707649.62206698,1,289.47,249.1,19970424
19983,706693.793361666,5707729.09771736,1,273.41,350.74,20048934
19983,705300.884639002,5707182.86023291,1,225.46,274.92,20091823
19983,705408.845290552,5707212.14506954,1,265.93,266.04,20671340
19983,706264.346072022,5707421.60748271,1,255.58,277.29,20917214
19983,705902.49663324,5707334.65502281,1,329.06,366.41,21008089
19983,706004.131300982,5707220.44196843,1,270.51,306.67,21359119
19983,707396.58435487,5707798.32044476,1,372.35,319.94,22857064
19983,706553.084794759,5707043.18634715,1,257.95,258.24,23510329
19983,705605.218587939,5707206.82282394,1,305.47,312.6,23964719
19983,705284.832572285,5707208.69122927,1,244.32,209.06,24003176
19983,705745.114452303,5707617.94498564,1,257.63,214.32,24503201
19983,706547.618006866,5707763.74050259,1,275.11,330.33,24640788
19983,705416.568812705,5706968.04041568,0,306.82,367.65,192925
19983,706977.633596102,5707680.19775929,0,213.94,175.9,18193791
19983,705665.089950288,5707283.63644025,0,250.5,284.34,7074475
19983,705107.244691132,5707862.42527081,0,319.89,321.2,929493
19983,706658.217710283,5708306.17036396,0,267.03,226.41,1302999
19983,705193.936442002,5707851.01094534,0,259.57,228.38,4775059
20016,707335.347643805,5711656.41700371,1,284.12,294.98,1056095
20016,706640.145740462,5712539.89915804,1,169,243.56,1858805
20016,707855.587892867,5711687.43327162,1,252.03,322.41,3153040
20016,705684.473299699,5712579.41636764,1,238.35,243.29,4109811
20016,705896.821213479,5712062.34834811,1,193.76,230.58,4946152
20016,707735.141350154,5711828.11555319,1,248.74,217.47,5001852
20016,707896.468708615,5711248.43854175,1,223.78,294.82,6657775
20016,707305.150611195,5711834.53538648,1,167.83,191.36,6868505
20016,706702.635700525,5712741.81021903,1,259.91,342.41,7174742
20016,706566.905482532,5710979.4786844,1,303.53,344.41,7366280
20016,704794.91654283,5712496.98256358,1,233.02,270.21,7390819
20016,707995.224065196,5711365.2527303,1,220.15,202.23,7742490
20016,705889.402252165,5711828.6551451,1,254.43,264.87,7765828
20016,705705.954377745,5712867.94949214,1,266.72,213.87,9082921
20016,706668.127319323,5712882.14244919,1,244.54,230.98,9348295
20016,706958.379581423,5711673.76180753,1,268.63,367.65,9580509
20016,706718.851011567,5712272.92655237,1,180.17,252.55,9627238
20016,705851.332744699,5712038.66615027,1,165.06,160.68,10123545
20016,705828.800036501,5712062.91255201,1,220.28,213.59,10385961
20016,706418.893124591,5711535.61584606,1,247.04,219.35,11743256
20016,707645.444875246,5711042.01457042,1,163.87,184.18,11748965
20016,707886.638528293,5711240.46226643,1,246.81,302.11,11937435
20016,707280.390401699,5711775.60987637,1,200.15,330.86,11986758
20016,707059.54688452,5711647.32322062,1,212.89,201.03,12007133
20016,708031.283186457,5711308.22344351,1,239.99,216.28,12370873
20016,707448.908406738,5711693.71011168,1,321.25,303.59,12869524
20016,707448.548238161,5712020.80776346,1,188.56,191.84,13370412
20016,705419.639142164,5711981.49660286,1,171.8,220.63,13703123
20016,707259.895865064,5711446.16919697,1,252.07,214.3,13786860
20016,707380.865749612,5711654.4369837,1,229.14,336.49,13802346
20016,706462.406852664,5711477.3049347,1,238.44,260.78,15321137
20016,708060.757073764,5711335.91165938,1,218.66,256.93,16130559
20016,706825.746706324,5711365.39829904,1,177.42,221.28,16944037
20016,704554.754357784,5712859.43461066,1,196.28,197.75,17571277
20016,707542.860720808,5710916.38369572,1,256.69,241.44,18737854
20016,706290.165889755,5711743.82598141,1,280.71,238.33,18983737
20016,707482.307663043,5711075.27282663,1,166.48,214.8,19031703
20016,706710.501688305,5711386.14138606,1,198.41,260.29,20101754
20016,707701.788624119,5711690.88533743,1,220.32,216.42,20106875
20016,707076.084535252,5711997.64417808,1,307.88,331.86,20335288
20016,707360.056811851,5712006.54752847,1,279.09,252.67,20487695
20016,704242.767162862,5712253.56906733,1,265.81,285.23,20734583
20016,704387.599290395,5712298.17803038,1,224.13,190.47,21036418
20016,707720.770852138,5711775.21170819,1,202.95,235.88,21555678
20016,705842.264225381,5712042.49237448,1,242.53,270.97,21651252
20016,707824.427492535,5711019.51529601,1,224.17,208.46,22368297
20016,706410.68760568,5712439.27192317,1,303.51,303.68,22635635
20016,705621.693029697,5712811.80937463,1,285.28,183.55,22685074
20016,705421.637047624,5712680.60831066,1,269.96,303.87,22768560
20016,707124.45959871,5711859.58389574,1,206.05,266.31,23746150
20016,706982.013269267,5710969.64113251,1,208.98,287.81,24740071
20016,706314.414584446,5711719.84237881,1,223.18,300.23,24904606
20025,706019.134793522,5708644.50902914,1,227.09,249.62,469063
20025,705934.473555226,5708750.83233091,1,230.61,161.09,2076104
20025,709783.943859663,5709732.93493785,1,237.08,273.17,2280393
20025,707054.702891096,5710918.78493128,1,224.73,233.6,2342962
20025,705791.720439397,5708591.21036478,1,291.35,348.34,2386406
20025,706379.699966114,5710341.85351151,1,263.58,301.33,3666862
20025,709854.422861801,5709357.61883248,1,301.76,307.36,3671006
20025,707065.139795826,5709453.70839441,1,236.52,235.99,3737934
20025,706736.066148672,5709608.3735169,1,278.87,362.13,3843244
20025,706496.012351289,5710067.99361956,1,360.26,382.99,4836317
20025,706192.523568755,5708849.76334466,1,259.58,325.15,5557348
20025,707367.84828951,5709379.66253761,1,219.89,204.41,5563413
20025,708715.817199284,5709071.71122436,1,223.85,281.63,6084848
20025,708702.921544171,5709093.12961156,1,272.31,362.21,6489660
20025,707268.209711691,5710542.24817337,1,224.46,260.55,7760398
20025,706241.871228809,5708805.4249345,1,272.96,317.28,7888106
20025,708684.27847274,5709252.15814675,1,263.94,315.97,9282305
20025,707182.015219396,5708953.67879541,1,269.74,347.97,12180734
20025,710165.480810231,5709668.96398616,1,318.87,325.13,13139408
20025,707038.773160702,5709453.47189327,1,265.05,342.87,13266896
20025,706056.031661413,5709313.83576443,1,246.76,262.63,13545819
20025,707009.642539537,5710534.60094296,1,298.75,316.02,15465200
20025,708605.241713932,5709009.52588971,1,256.78,291.12,15723643
20025,706903.940619103,5710298.32401365,1,252.8,327.46,16244508
20025,707069.710400134,5709394.89405043,1,260.36,307.26,17343898
20025,706489.908270666,5708952.16753327,1,257.96,304.48,17855347
20025,708999.028482577,5709693.80348089,1,249.15,281.87,18487197
20025,708538.205557125,5709069.18837484,1,200.73,271.43,18968802
20025,706401.579623377,5710179.64353011,1,231.32,235.35,20699240
20025,706598.783271552,5708830.66202897,1,294.21,304.33,20858990
20025,706560.284631673,5708941.61691652,1,289.46,308.11,21515844
20025,705942.956210156,5708764.80073082,1,246.23,268.49,21920441
20025,706450.074073043,5708895.41410942,1,320.3,325.58,22114625
20025,709565.538438722,5709502.47228816,1,250.19,314.41,22756417
20025,709424.307664071,5709784.72326088,1,270.4,217.58,23195802
20025,706081.426531175,5709295.9698804,1,267.95,207.02,23296537
20025,706029.000673422,5708842.39937283,1,264.53,305.9,23467518
20025,708907.020406346,5709098.8758393,1,237.01,152.74,23624571
20025,706758.282275588,5709567.48716822,1,236.01,206.67,23737726
20025,706401.329560168,5708862.07819365,1,268.76,310.21,24152071
20025,706348.959026049,5709879.66307364,1,280.06,266.15,24354397
20025,709043.169656683,5709000.29699251,1,207.63,192.22,24812981
20025,705857.024873856,5708765.51436925,0,260.53,309.95,3796975
20025,706142.39830208,5709881.59163883,0,272.49,306.18,23882371
20025,708804.997557826,5709185.96620285,0,290.76,313.28,18898636
20025,709000.042999094,5709006.85940619,0,230.74,358.45,4478179
20025,707608.253503834,5710412.73362296,0,295.49,313.42,7003943
20025,707578.346776256,5710230.04405915,0,292.45,299.78,19618843
20025,705600.805724424,5708693.05809935,0,236.82,322.13,11988720
20025,705542.814329738,5708460.90038899,0,242.69,225.77,3399434
20025,708459.794518789,5709993.46992409,0,223.65,324.04,10840404
20025,706436.270817783,5709708.50713418,0,218.13,298.53,24191597
20025,709652.088060881,5709190.19173532,0,248.9,290.24,1740694
20025,707176.07563324,5709395.5713237,0,268.2,321.31,19684256
20025,706746.651244112,5709576.27688097,0,237.35,190.74,13889209
20025,709751.477789498,5709407.38385829,0,301.9,296.63,12826900
20025,707532.21291168,5710350.83550176,0,289.52,301.4,16769231
20025,707339.077881359,5709128.41707872,0,235.75,208.47,22761196
20025,706687.47799367,5709406.67831193,0,283.65,225.53,24045088
20025,708193.84283139,5708845.2613314,0,240.73,276.36,1503679
20025,711059.538262653,5711219.11219727,0,272.16,290.79,11169083
20025,715001.56748232,5714178.9126308,0,300.01,290.56,15215667
20025,712070.278042944,5711992.18353074,0,302.01,322.47,15223270
20025,708669.332783049,5710118.80900681,0,229.59,270.25,23333490
20048,707344.114202449,5709357.2502946,1,297.34,215.92,590676
20048,706173.768871898,5708723.43945427,1,179.89,164.15,678568
20048,706090.854080897,5709366.94707581,1,219.57,240.75,834508
20048,707486.979537397,5709108.99960447,1,296.1,215.07,1334889
20048,709684.875822014,5708997.8748025,1,270.72,237.62,2394043
20048,706744.30837395,5709543.16799704,1,313.17,345.74,4305696
20048,707598.76134763,5709398.77293581,1,167.29,192.53,4639872
20048,708511.06715231,5709002.66755048,1,283.57,309.86,4666287
20048,706272.835244308,5709192.15600842,1,278.77,273.28,6093345
20048,706253.816860021,5708680.27058819,1,234.71,210.33,6338621
20048,706870.86296413,5709641.34696627,1,255.87,248.65,6414300
20048,706301.543847423,5710049.41776018,1,273.54,334.6,10481770
20048,709649.283165626,5709399.27182945,1,272.96,212.77,10720434
20048,707029.89950812,5710537.07584847,1,325.32,331.03,11326653
20048,708307.946239281,5709874.9815647,1,292.34,271.67,12599578
20048,707981.788378889,5709420.47850323,1,271.1,266.16,12650110
20048,707029.105874834,5709338.89732299,1,263.44,228.43,13249430
20048,706223.943514206,5708674.22848074,1,315.13,328.48,14088674
20048,706318.196775835,5709148.6558852,1,255.62,299.07,15768991
20048,707758.709040532,5709172.12141635,1,298.04,300.26,15896303
20048,706787.508045661,5709363.70475409,1,305.86,324.97,16073037
20048,707508.292202433,5708972.12941353,1,241.66,295.96,16415297
20048,706482.959566512,5710048.92774681,1,232.83,321.86,16936356
20048,705511.389329546,5708614.58611601,1,298.47,272.04,17270484
20048,706379.89789206,5708802.87542768,1,275.64,265.08,17815212
20048,706700.76961762,5709896.58817353,1,312.59,323.64,18317633
20048,705882.652943381,5709085.38501594,1,246.4,300.98,19021904
20048,707444.261933409,5709696.2363825,1,288.99,310.04,21465981
20048,708517.154138408,5709031.53001706,1,376.61,370.17,21730457
20048,706495.429965303,5709839.07721066,1,281.77,258.35,21773032
20048,707434.408684748,5710387.96227269,1,310.25,299.65,21915628
20048,706358.411084809,5710322.13481108,0,197.24,200.36,24474807
20048,708686.167937304,5709990.49192663,0,329.81,304.72,24668914
20048,707472.716215782,5709026.844309,0,326.24,288.53,19179482
20048,706365.952365046,5709249.45251937,0,292.91,311.44,1049321
20048,705736.465508165,5707553.21788085,0,322.93,339.5,21569513
20048,706537.056093841,5707754.53578554,0,295.3,358.45,25133695
20048,707289.286801034,5707768.55670624,0,317.61,321.44,1932143
20048,705872.384460249,5707722.27159905,0,342.76,358.45,18171453
20048,706629.431363825,5707238.06860861,0,214.98,205.58,9024999
20048,705800.434254784,5707739.61010406,0,352.61,368.71,5287963
20048,705854.044973946,5707113.33365897,0,242.99,262.8,22151514
20048,705608.963066736,5707083.67541197,0,231.47,255.81,5645874
20048,706901.156284173,5707653.90896114,0,293.14,323.78,22413415
20048,705705.690332353,5707131.82188403,0,255.86,287.9,14842579
20048,706021.446499869,5708633.56398871,0,294.35,299.46,4454226
20048,708823.184337499,5708891.88193376,0,263.9,324.75,11886752
20048,706441.040984714,5709808.71092122,0,313.23,356.66,22121171
20048,705900.824479377,5708737.59339708,0,372.35,349.95,12079411
20048,707249.090137956,5709889.99496255,0,283.99,324.23,15348997
20048,707367.173831598,5708989.50471906,0,349.02,382.99,12025653
20085,706836.724837524,5712502.56196553,1,229.06,264.16,1589377
20085,707994.670812257,5711564.4683422,1,289.48,296.46,4822929
20085,706012.32258462,5712278.8327149,1,307.66,355.64,6528283
20085,706659.041111827,5711234.9780974,1,225.6,282.05,7373324
20085,704187.444405013,5712847.68409115,1,296.44,259.4,10228034
20085,705819.493349408,5712012.67389785,1,284.85,249.43,10919259
20085,707372.369041692,5711544.93002307,1,257.98,320.18,16984174
20085,707776.772772794,5711830.66283803,1,298.47,336.2,21016154
20085,706755.347437204,5711966.10523924,1,242.62,268.97,23461878
20085,703000.168929271,5712736.16220683,0,223.25,276.53,18804562
20085,704106.787648893,5712825.1204346,0,277.25,277.11,22889713
20085,704079.746005382,5712090.70732199,0,307.85,340.3,1771536
20085,702959.852671797,5712795.20675178,0,346.98,361.47,5904853
20096,711861.776239958,5710918.2100343,1,242.85,249.45,215992
20096,714295.615684,5713854.39981738,1,274.28,281.71,784998
20096,712931.599819203,5713002.22657696,1,232.68,282.5,2319087
20096,714191.958642727,5713670.40362541,1,265.1,288.97,3176312
20096,712770.827791298,5712728.48137048,1,293.54,289.96,3401391
20096,709769.610173516,5709816.10845018,1,245.52,298.03,4575642
20096,714238.294402118,5713854.37472003,1,268.88,257.54,5803898
20096,714355.271379846,5714011.83101437,1,226.67,170.86,5830886
20096,713053.871972029,5713096.88826414,1,186.33,215.94,5952313
20096,712130.179844643,5711954.58179253,1,232.54,290.83,6219132
20096,708809.377756218,5710094.49629714,1,246.46,211,6248784
20096,710257.009131345,5710119.26797835,1,226.38,292.32,6530536
20096,712613.076393912,5712113.80383487,1,281.57,328.07,7994409
20096,712222.042496948,5711370.69757568,1,299.87,321.12,8087410
20096,713158.464440921,5713108.72215535,1,230.46,322.79,10426944
20096,712037.68564197,5711379.05698083,1,304.59,291.56,11282865
20096,711923.81724296,5711303.54048157,1,262.75,313.63,11606058
20096,712225.924163803,5712114.93439847,1,282.04,246.38,12035097
20096,712228.494048242,5711449.35407715,1,374.17,382.99,13660276
20096,712791.80258786,5712524.36259446,1,265.06,272.3,14068270
20096,711795.855044545,5711353.37286603,1,182.58,181.7,14373109
20096,710499.525742542,5710147.84104691,1,298.54,328.38,15792088
20096,710618.927860956,5711203.96486355,1,230.94,219.66,16590758
20096,712201.107039383,5712274.57898858,1,313.01,297.29,17825032
20096,709155.612602063,5709983.61667132,1,281.82,290.17,18410086
20096,710834.207155005,5710739.07352343,1,257.64,180.61,20612183
20096,711556.170392106,5710689.76551395,1,182.96,177.29,21517145
20096,709435.447968771,5710046.34436917,1,262.01,311.08,23027516
20096,710729.687356652,5710075.83546292,1,282.79,333.38,23366121
20096,710551.64289546,5711277.22590481,1,258.41,319.97,23388256
20096,712076.061930238,5711745.93813912,1,227.59,235.22,24792578
20096,710568.431301508,5710071.53802196,0,274.52,314.37,25605499
20096,712631.223870393,5712114.21763144,0,318.27,304.25,15849909
20100,712812.554248258,5711492.74523599,1,181.13,207.32,287197
20100,710470.093837744,5709140.04302301,1,276.92,261.16,1059608
20100,711973.771867463,5710017.8757688,1,195.61,249.47,3070943
20100,712140.525738796,5710724.64745598,1,321.89,336.06,3846394
20100,712991.968500441,5712221.38721713,1,290.26,287.36,3974773
20100,712089.232349517,5710201.373965,1,252.09,237.58,6243663
20100,712059.444785261,5710260.13052448,1,232.11,254.23,6959186
20100,712414.752732729,5710330.15777199,1,284.71,367.65,7219236
20100,712639.960066656,5711267.14403647,1,204.81,221.73,7245543
20100,712492.682762375,5710609.56765699,1,276.52,287.83,7586844
20100,712338.267800428,5710500.38402748,1,252.45,219.84,7940877
20100,710196.424415081,5708858.26366925,1,177.26,153.91,8318157
20100,713434.219880785,5712702.1972386,1,254.46,328.07,9288258
20100,710547.862623853,5709040.81972151,1,251.51,282.25,9419683
20100,710723.794255802,5709591.71630883,1,225.78,240.61,10550400
20100,711630.095449348,5710280.09697037,1,298.16,335.94,12104631
20100,710074.367024203,5708633.26780866,1,202.89,208.17,12196867
20100,712925.734869716,5712004.40203405,1,240.74,249.69,12954767
20100,711452.07266543,5709779.41451776,1,203.15,266.45,13857033
20100,711893.795985425,5710852.25463343,1,269.05,301.19,16870313
20100,713036.686083328,5712154.26099425,1,243.82,251.18,19653282
20100,712164.620428024,5710726.37960763,1,272.17,295.9,20996070
20100,711814.584589652,5710417.89319599,1,265.68,269.33,21863738
20100,712735.926803099,5711734.9301496,1,235.32,180.13,23251321
20100,709948.180218361,5708495.64789104,0,170.16,131.41,12078711
20122,711343.787307347,5710771.12132342,1,227.37,235.02,1419277
20122,712118.619975628,5711671.96765644,1,237.51,233.24,3169016
20122,711913.433743898,5711372.36057668,1,180.69,185.43,6927621
20122,711345.872381426,5710912.97061886,1,250.78,214.56,7275917
20122,710647.249900988,5710599.04606915,1,264.79,335.55,14225899
20122,712664.344998087,5712524.59405212,1,289.96,272.12,16227661
20122,712584.192804055,5712284.86092634,1,239.41,312.89,18658114
20122,711619.568177062,5711410.15372734,1,258.93,250.29,21010547
20122,712336.361242885,5711927.57952424,1,245.33,300.94,22874509
20122,712200.328668442,5712315.6310697,1,245.29,264.49,24997086
20129,712122.516615283,5712188.32901773,1,286.62,279.54,2802223
20129,709694.885150333,5710497.00923493,1,273.98,304.98,5386457
20129,714336.826381356,5713832.54222526,1,249.22,222.13,5989836
20129,711529.839537569,5710726.85423187,1,230.49,229.79,12108727
20129,709277.881254063,5709903.29443313,1,261.54,274.46,12189982
20129,712061.465380166,5711266.95797704,1,257.44,309.4,12767827
20129,709511.646783737,5709841.01087402,1,318.24,262.33,15537330
20129,713017.934035773,5712898.88058858,1,305.41,337.74,15920438
20129,711911.313478105,5710970.68379653,1,313.35,300.39,17481448
20129,709309.060367149,5710006.86231308,1,317.49,303.27,19180944
20129,713363.134320763,5713197.17483046,1,204.16,209.17,21530044
20129,710871.379183655,5710650.78861907,1,327.26,367.19,23329264
20129,710695.070433552,5710084.9957039,1,325.57,321.14,24892446
20129,712212.284673469,5711407.15889014,0,323.8,352.49,19270304
20129,712159.817584792,5712022.81200409,0,334.49,292.84,3066236
20129,712339.43961162,5712006.99679136,0,309.86,364.9,11836815
20129,705320.828663897,5710327.90440246,0,197.03,237.6,9514168
20137,702870.061548783,5712788.44623535,1,244.18,235.71,346145
20137,703474.68619107,5712864.57884383,1,305.5,281.68,956131
20137,703342.441142555,5712968.41963854,1,302.68,348.46,1276041
20137,703284.628198107,5713030.94348525,1,278.06,303.87,2263772
20137,703551.128116026,5712618.9359332,1,269,290.53,2444678
20137,702974.443193172,5712786.62538846,1,356.22,312.14,2934182
20137,703997.307406713,5712210.06328179,1,262.77,257.53,2958636
20137,702878.431511642,5712864.69517811,1,256,316.14,3125544
20137,703799.648003521,5712926.70410577,1,376.61,374.08,3746309
20137,703421.585959031,5712813.03307302,1,335.02,353.01,3953342
20137,703557.718510585,5712923.94392113,1,241.16,250.36,5000168
20137,703026.335672074,5712826.63249296,1,287.71,266.48,6044263
20137,703234.091305474,5712753.53312438,1,333.63,344.44,6243949
20137,703276.753649437,5712617.90023333,1,258.11,287.83,6334420
20137,703233.978395145,5713010.68008688,1,286.43,317.42,6338046
20137,703672.905226162,5712301.50655059,1,266.69,277.43,6404175
20137,703466.825276815,5712897.4475585,1,271.38,269.75,6532743
20137,703491.222599761,5712636.97398864,1,240.57,278.7,6796383
20137,703435.904434591,5712934.94690909,1,282.31,317.15,6835505
20137,704148.902700797,5712856.99519918,1,306.26,242.46,7123363
20137,702818.010036038,5712848.00888578,1,192.66,282.24,7801663
20137,703199.663814784,5712829.30617051,1,255.48,334.95,10104883
20137,703888.983781494,5712750.99086249,1,262.32,302.78,10579056
20137,704189.486925894,5712786.89018301,1,250.34,300.25,10964095
20137,703920.479086136,5712701.71482567,1,356.22,331.86,11291076
20137,703756.296411288,5712607.30611337,1,208.98,234.52,11333386
20137,703269.864646233,5713057.26247954,1,178.27,176.01,11401376
20137,703185.498737257,5712851.34844944,1,289.14,326.08,11774335
20137,703439.409809627,5712689.63047271,1,306.46,348.15,11975277
20137,703801.150150129,5712688.55025669,1,314.65,332.92,12019727
20137,703263.113958385,5713089.38402597,1,249.34,342.71,13952701
20137,703634.194135295,5712666.58923324,1,204.38,189.94,14829891
20137,703449.840309083,5712807.75328463,1,199.64,177.95,15475640
20137,703113.346079313,5712865.16819401,1,317.52,314.13,16182253
20137,703045.867271378,5712731.36415719,1,231.76,303.82,17697600
20137,703352.35763053,5712858.70734654,1,231.28,251.33,17884362
20137,703298.316038277,5713018.83405457,1,276.9,335.94,18046933
20137,704032.59954055,5712780.25285031,1,257.8,236,18495730
20137,703771.974263692,5712794.100929,1,291.65,316,18561556
20137,703617.559107039,5712699.6825807,1,311.06,320.4,19001905
20137,703864.480623415,5712726.04261008,1,248.92,276.5,19180427
20137,703953.719827779,5712704.28395158,1,241.73,239.75,19577318
20137,703700.562374276,5712958.86795649,1,347.54,352.32,20519454
20137,703390.898411633,5712802.05822941,1,252.89,290.06,21256248
20137,703974.684986584,5712805.47676269,1,277.16,344.44,21437958
20137,703822.599590194,5712674.54749195,1,263.39,271.11,21480140
20137,702898.229595579,5712846.42696192,1,270.96,337.53,21913941
20137,703559.985996837,5712665.20964814,1,272.47,328.58,21929794
20137,703228.454869139,5712660.35480191,1,236.28,262.32,23171398
20137,703009.652711321,5712722.51013222,1,276.82,270.46,23360801
20137,703964.743152931,5712792.73535615,1,289.33,319.53,23864989
20137,703785.593656099,5712958.83327681,1,225.82,269.12,24358580
20137,703360.745415143,5712717.57456338,1,209.56,339.91,24964272
20137,703050.917610148,5712902.3002335,0,294.92,335.67,23809002
20137,703991.309604305,5712379.52527632,0,249.28,203.2,1919435
20137,703327.495356897,5712833.7778161,0,279.29,246.55,8585876
20137,703016.792773018,5712824.45699226,0,327.4,358.45,16583812
20137,703352.090938274,5712822.10046358,0,262.25,323.76,18479936
20137,702886.117201748,5712793.3756551,0,269.52,254.91,5170073
20137,703119.273564224,5712863.5943218,0,187.77,217.88,21926599
20137,703274.0985056,5712856.9642322,0,217.14,193.59,19490375
20140,711615.139611827,5710410.75684803,1,293.1,289.55,542417
20140,711119.05273101,5709347.33252354,1,274.17,345.49,812943
20140,710687.301459673,5708872.49263919,1,303.05,329.95,1305406
20140,711409.047088734,5709480.7311918,1,252.86,262.78,1372081
20140,712187.217366909,5710302.64976572,1,289.18,327.47,3085651
20140,713061.972529973,5712418.11903883,1,297.32,316.53,3876473
20140,712752.951412515,5711720.87490733,1,269.1,284.07,3960812
20140,713371.386790305,5712764.0422941,1,202.98,177.62,4822549
20140,712140.689216061,5710316.91988308,1,273.69,287.66,7487213
20140,712394.753193386,5710813.65821936,1,282.72,281.7,11579940
20140,710772.652765973,5709321.02381094,1,291.14,340.45,12555251
20140,710963.787857678,5709732.40447229,1,244.5,179.25,15487346
20140,711734.182591278,5710343.46526147,1,232.14,279.7,17694249
20140,711969.879168523,5710918.41530346,1,239.44,305.45,19325053
20140,712022.230855917,5710842.95457686,1,265.29,238.03,21273600
20140,710249.057904228,5708840.06242426,1,236.38,265.3,21791056
20140,711708.212071438,5710133.27327477,1,261.32,269.84,23622161
20140,710807.134748528,5709805.27424125,1,253.74,234.61,24289761
20140,710433.772250077,5709036.93802231,0,286.61,224.75,20797595
20140,710269.50719276,5709084.14886274,0,213.38,191.18,9793390
20140,712561.853688683,5710978.49238242,0,326.32,325.98,10717007
20173,704989.058436027,5707726.63909106,1,279.87,291.48,10445
20173,704221.721087972,5707136.15105422,1,317.15,325.52,141156
20173,704295.077754279,5707160.43254187,1,253.01,310.51,940880
20173,704855.415974077,5708164.37809397,1,234.9,259.28,1770815
20173,704047.749467154,5707692.64891861,1,316.07,319.05,1811503
20173,703714.600240756,5707887.91091815,1,300.14,340.57,2691889
20173,705087.304714924,5707711.66487896,1,299.45,277.38,3075611
20173,704163.143438194,5707200.53504544,1,222.94,272.65,3932191
20173,704361.034631635,5708042.00202799,1,216.51,222.6,4182658
20173,704337.169424548,5708101.64839632,1,244.8,296.55,4742606
20173,704051.997024535,5707082.5929066,1,193.99,154.99,4873338
20173,704271.555088253,5707114.28194522,1,252.42,264.14,5238338
20173,703425.514431227,5707806.94873823,1,285.68,304.45,5262873
20173,703657.222248408,5707706.03629822,1,255.41,247.82,5826439
20173,705105.693766819,5707741.08131726,1,268.7,257.66,5851919
20173,703915.768124181,5707233.90813356,1,273.98,293.62,5854097
20173,704968.351822865,5708238.46988983,1,236.5,213.04,5908285
20173,704502.206319731,5707737.60033593,1,166.34,266.29,5934863
20173,704370.575679772,5707660.8680779,1,231.05,249.43,6482234
20173,704409.468209836,5707760.58296787,1,202.58,232.43,6741364
20173,704322.329622415,5707712.06328993,1,280.88,305.86,6885584
20173,703877.919455871,5707157.27054049,1,235.23,191.61,7709883
20173,704199.069031395,5707742.8492012,1,307.96,320.64,7920249
20173,704030.642112303,5707166.63833751,1,250.82,278.08,8129743
20173,704201.357450423,5707144.80170454,1,208.79,272.71,9252191
20173,704057.593167249,5707111.02829598,1,312.93,293.94,9355513
20173,705157.50756291,5708261.1749651,1,222.76,291.41,9973353
20173,705019.556950025,5707668.73837524,1,297.06,341,10084726
20173,704928.067421012,5706989.15107939,1,200.19,199.97,10937957
20173,704070.709835678,5707093.19508728,1,271.62,306.89,11271664
20173,704279.505178876,5707126.28089228,1,221.36,260.31,11428716
20173,705038.436161532,5708152.24095268,1,270.33,244.92,11920022
20173,704122.9614312,5707589.35444918,1,208.31,230.39,13234249
20173,705017.651692966,5707910.35916523,1,219.27,253.74,13247171
20173,704206.777242271,5707235.93057208,1,240.75,284.01,13625224
20173,704075.864367002,5707172.69722379,1,156.8,171.24,13657240
20173,704038.868206212,5707228.4863645,1,249.37,234.48,14316641
20173,704150.52593136,5707142.95020908,1,214.38,217.86,14607397
20173,704270.361811095,5707293.57824453,1,183.03,159.23,14770068
20173,704937.765994939,5708225.04819341,1,209.08,204.38,15567746
20173,703838.904440478,5707160.77240483,1,281.04,286.79,15583120
20173,705094.523807939,5708056.2192274,1,189.74,206.98,15695204
20173,704930.532308002,5707542.51018732,1,183.4,218.25,15892200
20173,704369.425490523,5707752.43791802,1,304.15,303.46,16143965
20173,704190.360427058,5707205.2921915,1,327.13,351.27,17189122
20173,703855.651954427,5707155.105246,1,220.3,340.89,17226207
20173,703826.912032771,5707849.93033221,1,243.7,189.95,17302429
20173,704877.910873739,5707487.0958584,1,339.82,345.73,18447373
20173,704202.981639997,5707656.8093031,1,264.68,341.66,18614579
20173,704011.632125772,5707593.36221829,1,186.11,242.69,19297362
20173,705062.53877594,5707679.3476438,1,309.88,291.53,19463801
20173,704922.870185831,5707354.34423673,1,204.72,169.89,20628130
20173,704709.108774935,5707820.18889395,1,214.63,294.53,21310580
20173,704572.812118103,5707604.57229305,1,248.24,282.02,21449853
20173,704222.254578605,5707066.80135593,1,207.93,224.43,21511789
20173,704086.692948156,5707921.82969883,1,260.3,296.52,21635502
20173,704640.171930692,5707635.15802798,1,265.05,249.97,22452016
20173,705192.841752611,5708167.04745611,1,204.58,261.14,22771754
20173,704167.754232145,5707673.08606399,1,241.89,284.58,22850986
20173,704089.526355679,5707575.0788913,1,299.9,321.15,23171693
20173,704859.757215342,5707277.93334328,1,281.65,339.89,23328645
20173,704292.624274387,5707999.37967323,1,249.16,202.37,23532736
20173,704142.299510228,5707114.97336109,1,302.58,243.72,23689056
20173,704871.238422801,5707426.26997424,1,206.52,269.22,23846362
20173,704774.034636925,5708203.89437018,1,235.61,299.76,24243981
20173,703695.155128811,5707879.83098319,1,219.29,302.51,25515164
20173,703517.56529231,5707593.53399781,0,352.49,311.4,22932381
20173,712118.581386081,5710274.1855071,0,241.51,273.74,21497220
20173,712888.762435922,5711720.8264545,0,291.1,321.04,505076
20173,712927.045402144,5711788.80632745,0,272.52,263.42,5908519
20173,712784.990099959,5711758.46546826,0,282.92,257.22,18826903
20173,703611.391767342,5710677.24071895,0,290.23,218.52,4871575
20173,704963.930148474,5710641.32265029,0,338.5,364.9,19432016
20173,703318.727111504,5711839.57749424,0,249.59,272.14,6615362
20173,704565.812089658,5710118.11502839,0,218.67,239.16,2145364
20173,704418.37976727,5709959.37124188,0,217.84,281.51,12822034
20173,704608.450369107,5710061.22745408,0,322.29,305.32,2468982
20173,704884.59794835,5710206.1521642,0,219.02,230.03,1208809
20173,704722.868927996,5710184.78653418,0,257.4,192.39,24393611
20173,705331.081511957,5710887.56362276,0,329.42,356.6,23285057
20173,704072.877808754,5711794.36002197,0,262.24,187.18,24387075
20180,707350.628708703,5707855.39399408,1,351.33,361.47,24724
20180,705290.811788169,5708137.63250855,1,257.15,255.03,410406
20180,705441.358442464,5707806.10862761,1,243.85,277.72,1045474
20180,706319.588998432,5708297.7286685,1,294.58,324.85,2043342
20180,706469.911483018,5708115.78592067,1,372.35,374.08,2137072
20180,706058.538108261,5708030.0612274,1,299.54,331.86,2779704
20180,706613.159310289,5708266.73049789,1,248.25,323.31,3249399
20180,706259.475602096,5708322.92909661,1,223.03,290.48,4488836
20180,707568.60059671,5707945.14399532,1,292.88,284.34,4490796
20180,707324.328204237,5707938.22210889,1,256.96,313.24,6083300
20180,707354.807102761,5708013.64738393,1,215.92,201.84,6329498
20180,707102.436857409,5708051.3648492,1,244.41,308.46,6375392
20180,707397.033743192,5708530.82855371,1,266.02,278.65,8132387
20180,706044.00781762,5708024.90253899,1,245.72,255.06,8423011
20180,705359.643325527,5708361.2552757,1,346.1,337.59,8842246
20180,706177.908985283,5708258.36445759,1,262.9,268.64,9965517
20180,707711.104261327,5708787.3264962,1,258.83,364.9,10685369
20180,705825.396345901,5707962.2174102,1,272.8,289.24,11322701
20180,707385.759659043,5708520.07299004,1,209.01,243.29,11745673
20180,707463.347783321,5708536.68184834,1,318.06,306.86,12074030
20180,707679.850212236,5708750.41030321,1,255.69,335.05,12316900
20180,706722.66349068,5708299.05506718,1,309.49,345.03,13078920
20180,706071.907849431,5708067.64556324,1,273.43,292.65,13356784
20180,707625.977895891,5708036.68540409,1,256.05,216.66,13508295
20180,705520.892890814,5707907.29738733,1,283.87,288.14,16044954
20180,705840.687370306,5707904.30605092,1,231.27,308.59,18554767
20180,706444.081563258,5708533.36790435,1,252.23,290.8,18602931
20180,706563.208492138,5708245.90381373,1,231.05,267.5,20211376
20180,707379.940941996,5708194.30860201,1,259.81,295.56,20235455
20180,706297.317700876,5708103.91722172,1,312.07,339.62,21070619
20180,706445.871054034,5708537.90718767,1,275.13,322.85,21324659
20180,705397.689183097,5708027.86892883,1,193.32,229.56,21441548
20180,706597.486531586,5707855.99780265,1,276.46,325.73,22205373
20180,707561.499749392,5708669.10384787,1,256.76,247.53,22259285
20180,707598.759494666,5708714.24779739,1,372.35,374.08,22885396
20180,705616.282344742,5707882.23182118,1,284.73,245.81,22939333
20180,706012.335506322,5708045.28468482,1,271.8,326.76,22981900
20180,706441.618171045,5707877.65843166,1,257.57,244.55,23976115
20181,708543.801301383,5710726.17764853,1,322,300.71,1917419
20181,708341.366890085,5710382.21909159,1,284.19,313.28,3066321
20181,708613.370680336,5710825.77043302,1,345.77,367.65,4383008
20181,708446.107278641,5710774.79676186,1,332.65,261,6660941
20181,708548.037268927,5710095.02582806,1,380.6,335.82,7368609
20181,708511.097543784,5710251.17660222,1,258.49,252.18,10100032
20181,708251.668417273,5710614.06092652,1,332.37,322.32,10773154
20181,708445.115951535,5710930.60241178,1,275.27,282.24,11862792
20181,708346.764080468,5710322.32677114,1,327.57,337.51,13108129
20181,708481.62035776,5710765.29221781,1,279.83,285.59,13177546
20181,708455.747780719,5710808.30523908,1,285.38,331.44,17071572
20181,708442.336180408,5710803.66874127,1,300.31,335.11,17991736
20181,708401.764745628,5710781.35377824,1,235.61,306.25,19691371
20181,708556.784952099,5710761.18883316,1,323.08,223.61,22450715
20181,708872.988061706,5710531.5485416,1,352.96,338.66,23237816
20181,708689.465593495,5710723.93546345,0,307.42,288.99,21710099
20181,708115.203422999,5710644.47899135,0,205.82,257.48,15988302
20181,707267.214662019,5710923.74082831,0,314.43,291.98,679424
20181,705997.711028766,5708722.81716244,0,285.3,298.13,5653338
20181,709142.549594045,5708912.77960493,0,245.53,296.89,9253813
20181,705726.2090551,5708905.56422635,0,249.34,322.58,16302926
20181,705862.446607948,5709954.97553393,0,292.02,318.22,2513502
20181,705841.934362043,5709286.38716467,0,297.25,331.72,3601666
20181,708110.166045233,5708832.7958287,0,339.82,368.75,23797704
20181,708540.547648324,5708898.79727947,0,309.24,300.53,23488441
20181,707879.953816194,5708202.20955381,0,322.67,341.17,2929190
20181,708003.644861073,5708193.62433103,0,307.92,332.68,6346005
20181,708021.996708011,5708799.56597416,0,256.17,313.58,23004297
20181,708995.135409214,5708666.42760452,0,275.13,228.92,17895404
20181,708076.079103971,5708443.63196112,0,343.08,345.74,11434169
20181,707919.357209145,5708854.42912449,0,264.71,316.11,4305036
20181,708017.96487944,5708746.22220788,0,324.52,287.71,3438467
20181,712549.572324317,5711840.1513671,0,324.62,354.42,22705316
20181,712913.326759213,5711647.18810286,0,376.61,367.65,8381852
20181,712991.590197348,5712531.33072462,0,293.99,382.99,23453583
20181,712269.957694658,5710727.81503083,0,288.34,277.21,23224872
20181,712673.083918623,5711597.44354451,0,293.29,313.59,22483073
20181,706246.145708886,5707572.36885662,0,327.7,341.11,21368933
20181,706606.063462268,5707666.43595413,0,297.24,336.59,15924070
20181,706805.299407267,5707734.90470079,0,320.7,287.14,18768130
20181,705992.728472517,5707575.86194484,0,278.2,315.57,3369104
20181,708929.813356109,5709768.4432614,0,313.38,370.17,16566032
20181,703884.967771326,5707193.69505297,0,271.68,374.08,13719611
20181,705016.882430036,5707529.41381086,0,321.95,253.9,211624
20181,704385.853508283,5707975.52527143,0,302.61,256.6,6362370
20181,704300.149873564,5707689.25745712,0,184.3,236.22,3611156
20181,704472.75646795,5709972.75237426,0,326.78,324.16,10952444
20181,705594.057177153,5711234.01589874,0,322.22,358.45,17068559
20181,704778.643244618,5710388.93984137,0,317.46,344.44,21554876
20212,706774.802549964,5709353.97176865,1,219.69,236.64,4405529
20212,707118.938714958,5710596.02137261,1,223.62,167.58,4755039
20212,706372.397685506,5709954.02047245,1,225.46,332.79,6076957
20212,706021.56664499,5709221.35378833,1,244.33,300.58,8828688
20212,706087.816179861,5709210.04484507,1,301,346.51,8890414
20212,708808.328500678,5708901.33265933,1,187.8,189.42,9928697
20212,706772.405729016,5709662.13246913,1,230.81,275.52,10835831
20212,707452.133722906,5710737.24696579,1,288.86,345.98,12647673
20212,705747.864793578,5708662.28619738,1,307.26,293.01,13777713
20212,706830.872799458,5710300.70605304,1,223.42,241.67,16614479
20212,709667.028054061,5709609.09072177,1,273.12,215.3,17386438
20212,708488.913498347,5709915.38986752,1,253.72,300.97,17609506
20212,706931.096225339,5710389.02065204,1,270.59,330.69,18854328
20212,709459.40761275,5709587.69905738,1,331.51,327.63,18920879
20212,705959.498641645,5709302.17157832,1,273.61,330.03,20008412
20212,707750.118426014,5710522.48868959,1,324.71,292.07,21136963
20212,709525.781631836,5708825.47203021,1,243.07,276.09,21462605
20212,706684.771403548,5709935.68341766,1,241.84,339.9,21646081
20212,708604.677947456,5708920.52853961,1,266.04,302.32,21726892
20212,706721.142390698,5710011.33546893,1,321.28,307.1,24715731
20212,709541.634192781,5709475.88572224,0,279.71,302.04,24603768
20212,707128.593920296,5710829.29375124,0,301.33,307.67,25624265
20212,708410.546084057,5710108.91476234,0,206.69,240.56,15666785
20212,706751.436179784,5709609.56772989,0,261.34,275.05,202642
20212,709410.938998967,5708845.64902524,0,300.47,246.74,10252025
20212,704691.918591183,5712904.83555685,0,262.34,261.79,2640618
20212,705764.605951424,5708063.68426639,0,217.07,274.97,22991896
20212,707047.838648699,5708184.16077208,0,248.85,287.8,2859138
20212,707558.714671732,5708297.09331212,0,318.54,302.13,21467177
20212,705555.350017909,5708014.19915771,0,215,253.41,453150
20212,705835.533393589,5708197.40971333,0,305,257,355058
20218,707082.144704503,5709748.760307,1,174.58,210.94,896626
20218,709491.219328432,5709072.62977793,1,249.36,267.96,3915029
20218,707663.247460799,5709331.20464385,1,260.2,258.73,6367782
20218,706383.434009579,5710032.10920255,1,257.1,265.86,7692988
20218,708219.933084072,5709522.04535453,1,286.46,333.43,8657242
20218,706120.513040051,5708923.00626956,1,258.53,281.82,11915612
20218,705836.250972425,5708920.78170464,1,256.74,293.96,14972534
20218,706404.829335466,5709769.96945874,1,241.6,318.93,15780376
20218,708715.092238638,5709221.72876409,1,262.48,340.18,19836297
20218,709816.101563074,5709624.54927622,1,256.63,279.66,21147974
20218,707144.098336072,5709849.31889789,0,221.2,195.69,14427738
20218,709470.861123213,5709640.27525125,0,291.9,339.62,7926734
20218,706182.272264345,5709578.49760019,0,262.71,328.81,17477683
20218,706778.174476949,5710202.3534831,0,227.42,258.3,5184231
20218,707455.166457951,5708988.40797878,0,336.59,382.99,11279617
20218,707370.270863099,5709910.94612734,0,267.02,292.9,19302574
20218,708410.15248339,5709250.59708667,0,250.72,286.73,19570509
20218,706240.897468751,5709122.04706038,0,239.61,304.97,4325278
20218,709467.839828399,5709000.03292935,0,302.75,332.24,6730972
20218,714956.22750341,5714215.62502153,0,224.52,266.65,14441952
20218,711309.347325903,5711559.89253144,0,258.7,273.67,16811459
20218,714897.747174722,5714309.94092432,0,199.95,208.22,18058661
20218,711244.111420013,5711443.18815514,0,226.3,236.73,16817916
20218,710906.423142945,5711321.38143556,0,233.58,227.54,14480796
20226,710795.450264484,5710740.83900225,1,283.1,328.96,222092
20226,713117.646006076,5713150.52091288,1,299.21,305.08,454454
20226,714354.219208792,5714004.62434077,1,241.81,265.69,622534
20226,714112.606091024,5713758.7595706,1,231.78,303.24,792775
20226,710240.916410329,5710388.6531147,1,299.41,305.39,864008
20226,710658.882563133,5710402.95182435,1,200.74,200.28,1757442
20226,708663.142495915,5710173.96679432,1,290.62,325.43,2020021
20226,709772.047099091,5709849.43581204,1,227.55,231.78,2736449
20226,712288.293400696,5711918.80124107,1,222.14,269.18,2898255
20226,711040.615960083,5710460.06178557,1,307.85,295.46,3791348
20226,710890.925229124,5710891.90277938,1,296.91,297.19,5054870
20226,711392.128249167,5711231.87539748,1,295.42,242.8,5332624
20226,712289.607395358,5711674.18715426,1,266.9,273.23,5968950
20226,712168.261430851,5711491.90816521,1,260.53,234.62,6159504
20226,710633.374367998,5711314.93769255,1,291.96,309.06,6490572
20226,712599.340668406,5712474.80849751,1,314.26,286.91,6691733
20226,714329.452405122,5713768.20996787,1,266.69,230.25,7615478
20226,711388.004837087,5711135.67289854,1,251.21,256.41,7952060
20226,708685.041544294,5710220.63329255,1,238.04,295.49,8509491
20226,710147.120849771,5710350.10939204,1,167.53,308.59,8622838
20226,709914.344286221,5710302.62161655,1,261,242.25,8893173
20226,709632.455339557,5710176.8948729,1,185.41,267.39,9179957
20226,712017.33145248,5712051.07089485,1,270.06,289.38,10056257
20226,712027.301687088,5711249.85772499,1,271.63,321.74,10929499
20226,711759.420928134,5711609.39738948,1,214.19,244.16,11201598
20226,711845.052642581,5711519.54711482,1,241.52,220.72,12574521
20226,712044.721144332,5711458.63535041,1,264.43,304.78,14400728
20226,709312.461495348,5710255.44579317,1,233.04,259.56,14406562
20226,712258.700892426,5711598.91072511,1,290.05,262.79,14474675
20226,710737.877910264,5710568.7941863,1,327.21,292.06,14604087
20226,712363.040565636,5711910.52650303,1,230.11,341.32,14860758
20226,710354.018783628,5709724.33398519,1,372.35,374.08,15755508
20226,712334.599587008,5711779.57446193,1,260.82,254.31,15876388
20226,712175.987187926,5712208.99623351,1,257.42,275.33,16458801
20226,709940.277257079,5709808.59254017,1,281.65,236.32,16646973
20226,710535.595818382,5711003.47589498,1,267.16,279.98,17672629
20226,712699.392914333,5712366.30685511,1,243.64,210.96,18494452
20226,708880.829551298,5710112.33203661,1,284.95,294.36,18774690
20226,712235.317562137,5712072.69408935,1,266.63,255.2,19512917
20226,713430.583017256,5713241.15378413,1,272.66,258.25,20007134
20226,711371.443418301,5711353.22578784,1,237.28,277.57,20892157
20226,711415.100800633,5711493.13662111,1,262.36,282.03,21549811
20226,713172.700535849,5713024.51628398,1,231.27,252.6,21643569
20226,710827.445300744,5710864.53357515,1,327.91,338.63,21737876
20226,712181.756324528,5711823.16913127,1,188.68,251.05,22779678
20226,709852.315459486,5709811.35129611,1,271.25,241.39,23096067
20226,710890.769745387,5710777.64589598,1,297.6,293.64,23219727
20226,712587.411705023,5712312.46173819,1,248.66,274.19,23621370
20226,712108.332629033,5711616.30866488,1,156.42,271.63,24075101
20226,712130.236351655,5712105.59529576,1,210.5,199.96,24254479
20226,714166.853905825,5713785.51120492,1,220.04,186.02,24917329
20226,710658.701492598,5711258.99562669,0,256.35,294.51,13922250
20226,709296.660835655,5709977.41666985,0,197.56,285.98,1030933
20226,711539.356948524,5710660.04139614,0,271.03,233.23,181016
20226,711865.026988248,5711258.04810422,0,218.41,229.43,14342258
20226,712295.840611197,5711814.67588196,0,241.62,294.44,23305127
20226,713601.113836461,5713868.40309315,0,347.69,306.74,14865081
20226,712798.215988183,5712552.93978209,0,266.77,275.82,15126635
20265,710423.530883803,5708867.85068332,1,160.45,193.62,1004022
20265,710344.98510322,5709047.87573905,1,222.55,285.64,1814968
20265,711519.675781349,5710361.61414076,1,315.55,315.97,2390868
20265,710765.338309173,5709210.97926392,1,242.06,232.67,3560866
20265,712347.950431299,5711066.60078837,1,235.44,253.13,3681822
20265,710538.629292237,5708980.98987249,1,351.1,340.89,3718985
20265,710996.711770511,5709311.00306273,1,289.67,302.25,3756825
20265,713393.711097521,5712561.12425266,1,293.02,241.42,3898056
20265,710973.902558358,5709940.71576999,1,305.61,291.59,4292742
20265,711420.090524084,5710385.18500805,1,253.55,305.57,4798110
20265,712706.456078278,5711231.43034842,1,330.88,382.99,5384821
20265,712012.187789282,5709994.49533843,1,259.3,288.71,5533879
20265,712946.562472943,5711617.5246885,1,171.53,231.61,5988115
20265,710997.433984102,5709284.02817189,1,307.59,292.9,6030161
20265,711343.733020988,5709674.91387894,1,269.45,265.56,6202579
20265,712758.468092825,5711645.09508917,1,229.42,277.38,6996930
20265,713049.48141458,5712436.46179935,1,162.38,135.65,7112975
20265,709848.941145899,5708518.65377694,1,256.78,293.44,7673002
20265,711219.416742898,5709698.25026558,1,340.2,317.14,7679473
20265,710526.474269142,5708794.86904605,1,294.23,295.99,8747171
20265,712475.99683974,5711395.01451937,1,180.89,225.57,8753777
20265,710393.904350284,5708921.89833135,1,291.89,280.07,8902181
20265,712293.528650587,5710407.17318275,1,217.83,265.3,9463404
20265,711340.555320458,5710336.99970843,1,264.31,274.09,9959421
20265,711014.690684883,5709241.58844956,1,241.23,303.68,10144097
20265,713124.92671074,5712617.07833698,1,211.95,260.63,10339107
20265,711690.860980243,5709839.37085642,1,251.98,298.76,10499660
20265,713891.009995233,5712863.18373571,1,374.17,337.53,12017555
20265,712239.354062932,5710734.06704995,1,376.61,382.99,12266134
20265,713742.116688417,5713098.7632384,1,198.05,168.6,12521022
20265,713776.830081288,5713280.15711338,1,253.24,321.78,13859194
20265,713057.419502753,5712333.83855918,1,235.53,191.26,14315975
20265,712335.366964748,5710337.71594756,1,312.8,325.09,14525997
20265,712647.196499266,5711818.21700839,1,288.04,294.52,14729926
20265,712090.761251641,5710211.96008493,1,201.36,202.92,15220037
20265,712506.219691659,5711179.16945787,1,277.12,326.07,16299235
20265,713901.375878652,5712799.07442128,1,218.73,164.92,16387882
20265,710086.600841416,5708735.95654009,1,266.69,302.82,16994090
20265,711346.389202893,5709979.97011969,1,322.56,298.26,17046581
20265,711712.453201369,5709842.66130132,1,202.22,202.31,17478469
20265,712782.13133361,5711481.32129562,1,260.29,233.26,17954859
20265,713197.77282904,5712543.94145062,1,260.22,232.74,18040672
20265,711203.307738626,5709675.57848998,1,233.44,277.72,18553474
20265,712263.931720741,5710228.24198413,1,205.74,155.08,19296124
20265,711513.005469637,5709495.54456362,1,276.53,210.26,19574833
20265,712849.345387796,5711978.07183839,1,200.99,268.74,19795264
20265,711846.419068095,5710771.68231769,1,234.71,267.31,19956876
20265,713224.058631056,5712483.35209941,1,241.38,227.01,20592199
20265,712568.089651839,5711341.87751495,1,303.64,314.51,22255084
20265,712224.773315952,5710167.81889018,1,190.2,252.78,22418090
20265,713262.162152402,5712943.80258333,1,156.37,244.25,22796348
20265,710828.537329786,5708985.7716785,1,275.2,311.34,22985246
20265,710277.152544616,5708899.36484537,1,215.48,298.72,24284189
20265,712553.795238331,5711024.84495326,1,221.94,345.63,24914459
20265,713059.379795446,5712510.71310792,1,261.15,278.09,24959355
20265,711556.271406349,5710315.2138138,0,257.07,192.53,18615314
20265,711314.358960576,5709619.74580368,0,309.84,337.59,20092532
20274,704852.419440307,5708070.0971385,1,267.07,367.65,1018092
20274,704863.892680488,5707540.3609576,1,313.25,329.82,1357056
20274,704954.209886114,5707771.87206018,1,261.17,213.82,1714266
20274,705284.53248288,5708268.03139358,1,283.09,352.55,1949805
20274,704735.504451279,5707906.44058659,1,202.5,157.29,2314951
20274,705046.968475322,5708006.21032882,1,257.83,286.11,2388386
20274,704989.666693312,5707813.25080066,1,243.09,353.37,3974083
20274,703986.340059654,5707579.14710117,1,232.57,261.8,4160768
20274,705014.51013574,5708273.63430027,1,220.17,270,4201524
20274,704047.736540362,5707231.89256015,1,220.96,212.52,4798028
20274,704186.031716216,5707130.32563781,1,187.11,223.54,5099793
20274,704149.370399023,5707762.97599655,1,197.44,232.47,5598990
20274,704037.258840019,5707932.35999718,1,194.14,298.77,7333046
20274,703900.189722351,5707823.48126413,1,269,282.71,7464785
20274,704189.085761704,5707598.84420721,1,274.14,301.56,7970388
20274,704207.462727748,5707237.93758526,1,246.79,292.18,8198709
20274,705128.993525271,5708166.95375255,1,228.82,257.04,9419935
20274,703351.817487723,5707635.53420343,1,315.03,330.02,10026747
20274,703443.824541748,5707645.77278945,1,177.12,241.17,10138979
20274,704037.884643689,5707199.35503364,1,277.66,227.62,11446385
20274,704101.347496209,5707075.99027695,1,254.64,266.95,13718789
20274,705266.693102222,5708240.63682626,1,215.18,282.47,14150387
20274,703989.709775643,5707125.93498775,1,173.32,228.63,14426998
20274,703764.959558455,5707035.98945747,1,267.62,374.08,15322177
20274,704335.52674216,5707666.4192627,1,256.51,289.52,15625472
20274,704143.996270599,5707119.68870122,1,254.3,273.68,16329877
20274,704195.837856171,5707602.31462722,1,313.69,311.85,16875037
20274,703798.011614435,5707770.18973228,1,217.94,292.29,17037519
20274,704993.743863591,5707886.33802349,1,307.55,310.38,17252338
20274,704437.479092642,5707691.71490294,1,275.51,324.03,18820184
20274,705070.352443414,5707684.13713258,1,158.8,234.15,20557935
20274,704012.593743277,5707616.42800065,1,217.88,152.05,21331375
20274,704829.43457054,5707327.11182202,1,184.69,246.39,22710170
20274,703839.269323991,5707231.10722846,1,306.74,308.23,23449540
20274,703383.206834896,5707799.04665659,1,254.33,278.98,24306696
20274,704158.625421685,5707107.7304357,1,169.42,210.48,24715335
20274,704639.77554887,5707706.50236868,0,186.33,254.76,199040
20274,704396.074661553,5707620.45950702,0,192.35,230.49,19050454
20274,704332.367678441,5707090.74975535,0,218.1,266.21,12580836
20274,704896.776961382,5708200.65296567,0,217.07,232.71,13323861
20274,705733.810937582,5711137.90591989,0,260.18,313.63,5145158
