11,21,29,41,60,0,0,0,0,0,0,0,0,0
60,21,14,44,11,48,0,0,0,0,0,0,0,0
60,48,11,44,14,58,21,29,0,0,0,0,0,0
44,60,11,51,14,20,37,21,26,0,0,0,0,0
60,48,61,0,0,0,0,0,0,0,0,0,0,0
60,17,44,21,14,11,0,0,0,0,0,0,0,0
14,43,60,48,4,0,0,0,0,0,0,0,0,0
53,24,48,11,51,7,0,0,0,0,0,0,0,0
11,60,17,21,9,14,0,0,0,0,0,0,0,0
29,28,44,21,43,60,20,0,0,0,0,0,0,0
61,11,60,42,28,48,17,0,0,0,0,0,0,0
60,42,11,12,48,35,0,0,0,0,0,0,0,0
48,11,35,0,0,0,0,0,0,0,0,0,0,0
60,61,48,0,0,0,0,0,0,0,0,0,0,0
55,37,13,39,0,0,0,0,0,0,0,0,0,0
9,41,28,38,60,48,51,52,0,0,0,0,0,0
60,17,14,35,11,41,28,48,12,0,0,0,0,0
11,48,35,41,60,29,21,0,0,0,0,0,0,0
48,61,12,42,11,60,28,35,0,0,0,0,0,0
11,28,48,61,60,35,0,0,0,0,0,0,0,0
35,3,11,9,60,48,0,0,0,0,0,0,0,0
11,35,60,48,59,17,61,9,0,0,0,0,0,0
48,61,9,60,17,11,12,38,35,28,0,0,0,0
48,11,28,21,14,24,42,0,0,0,0,0,0,0
11,44,17,28,29,60,42,48,61,0,0,0,0,0
48,60,17,51,11,49,4,28,0,0,0,0,0,0
60,61,0,0,0,0,0,0,0,0,0,0,0,0
21,11,60,14,43,29,44,28,0,0,0,0,0,0
48,61,11,21,60,0,0,0,0,0,0,0,0,0
11,55,14,60,41,44,0,0,0,0,0,0,0,0
20,11,41,21,60,26,44,14,1,29,25,0,0,0
42,28,11,61,60,48,0,0,0,0,0,0,0,0
41,60,0,0,0,0,0,0,0,0,0,0,0,0
11,60,61,21,0,0,0,0,0,0,0,0,0,0
11,60,44,48,21,25,61,43,0,0,0,0,0,0
37,25,0,0,0,0,0,0,0,0,0,0,0,0
60,0,0,0,0,0,0,0,0,0,0,0,0,0
60,28,21,61,14,11,41,17,4,44,0,0,0,0
11,48,0,0,0,0,0,0,0,0,0,0,0,0
21,60,11,14,0,0,0,0,0,0,0,0,0,0
60,41,21,17,61,49,0,0,0,0,0,0,0,0
11,58,60,44,25,29,14,0,0,0,0,0,0,0
21,58,35,11,60,0,0,0,0,0,0,0,0,0
29,21,2,60,11,0,0,0,0,0,0,0,0,0
60,42,11,44,19,0,0,0,0,0,0,0,0,0
14,25,55,13,38,0,0,0,0,0,0,0,0,0
44,11,14,43,0,0,0,0,0,0,0,0,0,0
11,14,60,25,0,0,0,0,0,0,0,0,0,0
21,29,61,37,11,13,2,0,0,0,0,0,0,0
60,42,0,0,0,0,0,0,0,0,0,0,0,0
60,48,52,21,61,11,17,9,35,0,0,0,0,0
48,21,9,0,0,0,0,0,0,0,0,0,0,0
60,35,11,61,41,21,0,0,0,0,0,0,0,0
11,60,55,48,29,35,25,0,0,0,0,0,0,0
48,35,11,60,9,41,53,0,0,0,0,0,0,0
11,60,21,35,61,14,58,44,25,42,0,0,0,0
11,21,0,0,0,0,0,0,0,0,0,0,0,0
11,48,21,35,0,0,0,0,0,0,0,0,0,0
60,21,11,48,51,0,0,0,0,0,0,0,0,0
60,38,21,61,48,11,0,0,0,0,0,0,0,0
11,51,60,35,48,42,0,0,0,0,0,0,0,0
44,61,29,60,42,14,41,0,0,0,0,0,0,0
11,51,42,48,60,35,0,0,0,0,0,0,0,0
48,11,61,60,0,0,0,0,0,0,0,0,0,0
12,48,11,24,9,0,0,0,0,0,0,0,0,0
57,61,9,48,53,35,0,0,0,0,0,0,0,0
17,60,29,55,0,0,0,0,0,0,0,0,0,0
48,42,9,11,21,22,35,0,0,0,0,0,0,0
61,60,21,14,0,0,0,0,0,0,0,0,0,0
38,11,60,48,0,0,0,0,0,0,0,0,0,0
60,48,61,35,11,28,52,41,18,3,42,0,0,0
60,48,42,61,35,49,11,4,9,0,0,0,0,0
37,60,14,35,48,51,0,0,0,0,0,0,0,0
60,52,53,14,41,0,0,0,0,0,0,0,0,0
60,61,19,11,21,14,2,0,0,0,0,0,0,0
60,35,48,41,61,0,0,0,0,0,0,0,0,0
21,35,3,41,60,28,0,0,0,0,0,0,0,0
11,60,41,44,29,62,14,0,0,0,0,0,0,0
17,60,52,11,48,35,50,0,0,0,0,0,0,0
60,18,11,48,0,0,0,0,0,0,0,0,0,0
60,11,14,2,54,25,29,0,0,0,0,0,0,0
35,53,61,48,0,0,0,0,0,0,0,0,0,0
48,12,60,3,58,17,11,35,0,0,0,0,0,0
3,11,0,0,0,0,0,0,0,0,0,0,0,0
11,48,60,51,18,61,38,0,0,0,0,0,0,0
61,11,28,0,0,0,0,0,0,0,0,0,0,0
35,53,60,50,0,0,0,0,0,0,0,0,0,0
11,60,14,43,21,19,44,0,0,0,0,0,0,0
18,48,57,60,11,41,53,42,28,38,22,27,0,0
60,25,13,11,61,21,48,55,44,0,0,0,0,0
48,52,35,42,0,0,0,0,0,0,0,0,0,0
11,60,41,0,0,0,0,0,0,0,0,0,0,0
61,11,48,14,0,0,0,0,0,0,0,0,0,0
48,0,0,0,0,0,0,0,0,0,0,0,0,0
18,48,21,0,0,0,0,0,0,0,0,0,0,0
35,51,61,0,0,0,0,0,0,0,0,0,0,0
42,3,48,60,57,0,0,0,0,0,0,0,0,0
9,48,60,4,28,17,51,0,0,0,0,0,0,0
55,60,21,29,25,44,58,37,0,0,0,0,0,0
11,60,29,26,12,44,21,17,0,0,0,0,0,0
60,61,12,3,11,58,0,0,0,0,0,0,0,0
61,60,11,41,18,0,0,0,0,0,0,0,0,0
60,24,11,51,17,49,41,0,0,0,0,0,0,0
60,61,48,7,57,11,0,0,0,0,0,0,0,0
11,9,60,0,0,0,0,0,0,0,0,0,0,0
21,48,35,0,0,0,0,0,0,0,0,0,0,0
4,48,38,0,0,0,0,0,0,0,0,0,0,0
11,48,35,51,60,38,9,61,0,0,0,0,0,0
11,60,48,61,38,35,9,52,0,0,0,0,0,0
48,38,35,60,52,4,0,0,0,0,0,0,0,0
11,48,35,0,0,0,0,0,0,0,0,0,0,0
3,35,42,48,4,11,0,0,0,0,0,0,0,0
60,11,7,61,4,35,0,0,0,0,0,0,0,0
11,48,21,60,55,29,42,19,0,0,0,0,0,0
60,11,0,0,0,0,0,0,0,0,0,0,0,0
60,11,0,0,0,0,0,0,0,0,0,0,0,0
60,35,11,48,49,12,44,61,0,0,0,0,0,0
48,35,60,11,19,61,17,4,53,0,0,0,0,0
11,51,60,7,35,48,61,53,0,0,0,0,0,0
21,60,11,0,0,0,0,0,0,0,0,0,0,0
21,11,60,29,31,0,0,0,0,0,0,0,0,0
11,14,21,29,60,0,0,0,0,0,0,0,0,0
13,37,43,48,9,0,0,0,0,0,0,0,0,0
35,49,11,53,48,42,25,21,0,0,0,0,0,0
29,60,14,11,21,48,25,0,0,0,0,0,0,0
11,49,48,0,0,0,0,0,0,0,0,0,0,0
17,60,48,0,0,0,0,0,0,0,0,0,0,0
11,60,42,48,0,0,0,0,0,0,0,0,0,0
37,25,43,55,42,44,11,0,0,0,0,0,0,0
21,11,51,60,52,0,0,0,0,0,0,0,0,0
48,51,0,0,0,0,0,0,0,0,0,0,0,0
48,60,51,35,61,53,0,0,0,0,0,0,0,0
60,35,0,0,0,0,0,0,0,0,0,0,0,0
51,48,21,11,60,9,3,57,0,0,0,0,0,0
48,49,35,57,60,0,0,0,0,0,0,0,0,0
11,48,38,57,53,29,51,35,0,0,0,0,0,0
14,21,11,25,43,2,0,0,0,0,0,0,0,0
60,61,0,0,0,0,0,0,0,0,0,0,0,0
9,35,60,48,51,21,0,0,0,0,0,0,0,0
48,60,0,0,0,0,0,0,0,0,0,0,0,0
60,9,11,48,35,61,18,0,0,0,0,0,0,0
28,48,21,60,11,35,0,0,0,0,0,0,0,0
60,48,38,11,61,9,7,0,0,0,0,0,0,0
48,51,60,28,11,29,42,0,0,0,0,0,0,0
14,60,13,37,41,0,0,0,0,0,0,0,0,0
11,22,61,48,0,0,0,0,0,0,0,0,0,0
60,11,20,44,14,61,25,21,42,2,0,0,0,0
48,0,0,0,0,0,0,0,0,0,0,0,0,0
35,60,48,52,7,4,61,0,0,0,0,0,0,0
48,60,11,38,62,4,61,21,17,0,0,0,0,0
13,60,25,54,0,0,0,0,0,0,0,0,0,0
21,14,0,0,0,0,0,0,0,0,0,0,0,0
61,35,60,21,11,58,19,0,0,0,0,0,0,0
60,21,44,37,25,0,0,0,0,0,0,0,0,0
48,51,11,60,21,38,0,0,0,0,0,0,0,0
11,9,12,53,35,42,29,61,49,51,60,59,0,0
48,42,9,35,4,0,0,0,0,0,0,0,0,0
9,12,11,48,2,61,28,51,0,0,0,0,0,0
60,58,14,11,0,0,0,0,0,0,0,0,0,0
60,48,51,59,0,0,0,0,0,0,0,0,0,0
48,35,51,60,4,0,0,0,0,0,0,0,0,0
60,21,2,11,44,61,29,26,0,0,0,0,0,0
11,51,3,60,61,48,0,0,0,0,0,0,0,0
11,48,17,60,0,0,0,0,0,0,0,0,0,0
48,4,11,60,41,3,51,21,18,35,17,0,0,0
17,60,35,11,61,0,0,0,0,0,0,0,0,0
18,11,61,60,0,0,0,0,0,0,0,0,0,0
14,21,11,60,41,29,61,0,0,0,0,0,0,0
11,41,60,0,0,0,0,0,0,0,0,0,0,0
11,3,60,14,2,21,61,56,48,35,44,41,0,0
61,9,48,0,0,0,0,0,0,0,0,0,0,0
61,18,11,28,0,0,0,0,0,0,0,0,0,0
60,48,3,26,61,0,0,0,0,0,0,0,0,0
11,51,17,35,48,60,0,0,0,0,0,0,0,0
11,48,18,0,0,0,0,0,0,0,0,0,0,0
60,7,48,61,4,41,35,0,0,0,0,0,0,0
11,9,48,42,0,0,0,0,0,0,0,0,0,0
28,60,11,48,4,7,35,61,0,0,0,0,0,0
48,60,63,11,35,57,9,0,0,0,0,0,0,0
60,14,0,0,0,0,0,0,0,0,0,0,0,0
9,60,21,40,25,38,0,0,0,0,0,0,0,0
60,61,38,53,25,48,11,35,14,0,0,0,0,0
26,60,21,29,11,14,0,0,0,0,0,0,0,0
60,11,53,48,21,0,0,0,0,0,0,0,0,0
11,60,52,48,21,7,4,61,28,41,0,0,0,0
14,60,52,0,0,0,0,0,0,0,0,0,0,0
60,37,18,61,35,4,48,53,22,38,0,0,0,0
48,4,60,57,38,25,9,61,0,0,0,0,0,0
11,14,48,60,29,25,0,0,0,0,0,0,0,0
55,60,37,25,21,14,0,0,0,0,0,0,0,0
29,44,11,60,14,42,25,0,0,0,0,0,0,0
60,14,21,61,42,29,0,0,0,0,0,0,0,0
25,60,48,0,0,0,0,0,0,0,0,0,0,0
11,44,60,9,42,20,18,0,0,0,0,0,0,0
60,28,11,57,48,44,38,53,0,0,0,0,0,0
35,48,44,60,61,0,0,0,0,0,0,0,0,0
48,60,53,3,11,12,16,61,35,0,0,0,0,0
37,61,25,11,43,23,55,13,2,0,0,0,0,0
35,11,3,41,53,48,22,0,0,0,0,0,0,0
38,48,3,35,0,0,0,0,0,0,0,0,0,0
60,35,48,61,0,0,0,0,0,0,0,0,0,0
60,11,48,12,44,18,61,35,0,0,0,0,0,0
11,60,35,0,0,0,0,0,0,0,0,0,0,0
28,60,17,48,11,0,0,0,0,0,0,0,0,0
60,11,61,48,28,41,2,0,0,0,0,0,0,0
58,21,29,37,25,60,0,0,0,0,0,0,0,0
21,52,48,12,0,0,0,0,0,0,0,0,0,0
48,60,1,57,0,0,0,0,0,0,0,0,0,0
53,11,48,60,61,0,0,0,0,0,0,0,0,0
11,60,28,48,61,42,0,0,0,0,0,0,0,0
60,53,35,52,42,57,11,48,28,0,0,0,0,0
60,53,19,11,4,0,0,0,0,0,0,0,0,0
3,48,60,11,35,0,0,0,0,0,0,0,0,0
48,60,38,0,0,0,0,0,0,0,0,0,0,0
11,60,35,48,44,53,0,0,0,0,0,0,0,0
60,11,26,48,16,14,0,0,0,0,0,0,0,0
13,48,7,60,21,11,25,0,0,0,0,0,0,0
61,11,4,48,9,0,0,0,0,0,0,0,0,0
4,48,53,38,61,60,9,12,0,0,0,0,0,0
17,52,60,11,44,0,0,0,0,0,0,0,0,0
60,11,41,61,48,28,0,0,0,0,0,0,0,0
60,11,21,42,35,29,48,14,0,0,0,0,0,0
43,11,25,20,60,14,37,0,0,0,0,0,0,0
48,60,61,7,11,51,0,0,0,0,0,0,0,0
35,60,53,48,11,0,0,0,0,0,0,0,0,0
60,11,44,61,7,48,0,0,0,0,0,0,0,0
60,61,41,11,0,0,0,0,0,0,0,0,0,0
35,44,21,48,11,0,0,0,0,0,0,0,0,0
48,21,60,0,0,0,0,0,0,0,0,0,0,0
11,60,61,35,48,52,0,0,0,0,0,0,0,0
3,48,35,11,60,28,42,18,4,0,0,0,0,0
11,61,21,60,17,41,0,0,0,0,0,0,0,0
14,44,61,0,0,0,0,0,0,0,0,0,0,0
35,0,0,0,0,0,0,0,0,0,0,0,0,0
48,11,61,60,35,51,8,17,9,0,0,0,0,0
48,18,11,60,28,35,25,51,42,3,0,0,0,0
60,11,51,48,9,0,0,0,0,0,0,0,0,0
60,3,2,48,18,11,61,49,9,0,0,0,0,0
48,60,35,61,44,0,0,0,0,0,0,0,0,0
28,48,59,51,0,0,0,0,0,0,0,0,0,0
21,60,55,11,44,31,14,0,0,0,0,0,0,0
11,41,48,60,4,7,0,0,0,0,0,0,0,0
35,48,21,11,61,51,0,0,0,0,0,0,0,0
11,48,42,60,51,21,61,28,0,0,0,0,0,0
35,18,48,0,0,0,0,0,0,0,0,0,0,0
51,48,60,53,11,28,35,3,9,25,32,21,0,0
14,11,58,60,0,0,0,0,0,0,0,0,0,0
42,14,61,11,48,9,3,60,35,0,0,0,0,0
48,35,26,60,41,61,11,51,9,0,0,0,0,0
11,41,48,60,35,61,0,0,0,0,0,0,0,0
11,3,28,48,24,0,0,0,0,0,0,0,0,0
48,51,2,60,11,9,29,0,0,0,0,0,0,0
60,21,26,11,0,0,0,0,0,0,0,0,0,0
35,12,60,48,0,0,0,0,0,0,0,0,0,0
60,48,42,11,18,0,0,0,0,0,0,0,0,0
21,60,44,41,11,48,14,0,0,0,0,0,0,0
60,48,12,51,0,0,0,0,0,0,0,0,0,0
48,60,11,21,35,0,0,0,0,0,0,0,0,0
21,11,58,60,44,48,37,2,0,0,0,0,0,0
29,44,11,21,60,48,0,0,0,0,0,0,0,0
31,25,37,11,0,0,0,0,0,0,0,0,0,0
11,31,60,13,58,6,55,21,0,0,0,0,0,0
60,3,41,52,48,11,4,35,18,0,0,0,0,0
60,11,17,9,48,0,0,0,0,0,0,0,0,0
11,60,61,48,42,35,0,0,0,0,0,0,0,0
11,58,48,17,28,60,9,35,53,0,0,0,0,0
35,48,60,11,57,21,0,0,0,0,0,0,0,0
48,60,14,35,42,3,11,61,2,21,52,0,0,0
60,48,25,17,11,0,0,0,0,0,0,0,0,0
42,11,48,51,60,0,0,0,0,0,0,0,0,0
61,60,48,11,28,0,0,0,0,0,0,0,0,0
53,48,61,11,0,0,0,0,0,0,0,0,0,0
60,11,61,48,35,0,0,0,0,0,0,0,0,0
11,44,61,21,17,0,0,0,0,0,0,0,0,0
60,48,11,61,21,14,0,0,0,0,0,0,0,0
48,60,35,18,61,0,0,0,0,0,0,0,0,0
48,35,11,61,60,51,0,0,0,0,0,0,0,0
51,11,42,60,48,61,0,0,0,0,0,0,0,0
42,11,61,60,28,35,44,0,0,0,0,0,0,0
11,51,9,41,44,48,61,35,0,0,0,0,0,0
48,14,60,42,11,26,0,0,0,0,0,0,0,0
11,21,41,60,0,0,0,0,0,0,0,0,0,0
48,61,11,52,14,16,18,0,0,0,0,0,0,0
35,28,60,11,0,0,0,0,0,0,0,0,0,0
61,48,42,60,14,35,4,11,12,52,0,0,0,0
60,2,35,48,11,3,0,0,0,0,0,0,0,0
61,60,48,11,28,35,52,42,12,3,0,0,0,0
11,60,21,48,42,2,0,0,0,0,0,0,0,0
48,11,35,51,60,0,0,0,0,0,0,0,0,0
29,11,51,60,0,0,0,0,0,0,0,0,0,0
61,41,48,0,0,0,0,0,0,0,0,0,0,0
11,18,60,12,0,0,0,0,0,0,0,0,0,0
48,61,0,0,0,0,0,0,0,0,0,0,0,0
60,11,21,61,25,48,29,14,0,0,0,0,0,0
60,11,61,25,21,0,0,0,0,0,0,0,0,0
61,48,60,11,21,35,51,26,0,0,0,0,0,0
4,11,60,53,48,61,52,35,28,0,0,0,0,0
60,35,48,21,26,61,0,0,0,0,0,0,0,0
37,31,60,34,13,58,0,0,0,0,0,0,0,0
9,60,35,48,50,53,21,41,57,0,0,0,0,0
14,25,29,58,37,60,55,56,44,0,0,0,0,0
20,11,48,41,17,0,0,0,0,0,0,0,0,0
11,35,60,48,21,52,38,0,0,0,0,0,0,0
11,17,42,28,60,41,61,26,0,0,0,0,0,0
55,48,25,11,19,60,0,0,0,0,0,0,0,0
11,14,25,37,0,0,0,0,0,0,0,0,0,0
37,60,14,31,35,0,0,0,0,0,0,0,0,0
55,13,14,4,58,0,0,0,0,0,0,0,0,0
11,48,60,9,1,51,35,0,0,0,0,0,0,0
55,60,37,13,21,25,14,47,11,58,0,0,0,0
60,37,11,21,29,0,0,0,0,0,0,0,0,0
11,48,21,60,49,59,24,57,17,28,0,0,0,0
37,55,60,14,29,13,52,43,47,0,0,0,0,0
48,53,11,22,57,60,50,42,0,0,0,0,0,0
11,14,60,44,0,0,0,0,0,0,0,0,0,0
25,14,48,11,52,42,0,0,0,0,0,0,0,0
60,61,25,11,14,0,0,0,0,0,0,0,0,0
21,61,44,25,11,60,42,0,0,0,0,0,0,0
21,11,14,0,0,0,0,0,0,0,0,0,0,0
11,37,46,55,25,44,60,61,21,0,0,0,0,0
55,14,60,11,37,2,25,0,0,0,0,0,0,0
14,61,3,41,11,0,0,0,0,0,0,0,0,0
11,60,58,37,54,0,0,0,0,0,0,0,0,0
14,11,25,31,61,55,37,43,0,0,0,0,0,0
11,9,48,49,14,0,0,0,0,0,0,0,0,0
53,60,11,48,17,0,0,0,0,0,0,0,0,0
60,63,62,35,0,0,0,0,0,0,0,0,0,0
11,20,48,58,0,0,0,0,0,0,0,0,0,0
31,11,29,0,0,0,0,0,0,0,0,0,0,0
11,25,37,55,21,0,0,0,0,0,0,0,0,0
11,14,29,25,55,0,0,0,0,0,0,0,0,0
60,21,16,11,48,0,0,0,0,0,0,0,0,0
14,58,29,11,60,44,25,55,21,31,2,0,0,0
25,60,37,13,21,58,55,34,54,41,14,29,0,0
13,11,55,43,60,37,14,0,0,0,0,0,0,0
11,38,60,42,43,55,0,0,0,0,0,0,0,0
25,14,48,60,55,0,0,0,0,0,0,0,0,0
21,58,25,60,4,14,29,55,0,0,0,0,0,0
11,60,55,13,0,0,0,0,0,0,0,0,0,0
58,29,61,60,19,44,0,0,0,0,0,0,0,0
58,37,29,43,23,13,0,0,0,0,0,0,0,0
60,11,13,37,25,0,0,0,0,0,0,0,0,0
37,58,25,0,0,0,0,0,0,0,0,0,0,0
42,55,58,60,13,37,25,11,0,0,0,0,0,0
48,21,14,49,42,11,9,17,35,0,0,0,0,0
60,2,25,31,11,0,0,0,0,0,0,0,0,0
14,55,31,48,0,0,0,0,0,0,0,0,0,0
25,21,44,43,60,41,14,0,0,0,0,0,0,0
20,60,48,44,21,0,0,0,0,0,0,0,0,0
55,11,14,25,0,0,0,0,0,0,0,0,0,0
11,48,49,3,24,21,29,0,0,0,0,0,0,0
21,25,60,41,29,11,14,44,26,0,0,0,0,0
60,48,38,52,61,0,0,0,0,0,0,0,0,0
11,14,60,61,48,13,35,41,0,0,0,0,0,0
3,60,53,48,25,0,0,0,0,0,0,0,0,0
42,28,21,9,48,11,60,61,3,0,0,0,0,0
48,60,11,61,3,0,0,0,0,0,0,0,0,0
60,28,4,21,38,41,3,11,0,0,0,0,0,0
21,35,60,0,0,0,0,0,0,0,0,0,0,0
48,28,61,60,35,38,0,0,0,0,0,0,0,0
48,60,18,50,38,0,0,0,0,0,0,0,0,0
60,21,11,7,9,0,0,0,0,0,0,0,0,0
21,13,11,25,55,41,0,0,0,0,0,0,0,0
48,60,20,61,0,0,0,0,0,0,0,0,0,0
48,4,28,60,0,0,0,0,0,0,0,0,0,0
60,56,4,0,0,0,0,0,0,0,0,0,0,0
4,20,48,60,53,11,3,0,0,0,0,0,0,0
48,53,38,29,42,0,0,0,0,0,0,0,0,0
48,35,60,57,53,38,41,51,22,0,0,0,0,0
41,60,9,48,16,11,51,0,0,0,0,0,0,0
60,21,57,38,48,53,11,0,0,0,0,0,0,0
52,48,62,7,11,61,29,0,0,0,0,0,0,0
61,60,11,41,29,44,21,2,20,0,0,0,0,0
11,60,48,17,10,12,4,0,0,0,0,0,0,0
60,35,21,11,48,53,61,55,4,0,0,0,0,0
29,49,48,0,0,0,0,0,0,0,0,0,0,0
11,60,14,48,61,25,44,0,0,0,0,0,0,0
11,49,13,60,0,0,0,0,0,0,0,0,0,0
11,14,59,49,41,48,4,51,35,0,0,0,0,0
48,60,11,24,14,28,18,42,49,0,0,0,0,0
41,60,35,48,14,29,0,0,0,0,0,0,0,0
53,48,35,60,11,3,9,4,41,18,0,0,0,0
24,51,35,0,0,0,0,0,0,0,0,0,0,0
48,27,49,3,0,0,0,0,0,0,0,0,0,0
60,35,28,24,48,11,41,51,42,0,0,0,0,0
48,11,61,60,14,12,42,28,0,0,0,0,0,0
42,11,14,0,0,0,0,0,0,0,0,0,0,0
11,60,51,59,0,0,0,0,0,0,0,0,0,0
9,60,11,44,17,48,0,0,0,0,0,0,0,0
48,11,60,4,24,0,0,0,0,0,0,0,0,0
48,14,61,11,4,44,2,28,62,53,0,0,0,0
11,60,59,48,17,0,0,0,0,0,0,0,0,0
48,41,3,60,62,35,11,0,0,0,0,0,0,0
11,14,28,0,0,0,0,0,0,0,0,0,0,0
11,48,42,9,60,0,0,0,0,0,0,0,0,0
60,21,61,11,0,0,0,0,0,0,0,0,0,0
11,60,29,55,0,0,0,0,0,0,0,0,0,0
12,49,17,11,42,0,0,0,0,0,0,0,0,0
11,60,35,51,48,14,0,0,0,0,0,0,0,0
29,48,60,3,11,4,0,0,0,0,0,0,0,0
11,51,48,52,0,0,0,0,0,0,0,0,0,0
42,60,48,17,11,41,14,0,0,0,0,0,0,0
48,28,3,17,44,60,21,11,35,0,0,0,0,0
21,11,60,17,14,51,42,0,0,0,0,0,0,0
11,60,48,62,0,0,0,0,0,0,0,0,0,0
28,48,60,10,11,9,0,0,0,0,0,0,0,0
11,60,35,51,49,14,0,0,0,0,0,0,0,0
21,18,0,0,0,0,0,0,0,0,0,0,0,0
17,11,60,48,28,35,59,0,0,0,0,0,0,0
11,62,18,8,10,0,0,0,0,0,0,0,0,0
61,48,14,17,21,0,0,0,0,0,0,0,0,0
21,8,11,0,0,0,0,0,0,0,0,0,0,0
11,60,48,53,52,51,0,0,0,0,0,0,0,0
48,60,11,41,0,0,0,0,0,0,0,0,0,0
48,60,22,18,0,0,0,0,0,0,0,0,0,0
48,9,51,0,0,0,0,0,0,0,0,0,0,0
11,60,41,48,0,0,0,0,0,0,0,0,0,0
44,11,60,25,17,55,0,0,0,0,0,0,0,0
60,11,14,0,0,0,0,0,0,0,0,0,0,0
48,35,60,4,21,3,11,0,0,0,0,0,0,0
60,11,35,48,17,61,28,42,9,0,0,0,0,0
13,37,25,19,11,55,0,0,0,0,0,0,0,0
18,49,17,0,0,0,0,0,0,0,0,0,0,0
48,11,0,0,0,0,0,0,0,0,0,0,0,0
51,28,48,0,0,0,0,0,0,0,0,0,0,0
60,28,11,48,21,0,0,0,0,0,0,0,0,0
28,60,48,11,14,24,0,0,0,0,0,0,0,0
60,35,11,38,48,0,0,0,0,0,0,0,0,0
48,11,53,61,0,0,0,0,0,0,0,0,0,0
11,61,53,60,35,38,48,42,0,0,0,0,0,0
61,41,10,53,42,11,17,60,14,48,0,0,0,0
48,7,18,61,60,11,0,0,0,0,0,0,0,0
11,51,60,38,35,12,48,9,17,0,0,0,0,0
21,11,12,41,60,61,35,0,0,0,0,0,0,0
53,60,41,3,35,51,11,48,0,0,0,0,0,0
51,48,11,0,0,0,0,0,0,0,0,0,0,0
9,51,35,21,0,0,0,0,0,0,0,0,0,0
58,60,11,14,61,29,0,0,0,0,0,0,0,0
60,48,7,0,0,0,0,0,0,0,0,0,0,0
11,51,60,17,48,0,0,0,0,0,0,0,0,0
51,42,49,48,41,0,0,0,0,0,0,0,0,0
60,48,51,0,0,0,0,0,0,0,0,0,0,0
48,9,24,60,18,35,11,3,61,49,0,0,0,0
9,11,48,61,60,35,0,0,0,0,0,0,0,0
18,60,41,11,53,21,0,0,0,0,0,0,0,0
9,60,48,51,11,28,0,0,0,0,0,0,0,0
42,35,61,60,11,17,0,0,0,0,0,0,0,0
42,48,61,17,11,9,28,25,0,0,0,0,0,0
51,11,17,48,60,29,0,0,0,0,0,0,0,0
38,48,0,0,0,0,0,0,0,0,0,0,0,0
53,60,50,48,14,11,28,52,0,0,0,0,0,0
60,14,53,48,57,62,29,0,0,0,0,0,0,0
51,60,42,48,9,11,28,53,0,0,0,0,0,0
61,60,48,41,0,0,0,0,0,0,0,0,0,0
48,22,57,53,61,0,0,0,0,0,0,0,0,0
60,21,0,0,0,0,0,0,0,0,0,0,0,0
19,44,11,21,60,25,29,14,1,2,0,0,0,0
48,35,11,53,4,60,21,61,9,0,0,0,0,0
44,11,28,0,0,0,0,0,0,0,0,0,0,0
9,51,12,0,0,0,0,0,0,0,0,0,0,0
60,35,0,0,0,0,0,0,0,0,0,0,0,0
48,61,12,60,26,7,11,28,14,0,0,0,0,0
60,11,9,48,53,3,0,0,0,0,0,0,0,0
60,48,61,4,35,0,0,0,0,0,0,0,0,0
61,48,11,0,0,0,0,0,0,0,0,0,0,0
11,58,60,48,42,35,0,0,0,0,0,0,0,0
11,61,60,2,0,0,0,0,0,0,0,0,0,0
35,60,48,21,11,61,42,0,0,0,0,0,0,0
17,48,61,11,52,35,51,0,0,0,0,0,0,0
48,35,61,60,11,0,0,0,0,0,0,0,0,0
3,25,2,0,0,0,0,0,0,0,0,0,0,0
60,42,28,21,11,4,0,0,0,0,0,0,0,0
11,48,62,61,21,3,0,0,0,0,0,0,0,0
28,17,11,60,61,42,48,0,0,0,0,0,0,0
11,48,12,35,60,61,28,52,0,0,0,0,0,0
60,48,11,28,61,35,17,9,21,12,42,0,0,0
3,48,21,35,11,60,9,17,41,52,61,37,0,0
48,60,14,11,12,61,49,35,3,0,0,0,0,0
60,43,41,11,14,0,0,0,0,0,0,0,0,0
48,9,11,0,0,0,0,0,0,0,0,0,0,0
11,51,17,60,20,12,3,28,9,21,25,0,0,0
21,60,55,11,61,14,62,28,0,0,0,0,0,0
11,51,53,60,17,21,0,0,0,0,0,0,0,0
14,21,11,60,20,44,26,41,0,0,0,0,0,0
51,17,11,60,24,0,0,0,0,0,0,0,0,0
9,11,60,48,24,49,51,0,0,0,0,0,0,0
60,61,48,0,0,0,0,0,0,0,0,0,0,0
60,57,11,61,48,44,42,2,17,0,0,0,0,0
35,9,28,17,12,49,0,0,0,0,0,0,0,0
60,24,48,21,14,0,0,0,0,0,0,0,0,0
60,29,21,11,41,0,0,0,0,0,0,0,0,0
60,21,48,61,49,11,25,0,0,0,0,0,0,0
24,21,11,35,42,3,51,49,48,0,0,0,0,0
11,60,48,51,0,0,0,0,0,0,0,0,0,0
11,17,42,44,52,48,18,21,0,0,0,0,0,0
60,11,59,42,51,48,10,0,0,0,0,0,0,0
42,60,9,61,48,0,0,0,0,0,0,0,0,0
60,51,48,17,61,0,0,0,0,0,0,0,0,0
35,28,11,0,0,0,0,0,0,0,0,0,0,0
60,14,11,48,61,0,0,0,0,0,0,0,0,0
17,60,48,11,61,28,35,0,0,0,0,0,0,0
11,21,60,2,14,28,0,0,0,0,0,0,0,0
14,11,2,60,0,0,0,0,0,0,0,0,0,0
28,11,60,41,21,44,35,42,0,0,0,0,0,0
11,9,60,35,0,0,0,0,0,0,0,0,0,0
11,60,30,51,14,61,21,17,59,44,0,0,0,0
60,11,42,35,9,0,0,0,0,0,0,0,0,0
11,42,44,17,41,0,0,0,0,0,0,0,0,0
60,11,61,28,44,48,21,0,0,0,0,0,0,0
60,61,48,11,28,0,0,0,0,0,0,0,0,0
29,60,11,28,61,21,41,0,0,0,0,0,0,0
17,11,60,42,29,9,0,0,0,0,0,0,0,0
60,22,17,48,57,0,0,0,0,0,0,0,0,0
48,60,57,38,35,11,63,0,0,0,0,0,0,0
17,48,35,41,63,11,60,0,0,0,0,0,0,0
60,48,57,59,11,51,0,0,0,0,0,0,0,0
48,57,60,61,11,53,0,0,0,0,0,0,0,0
57,59,60,53,18,48,0,0,0,0,0,0,0,0
55,60,14,61,25,29,21,11,0,0,0,0,0,0
48,11,51,60,12,0,0,0,0,0,0,0,0,0
48,53,21,57,22,60,41,35,52,0,0,0,0,0
11,9,57,53,48,3,55,0,0,0,0,0,0,0
51,17,48,49,28,11,0,0,0,0,0,0,0,0
60,48,21,61,38,18,44,3,0,0,0,0,0,0
44,11,49,28,60,8,48,17,0,0,0,0,0,0
42,10,11,21,35,29,17,48,51,3,60,0,0,0
42,17,0,0,0,0,0,0,0,0,0,0,0,0
37,55,13,48,11,0,0,0,0,0,0,0,0,0
53,60,25,0,0,0,0,0,0,0,0,0,0,0
60,25,11,0,0,0,0,0,0,0,0,0,0,0
63,11,53,52,42,61,60,0,0,0,0,0,0,0
60,38,48,11,0,0,0,0,0,0,0,0,0,0
17,48,52,11,60,0,0,0,0,0,0,0,0,0
11,60,3,35,48,51,0,0,0,0,0,0,0,0
44,48,0,0,0,0,0,0,0,0,0,0,0,0
11,60,37,13,25,0,0,0,0,0,0,0,0,0
37,13,60,55,0,0,0,0,0,0,0,0,0,0
60,48,9,28,35,50,0,0,0,0,0,0,0,0
61,48,35,0,0,0,0,0,0,0,0,0,0,0
9,35,11,0,0,0,0,0,0,0,0,0,0,0
14,60,29,44,61,0,0,0,0,0,0,0,0,0
48,41,14,21,61,11,60,52,35,9,0,0,0,0
21,14,11,29,0,0,0,0,0,0,0,0,0,0
53,16,59,4,0,0,0,0,0,0,0,0,0,0
48,11,60,35,61,0,0,0,0,0,0,0,0,0
58,60,11,44,31,55,25,21,41,0,0,0,0,0
11,21,0,0,0,0,0,0,0,0,0,0,0,0
17,11,14,0,0,0,0,0,0,0,0,0,0,0
48,61,53,14,60,51,28,3,0,0,0,0,0,0
21,14,60,2,25,55,11,13,44,20,4,42,43,0
26,14,60,25,13,37,9,0,0,0,0,0,0,0
60,44,0,0,0,0,0,0,0,0,0,0,0,0
44,60,61,0,0,0,0,0,0,0,0,0,0,0
11,21,42,35,60,44,0,0,0,0,0,0,0,0
28,11,9,48,60,58,17,0,0,0,0,0,0,0
26,35,61,3,11,17,51,48,0,0,0,0,0,0
14,55,25,44,60,0,0,0,0,0,0,0,0,0
60,25,0,0,0,0,0,0,0,0,0,0,0,0
14,25,58,20,0,0,0,0,0,0,0,0,0,0
41,48,11,29,0,0,0,0,0,0,0,0,0,0
11,60,17,0,0,0,0,0,0,0,0,0,0,0
51,61,60,48,42,37,11,35,0,0,0,0,0,0
57,61,22,48,0,0,0,0,0,0,0,0,0,0
60,48,21,11,17,61,35,0,0,0,0,0,0,0
21,35,0,0,0,0,0,0,0,0,0,0,0,0
24,49,60,28,48,17,0,0,0,0,0,0,0,0
60,48,9,42,0,0,0,0,0,0,0,0,0,0
35,11,42,61,53,18,0,0,0,0,0,0,0,0
42,21,11,17,51,48,35,60,61,49,18,28,53,0
3,60,48,51,61,11,53,0,0,0,0,0,0,0
14,13,11,25,37,44,0,0,0,0,0,0,0,0
55,60,25,29,31,28,14,0,0,0,0,0,0,0
58,60,25,48,55,20,0,0,0,0,0,0,0,0
61,11,21,60,44,0,0,0,0,0,0,0,0,0
60,29,55,14,43,58,25,0,0,0,0,0,0,0
37,61,58,14,25,60,20,11,0,0,0,0,0,0
21,11,14,60,48,0,0,0,0,0,0,0,0,0
60,61,0,0,0,0,0,0,0,0,0,0,0,0
60,42,41,11,28,61,0,0,0,0,0,0,0,0
60,17,48,0,0,0,0,0,0,0,0,0,0,0
60,61,11,41,21,0,0,0,0,0,0,0,0,0
11,37,58,0,0,0,0,0,0,0,0,0,0,0
2,60,11,0,0,0,0,0,0,0,0,0,0,0
11,60,35,48,51,9,28,61,14,0,0,0,0,0
48,17,35,0,0,0,0,0,0,0,0,0,0,0
60,48,28,41,61,11,35,9,21,0,0,0,0,0
53,35,61,26,0,0,0,0,0,0,0,0,0,0
48,11,60,42,3,17,18,51,35,0,0,0,0,0
3,60,48,11,61,4,0,0,0,0,0,0,0,0
11,60,29,37,0,0,0,0,0,0,0,0,0,0
48,49,60,52,0,0,0,0,0,0,0,0,0,0
19,11,61,0,0,0,0,0,0,0,0,0,0,0
61,35,11,60,28,42,14,0,0,0,0,0,0,0
8,51,48,42,3,0,0,0,0,0,0,0,0,0
48,28,11,60,4,35,0,0,0,0,0,0,0,0
61,42,35,21,11,0,0,0,0,0,0,0,0,0
48,9,17,61,60,51,28,0,0,0,0,0,0,0
60,11,0,0,0,0,0,0,0,0,0,0,0,0
60,48,61,35,21,11,44,19,28,41,0,0,0,0
1,11,14,60,21,0,0,0,0,0,0,0,0,0
21,11,60,48,49,0,0,0,0,0,0,0,0,0
29,11,3,60,17,42,21,28,48,61,0,0,0,0
61,11,44,14,60,21,25,52,0,0,0,0,0,0
11,29,60,43,58,25,21,14,44,20,61,0,0,0
60,51,48,35,12,4,0,0,0,0,0,0,0,0
11,48,60,0,0,0,0,0,0,0,0,0,0,0
61,21,11,48,60,12,51,17,35,10,4,9,0,0
60,41,58,44,25,29,11,0,0,0,0,0,0,0
48,61,3,60,11,35,38,0,0,0,0,0,0,0
17,48,38,21,35,9,11,61,14,0,0,0,0,0
48,11,28,42,0,0,0,0,0,0,0,0,0,0
11,21,0,0,0,0,0,0,0,0,0,0,0,0
11,48,44,35,9,0,0,0,0,0,0,0,0,0
48,53,11,60,51,28,21,38,35,62,0,0,0,0
60,11,61,21,13,0,0,0,0,0,0,0,0,0
48,38,53,35,52,11,0,0,0,0,0,0,0,0
48,60,35,11,42,29,28,61,4,38,0,0,0,0
48,35,60,18,51,11,52,63,49,0,0,0,0,0
14,21,60,44,29,11,25,0,0,0,0,0,0,0
11,60,14,44,21,31,28,0,0,0,0,0,0,0
11,17,63,35,53,60,12,0,0,0,0,0,0,0
55,60,44,11,61,25,21,0,0,0,0,0,0,0
59,11,28,0,0,0,0,0,0,0,0,0,0,0
11,14,0,0,0,0,0,0,0,0,0,0,0,0
11,35,3,2,0,0,0,0,0,0,0,0,0,0
11,35,57,60,48,22,53,62,44,0,0,0,0,0
48,53,57,11,60,41,4,38,0,0,0,0,0,0
55,60,54,0,0,0,0,0,0,0,0,0,0,0
22,9,50,11,48,53,60,12,0,0,0,0,0,0
28,48,60,24,14,63,51,11,49,35,0,0,0,0
61,11,9,28,29,62,48,21,0,0,0,0,0,0
60,17,11,48,49,59,9,35,0,0,0,0,0,0
17,48,60,21,4,38,11,57,53,0,0,0,0,0
59,60,61,17,49,11,0,0,0,0,0,0,0,0
21,35,14,48,0,0,0,0,0,0,0,0,0,0
13,11,60,0,0,0,0,0,0,0,0,0,0,0
48,60,11,0,0,0,0,0,0,0,0,0,0,0
37,11,13,25,60,31,14,0,0,0,0,0,0,0
54,37,31,11,21,13,19,14,60,43,25,0,0,0
55,60,13,14,0,0,0,0,0,0,0,0,0,0
13,14,60,11,37,58,12,0,0,0,0,0,0,0
25,13,60,0,0,0,0,0,0,0,0,0,0,0
25,11,60,2,14,43,17,0,0,0,0,0,0,0
21,14,44,60,29,11,0,0,0,0,0,0,0,0
60,25,13,14,11,58,55,31,0,0,0,0,0,0
58,55,0,0,0,0,0,0,0,0,0,0,0,0
25,11,14,21,60,55,13,0,0,0,0,0,0,0
36,44,13,60,37,48,0,0,0,0,0,0,0,0
60,14,25,37,61,20,13,19,21,31,0,0,0,0
14,37,60,25,0,0,0,0,0,0,0,0,0,0
60,29,61,11,0,0,0,0,0,0,0,0,0,0
55,37,14,58,0,0,0,0,0,0,0,0,0,0
35,22,11,60,38,57,0,0,0,0,0,0,0,0
21,48,57,11,35,61,60,9,22,28,0,0,0,0
24,44,53,60,0,0,0,0,0,0,0,0,0,0
60,48,11,3,38,61,35,7,25,17,0,0,0,0
25,48,55,60,11,35,29,37,0,0,0,0,0,0
58,60,23,13,31,0,0,0,0,0,0,0,0,0
55,11,31,14,0,0,0,0,0,0,0,0,0,0
25,60,11,13,14,0,0,0,0,0,0,0,0,0
60,41,55,14,21,11,28,48,61,0,0,0,0,0
55,60,13,0,0,0,0,0,0,0,0,0,0,0
44,55,60,37,21,11,13,0,0,0,0,0,0,0
58,13,14,55,25,20,37,0,0,0,0,0,0,0
11,60,25,55,44,48,14,37,21,0,0,0,0,0
58,60,13,55,31,25,0,0,0,0,0,0,0,0
11,44,60,29,14,21,0,0,0,0,0,0,0,0
48,60,55,54,25,11,58,37,21,0,0,0,0,0
25,60,11,44,21,14,34,48,58,55,47,20,0,0
13,11,37,47,55,60,58,14,0,0,0,0,0,0
60,58,44,48,25,37,0,0,0,0,0,0,0,0
11,60,21,25,0,0,0,0,0,0,0,0,0,0
14,29,15,44,56,25,21,2,58,31,60,0,0,0
60,28,11,4,8,0,0,0,0,0,0,0,0,0
60,11,43,1,0,0,0,0,0,0,0,0,0,0
25,21,13,60,37,0,0,0,0,0,0,0,0,0
37,25,17,58,14,0,0,0,0,0,0,0,0,0
11,0,0,0,0,0,0,0,0,0,0,0,0,0
55,13,25,37,26,11,60,0,0,0,0,0,0,0
11,9,60,48,0,0,0,0,0,0,0,0,0,0
13,11,14,60,55,37,21,0,0,0,0,0,0,0
60,41,55,48,54,20,0,0,0,0,0,0,0,0
14,11,55,21,13,29,0,0,0,0,0,0,0,0
48,60,11,14,13,20,41,0,0,0,0,0,0,0
29,14,44,25,35,60,0,0,0,0,0,0,0,0
21,0,0,0,0,0,0,0,0,0,0,0,0,0
11,21,14,2,25,29,31,60,28,55,0,0,0,0
2,21,11,14,29,60,55,44,0,0,0,0,0,0
14,11,60,29,44,0,0,0,0,0,0,0,0,0
25,55,60,29,0,0,0,0,0,0,0,0,0,0
21,60,11,14,17,51,48,0,0,0,0,0,0,0
11,55,17,9,42,0,0,0,0,0,0,0,0,0
55,13,58,60,0,0,0,0,0,0,0,0,0,0
60,20,21,29,25,0,0,0,0,0,0,0,0,0
14,60,11,28,44,20,0,0,0,0,0,0,0,0
13,37,60,14,0,0,0,0,0,0,0,0,0,0
58,60,29,21,0,0,0,0,0,0,0,0,0,0
58,43,60,21,14,11,23,0,0,0,0,0,0,0
61,60,4,53,0,0,0,0,0,0,0,0,0,0
48,60,11,57,41,22,17,38,0,0,0,0,0,0
60,48,0,0,0,0,0,0,0,0,0,0,0,0
11,48,4,60,3,0,0,0,0,0,0,0,0,0
60,35,22,11,0,0,0,0,0,0,0,0,0,0
18,60,52,44,48,42,4,21,0,0,0,0,0,0
25,31,11,37,21,2,0,0,0,0,0,0,0,0
11,8,48,0,0,0,0,0,0,0,0,0,0,0
9,11,48,60,52,18,26,35,38,42,0,0,0,0
31,25,23,60,44,11,47,13,37,0,0,0,0,0
60,55,0,0,0,0,0,0,0,0,0,0,0,0
60,61,48,53,11,0,0,0,0,0,0,0,0,0
35,48,60,25,11,53,41,61,0,0,0,0,0,0
11,14,60,21,0,0,0,0,0,0,0,0,0,0
35,48,60,0,0,0,0,0,0,0,0,0,0,0
48,60,53,35,4,17,26,9,52,18,0,0,0,0
60,48,51,0,0,0,0,0,0,0,0,0,0,0
48,51,60,62,9,11,0,0,0,0,0,0,0,0
38,60,53,0,0,0,0,0,0,0,0,0,0,0
11,61,28,53,52,48,60,0,0,0,0,0,0,0
7,11,60,61,38,48,12,41,0,0,0,0,0,0
48,60,4,11,38,0,0,0,0,0,0,0,0,0
60,48,4,0,0,0,0,0,0,0,0,0,0,0
59,3,11,57,0,0,0,0,0,0,0,0,0,0
4,48,60,0,0,0,0,0,0,0,0,0,0,0
41,60,21,48,0,0,0,0,0,0,0,0,0,0
60,41,48,61,52,11,0,0,0,0,0,0,0,0
60,61,48,4,7,11,38,28,41,0,0,0,0,0
60,61,48,0,0,0,0,0,0,0,0,0,0,0
21,60,48,28,61,0,0,0,0,0,0,0,0,0
48,60,28,0,0,0,0,0,0,0,0,0,0,0
48,16,61,53,60,38,35,4,11,0,0,0,0,0
60,18,4,38,48,16,0,0,0,0,0,0,0,0
53,60,61,48,35,0,0,0,0,0,0,0,0,0
3,60,11,7,0,0,0,0,0,0,0,0,0,0
60,61,11,48,21,35,14,25,7,28,0,0,0,0
61,29,60,52,57,48,0,0,0,0,0,0,0,0
48,60,35,9,57,0,0,0,0,0,0,0,0,0
48,61,53,60,35,17,0,0,0,0,0,0,0,0
48,35,53,61,60,9,57,44,14,11,38,0,0,0
60,11,48,38,52,0,0,0,0,0,0,0,0,0
48,57,61,35,0,0,0,0,0,0,0,0,0,0
48,53,11,25,0,0,0,0,0,0,0,0,0,0
11,4,48,21,61,0,0,0,0,0,0,0,0,0
58,31,37,13,60,0,0,0,0,0,0,0,0,0
11,28,48,17,61,42,0,0,0,0,0,0,0,0
35,11,61,0,0,0,0,0,0,0,0,0,0,0
61,60,42,21,11,48,17,0,0,0,0,0,0,0
25,55,58,37,14,13,11,60,43,44,34,0,0,0
11,51,18,42,17,28,61,0,0,0,0,0,0,0
61,52,48,53,11,60,49,0,0,0,0,0,0,0
48,60,52,57,3,62,53,0,0,0,0,0,0,0
17,60,37,14,35,21,55,0,0,0,0,0,0,0
59,29,11,48,60,0,0,0,0,0,0,0,0,0
18,60,48,57,53,21,35,3,29,0,0,0,0,0
11,4,48,9,53,38,0,0,0,0,0,0,0,0
60,48,24,11,49,42,0,0,0,0,0,0,0,0
60,11,14,57,24,25,49,35,28,0,0,0,0,0
13,55,44,58,0,0,0,0,0,0,0,0,0,0
13,14,29,60,43,37,2,11,44,42,0,0,0,0
25,55,29,11,14,60,13,31,0,0,0,0,0,0
60,25,43,58,14,0,0,0,0,0,0,0,0,0
60,3,4,48,41,0,0,0,0,0,0,0,0,0
3,38,48,62,35,11,60,18,28,41,0,0,0,0
48,60,0,0,0,0,0,0,0,0,0,0,0,0
48,17,60,51,0,0,0,0,0,0,0,0,0,0
60,62,41,48,38,61,28,0,0,0,0,0,0,0
58,21,11,60,44,0,0,0,0,0,0,0,0,0
21,48,3,60,61,0,0,0,0,0,0,0,0,0
57,48,3,35,42,17,60,11,0,0,0,0,0,0
11,38,22,48,0,0,0,0,0,0,0,0,0,0
3,11,18,48,0,0,0,0,0,0,0,0,0,0
42,48,41,51,9,28,11,0,0,0,0,0,0,0
53,60,48,28,38,11,9,18,0,0,0,0,0,0
60,21,58,11,25,17,29,19,61,0,0,0,0,0
61,60,35,18,29,17,0,0,0,0,0,0,0,0
10,48,11,61,60,51,52,18,0,0,0,0,0,0
48,11,60,26,0,0,0,0,0,0,0,0,0,0
21,60,61,11,9,41,44,0,0,0,0,0,0,0
61,60,11,38,0,0,0,0,0,0,0,0,0,0
12,11,61,18,17,0,0,0,0,0,0,0,0,0
48,60,11,52,35,51,41,21,0,0,0,0,0,0
11,18,29,42,48,0,0,0,0,0,0,0,0,0
11,9,51,48,0,0,0,0,0,0,0,0,0,0
53,11,52,60,4,9,0,0,0,0,0,0,0,0
11,21,28,61,0,0,0,0,0,0,0,0,0,0
2,21,44,29,11,41,60,14,0,0,0,0,0,0
48,11,41,60,61,35,0,0,0,0,0,0,0,0
60,48,35,21,38,0,0,0,0,0,0,0,0,0
60,51,48,28,2,0,0,0,0,0,0,0,0,0
44,60,0,0,0,0,0,0,0,0,0,0,0,0
21,14,60,58,11,44,29,1,51,0,0,0,0,0
11,60,1,21,14,17,29,0,0,0,0,0,0,0
25,13,11,31,55,60,0,0,0,0,0,0,0,0
11,61,43,42,60,48,0,0,0,0,0,0,0,0
60,59,55,49,21,48,53,35,0,0,0,0,0,0
35,60,48,53,57,61,11,52,0,0,0,0,0,0
61,48,4,60,0,0,0,0,0,0,0,0,0,0
11,48,9,35,0,0,0,0,0,0,0,0,0,0
50,48,11,61,60,0,0,0,0,0,0,0,0,0
61,21,60,12,11,0,0,0,0,0,0,0,0,0
48,11,21,60,61,38,51,9,0,0,0,0,0,0
48,11,60,0,0,0,0,0,0,0,0,0,0,0
53,17,48,14,7,61,52,42,38,0,0,0,0,0
60,11,41,48,61,21,0,0,0,0,0,0,0,0
44,11,60,21,29,61,14,0,0,0,0,0,0,0
17,48,14,60,11,35,21,0,0,0,0,0,0,0
11,28,51,17,48,0,0,0,0,0,0,0,0,0
42,63,18,9,11,48,0,0,0,0,0,0,0,0
11,42,59,61,49,17,0,0,0,0,0,0,0,0
11,17,49,60,0,0,0,0,0,0,0,0,0,0
17,11,21,0,0,0,0,0,0,0,0,0,0,0
25,37,20,55,41,13,11,60,44,61,0,0,0,0
60,14,41,48,12,9,0,0,0,0,0,0,0,0
41,14,55,0,0,0,0,0,0,0,0,0,0,0
48,25,61,60,35,0,0,0,0,0,0,0,0,0
60,11,48,59,29,21,28,9,49,0,0,0,0,0
11,48,49,60,0,0,0,0,0,0,0,0,0,0
48,60,0,0,0,0,0,0,0,0,0,0,0,0
49,53,57,48,0,0,0,0,0,0,0,0,0,0
48,60,42,11,17,9,35,61,28,0,0,0,0,0
11,60,35,42,49,0,0,0,0,0,0,0,0,0
48,21,9,49,18,0,0,0,0,0,0,0,0,0
11,48,22,61,7,0,0,0,0,0,0,0,0,0
3,60,0,0,0,0,0,0,0,0,0,0,0,0
48,11,9,52,51,24,0,0,0,0,0,0,0,0
48,14,0,0,0,0,0,0,0,0,0,0,0,0
60,48,18,11,0,0,0,0,0,0,0,0,0,0
11,48,60,35,28,51,61,0,0,0,0,0,0,0
60,48,11,21,0,0,0,0,0,0,0,0,0,0
38,0,0,0,0,0,0,0,0,0,0,0,0,0
48,60,35,21,51,61,11,0,0,0,0,0,0,0
48,53,41,35,0,0,0,0,0,0,0,0,0,0
60,17,35,11,42,0,0,0,0,0,0,0,0,0
54,60,61,11,22,48,57,53,0,0,0,0,0,0
11,55,21,34,60,25,43,13,14,44,48,0,0,0
25,33,31,14,55,0,0,0,0,0,0,0,0,0
60,14,55,43,25,58,29,11,31,0,0,0,0,0
44,37,58,13,14,0,0,0,0,0,0,0,0,0
60,19,11,55,13,58,0,0,0,0,0,0,0,0
25,58,31,37,13,60,0,0,0,0,0,0,0,0
61,48,7,11,60,0,0,0,0,0,0,0,0,0
58,60,48,55,25,44,0,0,0,0,0,0,0,0
60,53,11,48,29,17,57,21,0,0,0,0,0,0
60,11,61,51,21,19,0,0,0,0,0,0,0,0
54,37,43,0,0,0,0,0,0,0,0,0,0,0
20,60,55,13,0,0,0,0,0,0,0,0,0,0
61,11,20,13,31,25,0,0,0,0,0,0,0,0
48,60,21,11,31,44,20,0,0,0,0,0,0,0
18,48,60,57,0,0,0,0,0,0,0,0,0,0
11,21,50,0,0,0,0,0,0,0,0,0,0,0
55,25,41,60,14,11,21,0,0,0,0,0,0,0
11,28,61,60,0,0,0,0,0,0,0,0,0,0
28,60,4,11,42,48,21,17,0,0,0,0,0,0
11,61,17,35,60,14,0,0,0,0,0,0,0,0
60,13,37,41,55,1,2,0,0,0,0,0,0,0
25,13,11,37,58,55,31,43,0,0,0,0,0,0
60,55,14,25,0,0,0,0,0,0,0,0,0,0
60,11,13,0,0,0,0,0,0,0,0,0,0,0
60,48,11,20,41,0,0,0,0,0,0,0,0,0
37,25,13,14,43,0,0,0,0,0,0,0,0,0
44,60,14,25,0,0,0,0,0,0,0,0,0,0
21,11,48,60,61,25,35,14,0,0,0,0,0,0
11,2,17,60,0,0,0,0,0,0,0,0,0,0
61,60,25,43,44,58,17,21,55,0,0,0,0,0
11,14,60,25,13,0,0,0,0,0,0,0,0,0
60,21,48,11,25,41,35,14,29,0,0,0,0,0
60,11,21,61,58,25,0,0,0,0,0,0,0,0
22,60,0,0,0,0,0,0,0,0,0,0,0,0
11,53,60,35,51,0,0,0,0,0,0,0,0,0
11,21,14,0,0,0,0,0,0,0,0,0,0,0
48,25,60,14,58,0,0,0,0,0,0,0,0,0
60,61,14,11,48,44,58,25,0,0,0,0,0,0
60,14,11,25,21,44,0,0,0,0,0,0,0,0
37,55,29,60,21,25,11,0,0,0,0,0,0,0
55,48,60,14,11,0,0,0,0,0,0,0,0,0
37,25,60,55,0,0,0,0,0,0,0,0,0,0
55,48,13,58,29,11,0,0,0,0,0,0,0,0
60,13,55,25,0,0,0,0,0,0,0,0,0,0
25,29,37,0,0,0,0,0,0,0,0,0,0,0
60,47,14,55,13,43,58,0,0,0,0,0,0,0
44,60,25,55,11,58,21,0,0,0,0,0,0,0
48,9,17,61,53,18,35,11,3,60,4,0,0,0
37,14,60,13,0,0,0,0,0,0,0,0,0,0
55,13,14,11,20,54,60,61,0,0,0,0,0,0
11,60,55,37,62,35,1,0,0,0,0,0,0,0
48,11,28,60,53,18,35,61,0,0,0,0,0,0
11,21,9,49,0,0,0,0,0,0,0,0,0,0
11,60,14,21,29,17,0,0,0,0,0,0,0,0
60,55,23,13,25,54,37,44,58,14,43,0,0,0
21,11,60,29,0,0,0,0,0,0,0,0,0,0
21,60,29,44,14,55,0,0,0,0,0,0,0,0
11,48,60,24,9,44,42,12,14,59,0,0,0,0
53,28,11,0,0,0,0,0,0,0,0,0,0,0
13,60,55,37,31,11,58,25,47,44,0,0,0,0
11,60,0,0,0,0,0,0,0,0,0,0,0,0
44,14,29,11,0,0,0,0,0,0,0,0,0,0
21,60,11,44,14,29,48,37,55,17,0,0,0,0
31,42,55,44,13,60,37,0,0,0,0,0,0,0
19,60,11,1,14,44,0,0,0,0,0,0,0,0
11,42,60,21,41,25,14,44,17,0,0,0,0,0
60,37,11,21,14,19,44,41,35,0,0,0,0,0
60,21,25,37,31,58,0,0,0,0,0,0,0,0
24,35,49,11,48,59,0,0,0,0,0,0,0,0
21,14,60,20,25,29,37,36,43,0,0,0,0,0
28,11,35,21,0,0,0,0,0,0,0,0,0,0
18,35,21,11,0,0,0,0,0,0,0,0,0,0
13,21,11,55,60,61,44,14,37,0,0,0,0,0
49,9,52,51,48,27,0,0,0,0,0,0,0,0
29,60,14,41,21,0,0,0,0,0,0,0,0,0
48,53,9,60,61,38,21,0,0,0,0,0,0,0
25,7,47,14,0,0,0,0,0,0,0,0,0,0
57,18,53,48,9,21,28,60,0,0,0,0,0,0
35,48,11,60,0,0,0,0,0,0,0,0,0,0
60,21,44,25,11,61,14,55,0,0,0,0,0,0
48,11,9,21,60,61,35,51,42,0,0,0,0,0
60,48,11,38,61,21,35,0,0,0,0,0,0,0
11,60,42,14,48,0,0,0,0,0,0,0,0,0
58,21,44,60,11,14,1,48,0,0,0,0,0,0
38,16,61,41,53,0,0,0,0,0,0,0,0,0
48,11,60,61,0,0,0,0,0,0,0,0,0,0
11,21,48,60,0,0,0,0,0,0,0,0,0,0
11,28,60,0,0,0,0,0,0,0,0,0,0,0
60,9,11,42,52,48,61,0,0,0,0,0,0,0
48,35,14,60,11,12,21,52,61,18,42,9,3,28
60,37,25,11,21,20,28,0,0,0,0,0,0,0
14,21,60,11,44,37,26,25,29,61,0,0,0,0
3,48,38,11,18,60,9,0,0,0,0,0,0,0
60,44,35,11,55,1,0,0,0,0,0,0,0,0
21,37,13,54,11,28,25,14,0,0,0,0,0,0
31,25,35,11,13,60,0,0,0,0,0,0,0,0
48,60,57,3,61,38,53,0,0,0,0,0,0,0
48,53,60,11,41,52,18,0,0,0,0,0,0,0
11,48,24,0,0,0,0,0,0,0,0,0,0,0
11,37,60,0,0,0,0,0,0,0,0,0,0,0
21,60,11,37,13,0,0,0,0,0,0,0,0,0
60,0,0,0,0,0,0,0,0,0,0,0,0,0
58,4,25,13,37,55,14,60,48,11,17,0,0,0
60,0,0,0,0,0,0,0,0,0,0,0,0,0
60,42,41,0,0,0,0,0,0,0,0,0,0,0
55,60,53,21,61,0,0,0,0,0,0,0,0,0
14,60,25,21,20,17,0,0,0,0,0,0,0,0
25,21,34,58,55,0,0,0,0,0,0,0,0,0
22,44,11,53,41,21,63,17,42,0,0,0,0,0
60,14,58,29,0,0,0,0,0,0,0,0,0,0
60,21,48,0,0,0,0,0,0,0,0,0,0,0
4,21,60,61,14,0,0,0,0,0,0,0,0,0
25,23,55,21,60,47,13,34,0,0,0,0,0,0
17,29,43,60,26,21,48,0,0,0,0,0,0,0
48,41,60,11,17,29,0,0,0,0,0,0,0,0
11,14,4,37,58,44,60,55,0,0,0,0,0,0
61,60,11,48,0,0,0,0,0,0,0,0,0,0
21,44,0,0,0,0,0,0,0,0,0,0,0,0
60,22,11,57,53,48,41,0,0,0,0,0,0,0
35,17,11,60,42,62,48,21,0,0,0,0,0,0
17,11,49,8,35,57,48,0,0,0,0,0,0,0
21,44,55,2,20,0,0,0,0,0,0,0,0,0
11,13,44,0,0,0,0,0,0,0,0,0,0,0
61,57,28,11,48,0,0,0,0,0,0,0,0,0
14,48,11,60,21,44,0,0,0,0,0,0,0,0
60,58,44,48,14,28,11,21,29,36,35,25,0,0
11,2,14,60,48,17,21,44,0,0,0,0,0,0
55,14,11,58,25,42,60,31,13,0,0,0,0,0
60,25,19,14,2,21,55,0,0,0,0,0,0,0
14,13,61,0,0,0,0,0,0,0,0,0,0,0
55,54,47,11,13,60,0,0,0,0,0,0,0,0
37,60,11,41,13,0,0,0,0,0,0,0,0,0
11,60,25,48,0,0,0,0,0,0,0,0,0,0
49,60,48,11,35,17,4,42,0,0,0,0,0,0
11,48,60,17,42,0,0,0,0,0,0,0,0,0
48,21,9,11,51,49,0,0,0,0,0,0,0,0
60,11,41,51,61,48,59,28,17,9,18,42,0,0
11,42,61,28,0,0,0,0,0,0,0,0,0,0
11,48,60,35,49,17,24,1,0,0,0,0,0,0
42,60,2,0,0,0,0,0,0,0,0,0,0,0
17,11,48,21,0,0,0,0,0,0,0,0,0,0
61,60,49,48,0,0,0,0,0,0,0,0,0,0
11,51,42,48,60,0,0,0,0,0,0,0,0,0
42,60,61,48,51,11,35,0,0,0,0,0,0,0
11,21,14,48,0,0,0,0,0,0,0,0,0,0
24,11,48,7,49,60,61,0,0,0,0,0,0,0
3,60,49,51,42,9,0,0,0,0,0,0,0,0
11,7,24,48,51,60,0,0,0,0,0,0,0,0
60,48,11,42,49,29,4,0,0,0,0,0,0,0
11,17,48,60,21,0,0,0,0,0,0,0,0,0
51,11,60,22,0,0,0,0,0,0,0,0,0,0
14,44,60,41,11,55,0,0,0,0,0,0,0,0
17,60,21,48,14,11,44,0,0,0,0,0,0,0
48,55,60,62,11,50,16,53,0,0,0,0,0,0
21,60,13,20,28,25,37,11,0,0,0,0,0,0
36,59,18,28,60,48,63,0,0,0,0,0,0,0
48,12,9,0,0,0,0,0,0,0,0,0,0,0
11,60,48,49,61,10,42,0,0,0,0,0,0,0
21,9,18,48,51,61,11,60,0,0,0,0,0,0
38,49,0,0,0,0,0,0,0,0,0,0,0,0
7,60,57,48,22,53,4,11,0,0,0,0,0,0
60,11,48,7,0,0,0,0,0,0,0,0,0,0
29,60,44,48,25,14,11,0,0,0,0,0,0,0
60,11,61,41,35,17,0,0,0,0,0,0,0,0
11,60,59,48,35,63,20,0,0,0,0,0,0,0
61,28,55,13,60,37,11,0,0,0,0,0,0,0
13,37,61,23,55,0,0,0,0,0,0,0,0,0
37,11,14,25,0,0,0,0,0,0,0,0,0,0
48,61,11,53,31,4,9,0,0,0,0,0,0,0
28,60,11,35,51,61,48,0,0,0,0,0,0,0
11,24,61,51,48,18,44,28,0,0,0,0,0,0
12,11,48,35,59,38,0,0,0,0,0,0,0,0
61,29,18,60,35,11,0,0,0,0,0,0,0,0
60,38,48,11,59,3,21,18,14,51,0,0,0,0
11,2,43,28,0,0,0,0,0,0,0,0,0,0
11,42,61,41,60,0,0,0,0,0,0,0,0,0
49,17,48,60,4,0,0,0,0,0,0,0,0,0
49,8,48,11,24,0,0,0,0,0,0,0,0,0
48,11,24,21,18,28,60,0,0,0,0,0,0,0
63,28,42,11,60,8,0,0,0,0,0,0,0,0
60,57,11,41,38,17,0,0,0,0,0,0,0,0
11,60,35,49,0,0,0,0,0,0,0,0,0,0
35,63,60,17,11,51,48,0,0,0,0,0,0,0
18,48,42,11,52,0,0,0,0,0,0,0,0,0
49,48,63,11,51,42,24,12,0,0,0,0,0,0
58,31,44,0,0,0,0,0,0,0,0,0,0,0
48,12,21,24,11,0,0,0,0,0,0,0,0,0
44,60,11,58,55,37,14,0,0,0,0,0,0,0
60,51,28,11,61,48,49,57,44,38,41,0,0,0
48,60,11,9,51,0,0,0,0,0,0,0,0,0
60,11,17,2,0,0,0,0,0,0,0,0,0,0
4,60,48,7,52,38,0,0,0,0,0,0,0,0
51,48,60,53,42,11,38,59,4,0,0,0,0,0
21,60,38,14,37,13,0,0,0,0,0,0,0,0
48,60,14,11,4,61,41,21,28,35,0,0,0,0
11,24,60,48,21,17,28,35,61,26,25,0,0,0
11,9,17,48,61,21,0,0,0,0,0,0,0,0
48,11,60,28,18,53,35,12,49,0,0,0,0,0
28,17,24,48,0,0,0,0,0,0,0,0,0,0
53,38,48,42,60,0,0,0,0,0,0,0,0,0
48,13,43,37,14,44,55,61,0,0,0,0,0,0
3,60,11,14,48,0,0,0,0,0,0,0,0,0
55,48,9,11,0,0,0,0,0,0,0,0,0,0
42,48,14,24,0,0,0,0,0,0,0,0,0,0
13,58,61,31,60,21,25,23,48,0,0,0,0,0
13,25,55,11,43,0,0,0,0,0,0,0,0,0
60,51,11,49,0,0,0,0,0,0,0,0,0,0
31,25,60,37,13,55,21,20,23,0,0,0,0,0
60,11,31,14,55,41,21,48,13,0,0,0,0,0
24,48,60,38,53,21,42,61,18,0,0,0,0,0
48,53,49,35,60,18,0,0,0,0,0,0,0,0
49,51,35,11,60,25,0,0,0,0,0,0,0,0
48,60,11,61,41,49,63,12,24,35,0,0,0,0
55,58,61,14,43,25,2,37,0,0,0,0,0,0
55,11,58,25,60,31,61,0,0,0,0,0,0,0
48,60,11,0,0,0,0,0,0,0,0,0,0,0
11,9,14,48,60,0,0,0,0,0,0,0,0,0
44,11,31,60,25,58,55,43,13,0,0,0,0,0
24,51,14,35,9,48,0,0,0,0,0,0,0,0
48,59,63,62,0,0,0,0,0,0,0,0,0,0
60,34,14,44,25,13,23,61,21,35,0,0,0,0
60,18,0,0,0,0,0,0,0,0,0,0,0,0
11,48,42,57,53,41,60,51,18,12,52,0,0,0
60,35,53,38,48,52,11,61,0,0,0,0,0,0
48,60,22,35,0,0,0,0,0,0,0,0,0,0
60,20,37,14,13,0,0,0,0,0,0,0,0,0
38,48,0,0,0,0,0,0,0,0,0,0,0,0
63,48,9,60,24,51,59,17,0,0,0,0,0,0
60,14,21,13,0,0,0,0,0,0,0,0,0,0
57,53,52,22,42,12,35,14,0,0,0,0,0,0
60,44,13,25,11,14,0,0,0,0,0,0,0,0
57,53,48,11,60,61,42,0,0,0,0,0,0,0
35,51,58,60,25,0,0,0,0,0,0,0,0,0
60,48,57,41,0,0,0,0,0,0,0,0,0,0
55,13,60,25,19,58,0,0,0,0,0,0,0,0
63,53,48,60,11,35,0,0,0,0,0,0,0,0
21,60,35,25,14,11,20,55,0,0,0,0,0,0
51,44,60,59,28,11,24,0,0,0,0,0,0,0
48,9,51,0,0,0,0,0,0,0,0,0,0,0
60,48,18,4,3,35,61,11,53,0,0,0,0,0
11,17,48,53,51,9,21,0,0,0,0,0,0,0
52,7,48,60,53,0,0,0,0,0,0,0,0,0
25,60,55,21,13,0,0,0,0,0,0,0,0,0
57,48,38,53,9,60,61,35,0,0,0,0,0,0
14,25,34,37,29,19,60,0,0,0,0,0,0,0
61,57,53,28,22,0,0,0,0,0,0,0,0,0
48,53,57,61,0,0,0,0,0,0,0,0,0,0
61,11,60,35,0,0,0,0,0,0,0,0,0,0
11,63,9,28,42,2,0,0,0,0,0,0,0,0
11,35,20,60,17,21,28,61,42,0,0,0,0,0
60,0,0,0,0,0,0,0,0,0,0,0,0,0
13,12,14,48,37,55,21,0,0,0,0,0,0,0
28,42,48,25,0,0,0,0,0,0,0,0,0,0
37,11,25,60,44,14,0,0,0,0,0,0,0,0
21,60,48,7,61,35,0,0,0,0,0,0,0,0
60,48,3,11,35,59,24,0,0,0,0,0,0,0
60,11,35,17,0,0,0,0,0,0,0,0,0,0
14,11,60,12,51,9,24,28,0,0,0,0,0,0
49,11,63,26,53,60,24,48,10,14,0,0,0,0
11,14,48,60,21,29,44,0,0,0,0,0,0,0
25,11,55,0,0,0,0,0,0,0,0,0,0,0
22,35,11,57,53,48,60,0,0,0,0,0,0,0
60,17,14,13,0,0,0,0,0,0,0,0,0,0
11,60,48,17,41,0,0,0,0,0,0,0,0,0
60,11,61,14,48,21,17,29,0,0,0,0,0,0
60,18,11,51,48,0,0,0,0,0,0,0,0,0
58,25,13,44,0,0,0,0,0,0,0,0,0,0
2,51,0,0,0,0,0,0,0,0,0,0,0,0
48,11,21,9,4,0,0,0,0,0,0,0,0,0
48,35,51,42,0,0,0,0,0,0,0,0,0,0
60,4,48,61,9,18,3,51,11,21,35,0,0,0
14,29,58,37,44,55,19,13,60,0,0,0,0,0
14,44,21,0,0,0,0,0,0,0,0,0,0,0
48,11,17,51,0,0,0,0,0,0,0,0,0,0
35,48,28,38,18,60,0,0,0,0,0,0,0,0
14,17,58,13,54,55,37,11,60,0,0,0,0,0
60,35,48,21,0,0,0,0,0,0,0,0,0,0
48,60,53,11,57,7,35,0,0,0,0,0,0,0
48,35,0,0,0,0,0,0,0,0,0,0,0,0
25,58,31,60,37,0,0,0,0,0,0,0,0,0
21,48,11,9,0,0,0,0,0,0,0,0,0,0
21,44,11,57,42,17,41,0,0,0,0,0,0,0
60,42,0,0,0,0,0,0,0,0,0,0,0,0
60,61,11,52,35,38,48,41,7,0,0,0,0,0
21,48,57,52,11,9,22,18,0,0,0,0,0,0
11,17,48,28,21,60,42,9,52,0,0,0,0,0
11,60,49,21,28,8,14,35,41,0,0,0,0,0
11,51,61,21,0,0,0,0,0,0,0,0,0,0
60,4,48,17,11,0,0,0,0,0,0,0,0,0
11,48,61,60,49,17,0,0,0,0,0,0,0,0
58,3,13,0,0,0,0,0,0,0,0,0,0,0
25,60,31,0,0,0,0,0,0,0,0,0,0,0
21,34,11,61,60,0,0,0,0,0,0,0,0,0
17,48,10,52,60,29,9,11,51,61,0,0,0,0
11,48,60,49,28,9,51,61,24,53,0,0,0,0
35,38,60,53,3,11,51,48,0,0,0,0,0,0
11,60,57,0,0,0,0,0,0,0,0,0,0,0
11,60,44,61,0,0,0,0,0,0,0,0,0,0
25,60,54,55,13,48,11,28,31,37,62,29,0,0
60,11,28,48,9,17,0,0,0,0,0,0,0,0
60,28,48,49,51,0,0,0,0,0,0,0,0,0
53,60,14,49,11,61,0,0,0,0,0,0,0,0
48,60,11,0,0,0,0,0,0,0,0,0,0,0
48,53,9,12,60,0,0,0,0,0,0,0,0,0
11,55,44,14,20,60,13,48,19,61,25,21,0,0
9,11,60,28,42,0,0,0,0,0,0,0,0,0
44,48,51,60,11,0,0,0,0,0,0,0,0,0
11,25,14,55,60,0,0,0,0,0,0,0,0,0
60,17,25,21,0,0,0,0,0,0,0,0,0,0
60,25,58,11,13,55,0,0,0,0,0,0,0,0
48,11,12,60,61,38,35,51,0,0,0,0,0,0
60,48,61,62,11,21,35,44,9,3,0,0,0,0
11,48,49,17,9,61,51,0,0,0,0,0,0,0
60,41,14,11,1,29,44,21,0,0,0,0,0,0
51,21,49,11,60,63,48,0,0,0,0,0,0,0
28,48,11,63,49,51,24,59,0,0,0,0,0,0
11,17,48,12,0,0,0,0,0,0,0,0,0,0
35,60,11,29,25,55,0,0,0,0,0,0,0,0
60,44,21,48,0,0,0,0,0,0,0,0,0,0
47,25,60,55,58,35,0,0,0,0,0,0,0,0
48,49,0,0,0,0,0,0,0,0,0,0,0,0
52,60,61,48,0,0,0,0,0,0,0,0,0,0
44,11,21,25,60,0,0,0,0,0,0,0,0,0
48,3,61,35,60,53,38,12,0,0,0,0,0,0
29,60,14,21,11,44,0,0,0,0,0,0,0,0
60,35,52,48,61,11,0,0,0,0,0,0,0,0
11,17,48,41,42,3,0,0,0,0,0,0,0,0
13,25,37,0,0,0,0,0,0,0,0,0,0,0
48,57,61,35,9,29,3,53,0,0,0,0,0,0
60,11,14,25,0,0,0,0,0,0,0,0,0,0
11,60,35,28,61,44,41,0,0,0,0,0,0,0
28,11,13,23,60,55,42,0,0,0,0,0,0,0
14,60,21,25,55,0,0,0,0,0,0,0,0,0
21,11,7,60,20,3,0,0,0,0,0,0,0,0
61,48,60,11,35,21,41,0,0,0,0,0,0,0
60,38,48,11,21,9,0,0,0,0,0,0,0,0
21,13,11,58,61,41,0,0,0,0,0,0,0,0
17,21,11,2,42,61,48,0,0,0,0,0,0,0
55,31,58,36,11,0,0,0,0,0,0,0,0,0
11,21,25,42,60,0,0,0,0,0,0,0,0,0
11,61,48,60,9,42,35,0,0,0,0,0,0,0
11,60,21,0,0,0,0,0,0,0,0,0,0,0
14,11,26,44,0,0,0,0,0,0,0,0,0,0
60,2,11,44,14,29,26,48,41,55,0,0,0,0
48,35,51,61,28,4,60,18,3,0,0,0,0,0
48,14,60,57,52,13,11,25,50,0,0,0,0,0
60,21,61,11,29,37,42,25,0,0,0,0,0,0
2,60,14,43,25,20,58,0,0,0,0,0,0,0
11,24,53,0,0,0,0,0,0,0,0,0,0,0
18,17,60,12,0,0,0,0,0,0,0,0,0,0
51,41,42,60,11,14,61,0,0,0,0,0,0,0
35,48,11,0,0,0,0,0,0,0,0,0,0,0
21,11,35,48,51,7,63,42,14,24,0,0,0,0
28,48,29,61,18,11,22,53,9,0,0,0,0,0
21,44,11,60,61,29,35,28,0,0,0,0,0,0
14,29,51,0,0,0,0,0,0,0,0,0,0,0
25,14,11,55,37,60,21,13,61,0,0,0,0,0
13,60,58,37,25,31,48,14,11,61,55,0,0,0
21,14,11,41,0,0,0,0,0,0,0,0,0,0
60,43,34,13,54,11,31,25,29,28,2,0,0,0
13,60,37,48,14,12,0,0,0,0,0,0,0,0
11,9,49,12,35,21,17,28,0,0,0,0,0,0
21,17,11,49,27,41,48,51,0,0,0,0,0,0
60,59,11,48,0,0,0,0,0,0,0,0,0,0
48,11,60,49,3,21,35,18,42,59,0,0,0,0
11,60,48,62,0,0,0,0,0,0,0,0,0,0
48,61,11,60,12,44,0,0,0,0,0,0,0,0
11,24,49,35,63,48,60,0,0,0,0,0,0,0
11,57,48,60,9,59,0,0,0,0,0,0,0,0
48,51,60,35,49,11,57,41,0,0,0,0,0,0
62,48,9,11,60,0,0,0,0,0,0,0,0,0
31,58,4,25,60,37,0,0,0,0,0,0,0,0
57,18,60,0,0,0,0,0,0,0,0,0,0,0
48,7,11,49,38,24,0,0,0,0,0,0,0,0
48,18,60,55,28,11,0,0,0,0,0,0,0,0
48,57,60,44,51,38,11,53,9,0,0,0,0,0
35,11,42,41,28,49,0,0,0,0,0,0,0,0
48,60,35,28,17,53,61,0,0,0,0,0,0,0
48,61,9,60,11,18,25,0,0,0,0,0,0,0
55,58,25,34,37,60,0,0,0,0,0,0,0,0
60,21,11,1,29,61,0,0,0,0,0,0,0,0
48,11,22,18,51,53,61,57,60,14,50,52,38,35
13,25,61,60,44,0,0,0,0,0,0,0,0,0
28,61,11,44,51,60,42,49,0,0,0,0,0,0
60,48,61,53,22,35,17,0,0,0,0,0,0,0
11,51,18,60,35,0,0,0,0,0,0,0,0,0
11,14,13,25,58,44,0,0,0,0,0,0,0,0
11,61,60,35,50,48,41,44,16,0,0,0,0,0
4,41,60,9,35,48,52,0,0,0,0,0,0,0
60,61,35,11,25,0,0,0,0,0,0,0,0,0
41,11,60,17,48,61,35,49,0,0,0,0,0,0
31,13,55,60,0,0,0,0,0,0,0,0,0,0
60,21,48,11,61,29,0,0,0,0,0,0,0,0
48,13,57,3,35,9,60,0,0,0,0,0,0,0
11,35,25,52,57,38,60,0,0,0,0,0,0,0
21,11,1,0,0,0,0,0,0,0,0,0,0,0
53,60,57,48,22,11,21,52,0,0,0,0,0,0
60,48,35,0,0,0,0,0,0,0,0,0,0,0
20,21,60,44,1,0,0,0,0,0,0,0,0,0
11,48,60,51,12,17,0,0,0,0,0,0,0,0
21,61,11,48,0,0,0,0,0,0,0,0,0,0
60,11,0,0,0,0,0,0,0,0,0,0,0,0
60,21,57,31,3,48,53,11,4,59,0,0,0,0
48,11,60,17,49,14,0,0,0,0,0,0,0,0
57,42,48,60,53,22,11,0,0,0,0,0,0,0
60,59,53,42,11,28,24,0,0,0,0,0,0,0
55,11,60,21,44,0,0,0,0,0,0,0,0,0
57,48,60,11,9,0,0,0,0,0,0,0,0,0
53,21,60,61,11,0,0,0,0,0,0,0,0,0
48,60,25,29,61,11,0,0,0,0,0,0,0,0
37,14,44,11,60,48,55,21,13,47,0,0,0,0
48,29,18,35,53,0,0,0,0,0,0,0,0,0
11,44,60,48,2,0,0,0,0,0,0,0,0,0
16,60,48,53,11,38,52,41,26,50,0,0,0,0
3,51,42,48,0,0,0,0,0,0,0,0,0,0
60,48,38,11,0,0,0,0,0,0,0,0,0,0
13,25,23,31,60,11,0,0,0,0,0,0,0,0
48,61,38,60,21,53,17,0,0,0,0,0,0,0
48,51,38,60,0,0,0,0,0,0,0,0,0,0
11,60,29,14,41,9,0,0,0,0,0,0,0,0
48,42,60,11,28,44,0,0,0,0,0,0,0,0
60,61,53,35,48,11,57,0,0,0,0,0,0,0
60,11,35,53,61,0,0,0,0,0,0,0,0,0
17,60,21,0,0,0,0,0,0,0,0,0,0,0
4,60,48,21,11,61,0,0,0,0,0,0,0,0
41,48,11,28,60,62,0,0,0,0,0,0,0,0
53,48,60,52,57,11,61,3,0,0,0,0,0,0
14,25,11,21,60,0,0,0,0,0,0,0,0,0
24,0,0,0,0,0,0,0,0,0,0,0,0,0
48,60,38,53,11,0,0,0,0,0,0,0,0,0
14,11,60,44,41,20,19,61,17,21,0,0,0,0
60,4,48,52,0,0,0,0,0,0,0,0,0,0
48,35,12,11,60,49,51,57,4,0,0,0,0,0
48,18,9,11,60,3,0,0,0,0,0,0,0,0
60,48,49,62,17,28,35,11,61,51,16,0,0,0
60,48,11,14,25,17,31,21,29,0,0,0,0,0
14,60,48,55,58,0,0,0,0,0,0,0,0,0
17,11,28,0,0,0,0,0,0,0,0,0,0,0
22,57,60,53,35,0,0,0,0,0,0,0,0,0
60,57,28,11,53,0,0,0,0,0,0,0,0,0
61,14,44,21,60,0,0,0,0,0,0,0,0,0
2,21,14,60,35,0,0,0,0,0,0,0,0,0
4,51,11,17,18,42,27,21,0,0,0,0,0,0
48,25,60,11,53,9,17,0,0,0,0,0,0,0
16,60,48,4,50,52,11,0,0,0,0,0,0,0
60,29,11,31,58,14,25,0,0,0,0,0,0,0
57,62,18,11,9,60,0,0,0,0,0,0,0,0
3,18,57,48,60,11,53,35,61,0,0,0,0,0
9,48,38,60,11,0,0,0,0,0,0,0,0,0
38,51,11,22,60,53,0,0,0,0,0,0,0,0
48,50,24,22,60,57,42,11,53,0,0,0,0,0
53,1,38,51,57,4,11,0,0,0,0,0,0,0
60,61,9,44,11,53,0,0,0,0,0,0,0,0
11,53,57,60,51,48,61,0,0,0,0,0,0,0
11,51,48,50,44,57,0,0,0,0,0,0,0,0
42,53,11,60,35,9,52,57,48,61,18,0,0,0
60,54,48,0,0,0,0,0,0,0,0,0,0,0
41,43,14,21,25,0,0,0,0,0,0,0,0,0
60,48,53,22,57,41,29,0,0,0,0,0,0,0
11,18,60,57,0,0,0,0,0,0,0,0,0,0
11,48,0,0,0,0,0,0,0,0,0,0,0,0
11,57,48,60,42,53,14,0,0,0,0,0,0,0
60,57,61,0,0,0,0,0,0,0,0,0,0,0
53,38,22,48,35,41,57,60,0,0,0,0,0,0
48,35,41,57,0,0,0,0,0,0,0,0,0,0
29,60,4,11,38,22,21,0,0,0,0,0,0,0
57,29,60,11,18,38,48,0,0,0,0,0,0,0
48,51,53,52,57,60,38,35,11,0,0,0,0,0
37,55,60,0,0,0,0,0,0,0,0,0,0,0
35,42,38,48,60,11,57,28,41,0,0,0,0,0
48,11,57,60,53,42,62,0,0,0,0,0,0,0
48,11,12,0,0,0,0,0,0,0,0,0,0,0
60,11,57,21,53,48,0,0,0,0,0,0,0,0
11,17,0,0,0,0,0,0,0,0,0,0,0,0
60,37,13,0,0,0,0,0,0,0,0,0,0,0
37,55,17,61,13,14,58,42,0,0,0,0,0,0
21,13,31,60,37,34,0,0,0,0,0,0,0,0
13,14,55,60,37,25,58,11,21,0,0,0,0,0
48,42,11,60,61,17,0,0,0,0,0,0,0,0
60,28,37,13,11,29,25,0,0,0,0,0,0,0
25,11,31,60,0,0,0,0,0,0,0,0,0,0
58,13,14,25,37,60,23,11,0,0,0,0,0,0
58,55,43,37,25,60,41,34,11,13,0,0,0,0
58,13,60,25,0,0,0,0,0,0,0,0,0,0
48,37,14,0,0,0,0,0,0,0,0,0,0,0
41,11,60,0,0,0,0,0,0,0,0,0,0,0
13,58,0,0,0,0,0,0,0,0,0,0,0,0
37,55,60,35,31,13,0,0,0,0,0,0,0,0
34,25,14,13,11,55,0,0,0,0,0,0,0,0
55,44,58,0,0,0,0,0,0,0,0,0,0,0
60,48,17,18,53,11,21,35,0,0,0,0,0,0
13,25,11,37,44,14,60,0,0,0,0,0,0,0
60,21,11,25,29,35,20,0,0,0,0,0,0,0
61,48,60,11,18,0,0,0,0,0,0,0,0,0
37,60,11,35,44,0,0,0,0,0,0,0,0,0
60,25,20,13,55,0,0,0,0,0,0,0,0,0
31,13,60,21,11,25,55,37,43,14,23,35,0,0
31,11,60,0,0,0,0,0,0,0,0,0,0,0
60,25,43,14,13,0,0,0,0,0,0,0,0,0
13,9,34,23,14,60,37,58,0,0,0,0,0,0
14,13,11,25,60,28,58,0,0,0,0,0,0,0
60,13,29,25,44,58,0,0,0,0,0,0,0,0
11,60,44,21,25,13,14,58,0,0,0,0,0,0
60,11,20,25,0,0,0,0,0,0,0,0,0,0
11,29,60,21,44,0,0,0,0,0,0,0,0,0
25,58,55,60,11,61,13,0,0,0,0,0,0,0
60,25,55,11,0,0,0,0,0,0,0,0,0,0
60,41,44,14,11,21,0,0,0,0,0,0,0,0
60,14,58,12,0,0,0,0,0,0,0,0,0,0
58,60,13,23,0,0,0,0,0,0,0,0,0,0
60,44,21,13,0,0,0,0,0,0,0,0,0,0
60,13,58,25,19,0,0,0,0,0,0,0,0,0
44,13,60,31,43,37,0,0,0,0,0,0,0,0
13,58,55,25,29,37,21,0,0,0,0,0,0,0
14,44,13,0,0,0,0,0,0,0,0,0,0,0
44,31,55,11,13,0,0,0,0,0,0,0,0,0
19,61,60,13,55,11,31,48,14,17,0,0,0,0
47,60,31,55,14,21,25,35,11,0,0,0,0,0
42,11,41,18,0,0,0,0,0,0,0,0,0,0
21,0,0,0,0,0,0,0,0,0,0,0,0,0
25,11,28,60,29,44,14,21,26,58,0,0,0,0
21,11,61,2,60,14,44,25,43,0,0,0,0,0
48,24,61,42,17,11,0,0,0,0,0,0,0,0
21,24,11,0,0,0,0,0,0,0,0,0,0,0
59,61,11,21,62,25,49,44,0,0,0,0,0,0
60,59,51,53,11,48,63,28,0,0,0,0,0,0
48,11,60,49,0,0,0,0,0,0,0,0,0,0
8,49,48,59,0,0,0,0,0,0,0,0,0,0
24,35,14,48,11,63,4,60,0,0,0,0,0,0
10,11,49,24,9,4,0,0,0,0,0,0,0,0
59,17,49,48,60,27,63,24,11,0,0,0,0,0
25,49,11,48,18,17,59,0,0,0,0,0,0,0
35,48,11,60,28,51,18,53,9,38,0,0,0,0
11,12,61,0,0,0,0,0,0,0,0,0,0,0
14,13,60,0,0,0,0,0,0,0,0,0,0,0
53,48,35,11,57,0,0,0,0,0,0,0,0,0
11,60,9,48,44,61,24,49,51,21,0,0,0,0
25,24,11,48,60,0,0,0,0,0,0,0,0,0
11,61,42,28,60,48,0,0,0,0,0,0,0,0
25,31,13,41,55,60,37,0,0,0,0,0,0,0
48,60,57,11,0,0,0,0,0,0,0,0,0,0
60,38,14,48,61,17,0,0,0,0,0,0,0,0
11,21,61,29,35,60,0,0,0,0,0,0,0,0
21,14,37,11,0,0,0,0,0,0,0,0,0,0
49,44,55,29,58,0,0,0,0,0,0,0,0,0
60,25,21,43,48,0,0,0,0,0,0,0,0,0
37,55,11,19,0,0,0,0,0,0,0,0,0,0
41,57,48,18,28,53,52,0,0,0,0,0,0,0
48,62,53,9,60,11,57,0,0,0,0,0,0,0
51,60,48,57,11,53,22,0,0,0,0,0,0,0
57,28,25,60,53,61,48,21,22,0,0,0,0,0
17,57,48,11,53,0,0,0,0,0,0,0,0,0
25,13,60,48,11,37,28,14,43,41,58,0,0,0
35,44,17,11,14,60,0,0,0,0,0,0,0,0
14,55,21,23,58,0,0,0,0,0,0,0,0,0
25,60,26,21,11,47,0,0,0,0,0,0,0,0
37,60,42,13,11,14,55,25,20,51,44,0,0,0
58,11,41,21,60,13,14,0,0,0,0,0,0,0
58,37,47,0,0,0,0,0,0,0,0,0,0,0
60,51,58,13,0,0,0,0,0,0,0,0,0,0
48,11,60,49,28,21,0,0,0,0,0,0,0,0
60,11,21,61,0,0,0,0,0,0,0,0,0,0
60,25,13,37,21,44,11,55,0,0,0,0,0,0
13,25,55,60,11,37,0,0,0,0,0,0,0,0
37,60,13,55,34,61,25,0,0,0,0,0,0,0
13,34,14,0,0,0,0,0,0,0,0,0,0,0
25,29,19,48,60,37,44,11,13,58,55,0,0,0
11,17,61,0,0,0,0,0,0,0,0,0,0,0
60,21,19,14,0,0,0,0,0,0,0,0,0,0
11,13,60,31,21,25,0,0,0,0,0,0,0,0
29,60,11,14,25,2,3,44,0,0,0,0,0,0
37,14,55,21,19,60,0,0,0,0,0,0,0,0
60,14,37,44,34,55,13,31,0,0,0,0,0,0
13,0,0,0,0,0,0,0,0,0,0,0,0,0
58,25,11,37,14,21,55,0,0,0,0,0,0,0
25,13,14,60,0,0,0,0,0,0,0,0,0,0
13,37,60,0,0,0,0,0,0,0,0,0,0,0
11,3,48,17,63,0,0,0,0,0,0,0,0,0
37,11,25,60,51,0,0,0,0,0,0,0,0,0
11,62,4,9,48,0,0,0,0,0,0,0,0,0
47,60,55,43,0,0,0,0,0,0,0,0,0,0
60,44,14,21,11,26,0,0,0,0,0,0,0,0
60,52,48,11,35,61,18,28,26,0,0,0,0,0
48,11,60,21,44,35,2,0,0,0,0,0,0,0
60,29,35,11,51,0,0,0,0,0,0,0,0,0
60,11,0,0,0,0,0,0,0,0,0,0,0,0
54,37,2,14,55,11,13,0,0,0,0,0,0,0
17,61,44,11,60,14,28,42,48,0,0,0,0,0
60,11,21,19,44,61,43,0,0,0,0,0,0,0
9,48,60,11,61,35,42,52,51,0,0,0,0,0
11,17,42,48,0,0,0,0,0,0,0,0,0,0
60,37,58,14,25,0,0,0,0,0,0,0,0,0
48,11,18,9,49,51,61,28,0,0,0,0,0,0
13,58,14,60,23,37,11,0,0,0,0,0,0,0
58,60,43,14,0,0,0,0,0,0,0,0,0,0
60,58,35,0,0,0,0,0,0,0,0,0,0,0
60,35,48,18,11,55,53,0,0,0,0,0,0,0
60,4,48,11,14,41,53,28,0,0,0,0,0,0
60,52,22,35,0,0,0,0,0,0,0,0,0,0
60,61,9,42,11,48,0,0,0,0,0,0,0,0
61,48,59,11,60,38,21,63,49,9,0,0,0,0
11,34,55,47,37,13,60,6,25,0,0,0,0,0
17,11,0,0,0,0,0,0,0,0,0,0,0,0
58,13,0,0,0,0,0,0,0,0,0,0,0,0
20,61,11,44,13,25,31,37,0,0,0,0,0,0
60,14,11,39,25,0,0,0,0,0,0,0,0,0
60,48,4,14,11,51,35,0,0,0,0,0,0,0
60,11,48,52,41,35,0,0,0,0,0,0,0,0
48,11,42,60,0,0,0,0,0,0,0,0,0,0
7,11,48,61,9,60,53,38,0,0,0,0,0,0
11,51,61,48,21,60,9,0,0,0,0,0,0,0
14,60,53,57,22,38,48,11,0,0,0,0,0,0
11,13,41,14,0,0,0,0,0,0,0,0,0,0
11,21,44,60,0,0,0,0,0,0,0,0,0,0
60,11,28,17,21,41,42,61,44,0,0,0,0,0
60,11,13,0,0,0,0,0,0,0,0,0,0,0
44,37,11,55,60,25,13,0,0,0,0,0,0,0
9,11,3,60,48,28,0,0,0,0,0,0,0,0
11,48,42,17,60,25,0,0,0,0,0,0,0,0
11,17,42,41,3,0,0,0,0,0,0,0,0,0
13,25,37,11,55,14,60,20,0,0,0,0,0,0
48,3,21,35,0,0,0,0,0,0,0,0,0,0
14,11,60,42,17,61,21,0,0,0,0,0,0,0
55,60,44,23,0,0,0,0,0,0,0,0,0,0
11,14,17,48,0,0,0,0,0,0,0,0,0,0
17,11,28,60,0,0,0,0,0,0,0,0,0,0
3,4,38,48,53,12,35,0,0,0,0,0,0,0
11,51,2,49,48,0,0,0,0,0,0,0,0,0
42,51,0,0,0,0,0,0,0,0,0,0,0,0
14,60,61,13,55,11,37,29,25,0,0,0,0,0
48,3,60,21,61,35,4,7,41,38,0,0,0,0
60,28,48,21,11,14,17,0,0,0,0,0,0,0
51,61,11,59,48,0,0,0,0,0,0,0,0,0
53,48,14,4,42,60,0,0,0,0,0,0,0,0
60,25,37,55,58,21,0,0,0,0,0,0,0,0
28,11,48,17,14,60,12,0,0,0,0,0,0,0
13,11,60,55,29,21,0,0,0,0,0,0,0,0
48,60,51,11,22,0,0,0,0,0,0,0,0,0
49,11,8,48,59,0,0,0,0,0,0,0,0,0
11,61,42,17,0,0,0,0,0,0,0,0,0,0
14,13,55,11,44,34,31,0,0,0,0,0,0,0
60,11,14,58,20,44,55,21,0,0,0,0,0,0
60,19,55,28,0,0,0,0,0,0,0,0,0,0
17,11,21,60,14,25,2,29,61,0,0,0,0,0
42,11,17,60,3,0,0,0,0,0,0,0,0,0
48,21,60,41,18,11,61,0,0,0,0,0,0,0
60,49,11,59,0,0,0,0,0,0,0,0,0,0
11,28,48,0,0,0,0,0,0,0,0,0,0,0
11,25,44,0,0,0,0,0,0,0,0,0,0,0
11,35,60,53,18,57,62,0,0,0,0,0,0,0
48,3,24,11,0,0,0,0,0,0,0,0,0,0
48,53,11,18,60,17,42,35,28,0,0,0,0,0
11,21,42,28,12,17,0,0,0,0,0,0,0,0
25,60,20,37,11,0,0,0,0,0,0,0,0,0
49,9,51,24,48,0,0,0,0,0,0,0,0,0
11,44,42,60,48,28,0,0,0,0,0,0,0,0
11,61,28,48,60,41,17,21,0,0,0,0,0,0
35,17,0,0,0,0,0,0,0,0,0,0,0,0
42,11,9,21,28,48,0,0,0,0,0,0,0,0
17,14,55,43,60,0,0,0,0,0,0,0,0,0
11,60,21,1,29,48,61,55,0,0,0,0,0,0
11,13,55,60,14,21,44,2,0,0,0,0,0,0
37,48,55,60,14,43,0,0,0,0,0,0,0,0
60,48,11,61,41,21,0,0,0,0,0,0,0,0
49,51,59,17,0,0,0,0,0,0,0,0,0,0
21,11,25,2,14,60,0,0,0,0,0,0,0,0
29,20,11,31,0,0,0,0,0,0,0,0,0,0
11,60,29,12,17,44,51,0,0,0,0,0,0,0
44,1,11,48,42,21,60,17,61,28,0,0,0,0
11,60,24,48,0,0,0,0,0,0,0,0,0,0
25,1,21,11,60,17,0,0,0,0,0,0,0,0
60,61,4,48,11,0,0,0,0,0,0,0,0,0
2,11,14,21,60,61,0,0,0,0,0,0,0,0
37,55,60,41,58,13,21,25,14,0,0,0,0,0
11,60,18,48,35,61,17,28,24,0,0,0,0,0
28,11,61,0,0,0,0,0,0,0,0,0,0,0
48,51,52,60,61,11,0,0,0,0,0,0,0,0
37,25,31,43,13,0,0,0,0,0,0,0,0,0
21,29,0,0,0,0,0,0,0,0,0,0,0,0
11,14,49,59,63,60,61,48,52,0,0,0,0,0
11,48,18,0,0,0,0,0,0,0,0,0,0,0
48,60,61,11,53,18,0,0,0,0,0,0,0,0
9,57,53,51,0,0,0,0,0,0,0,0,0,0
48,61,11,60,28,41,14,0,0,0,0,0,0,0
21,11,60,0,0,0,0,0,0,0,0,0,0,0
60,35,48,61,21,0,0,0,0,0,0,0,0,0
60,53,22,57,41,0,0,0,0,0,0,0,0,0
60,48,61,35,21,4,3,11,0,0,0,0,0,0
52,60,41,11,48,57,0,0,0,0,0,0,0,0
61,49,4,11,48,60,17,3,53,0,0,0,0,0
14,60,29,21,11,61,25,4,28,44,41,19,48,0
60,48,35,17,51,10,42,11,0,0,0,0,0,0
17,48,11,42,60,35,61,59,0,0,0,0,0,0
11,28,14,21,25,60,29,61,35,44,17,0,0,0
11,51,41,48,61,60,0,0,0,0,0,0,0,0
49,42,11,48,35,60,17,61,0,0,0,0,0,0
42,11,48,60,28,0,0,0,0,0,0,0,0,0
58,60,14,0,0,0,0,0,0,0,0,0,0,0
60,12,0,0,0,0,0,0,0,0,0,0,0,0
17,18,12,60,11,4,38,48,53,9,7,35,0,0
61,4,53,35,0,0,0,0,0,0,0,0,0,0
11,63,61,60,53,0,0,0,0,0,0,0,0,0
60,48,35,11,9,3,49,0,0,0,0,0,0,0
48,11,1,24,17,60,42,0,0,0,0,0,0,0
3,51,59,48,28,0,0,0,0,0,0,0,0,0
53,11,60,14,59,48,61,0,0,0,0,0,0,0
61,11,42,17,21,51,35,60,26,0,0,0,0,0
11,60,59,48,63,49,9,35,17,53,42,36,0,0
48,11,59,49,52,0,0,0,0,0,0,0,0,0
13,60,55,19,37,31,0,0,0,0,0,0,0,0
51,11,14,63,60,0,0,0,0,0,0,0,0,0
11,63,51,17,3,0,0,0,0,0,0,0,0,0
48,11,60,13,61,35,0,0,0,0,0,0,0,0
57,48,12,60,11,42,38,0,0,0,0,0,0,0
25,60,23,54,13,31,0,0,0,0,0,0,0,0
48,21,11,4,35,18,60,38,9,61,0,0,0,0
48,21,28,59,41,0,0,0,0,0,0,0,0,0
11,48,44,4,0,0,0,0,0,0,0,0,0,0
53,19,48,22,57,14,51,11,18,35,0,0,0,0
28,11,0,0,0,0,0,0,0,0,0,0,0,0
11,24,60,17,48,35,49,0,0,0,0,0,0,0
28,48,57,60,0,0,0,0,0,0,0,0,0,0
51,11,42,9,60,48,53,0,0,0,0,0,0,0
13,55,21,25,11,60,0,0,0,0,0,0,0,0
9,63,48,29,11,49,0,0,0,0,0,0,0,0
25,11,58,0,0,0,0,0,0,0,0,0,0,0
60,38,48,9,53,4,61,12,14,50,0,0,0,0
55,60,37,13,11,14,0,0,0,0,0,0,0,0
13,51,17,48,21,37,58,11,60,29,0,0,0,0
25,0,0,0,0,0,0,0,0,0,0,0,0,0
58,29,61,37,55,60,25,0,0,0,0,0,0,0
18,57,48,11,0,0,0,0,0,0,0,0,0,0
60,25,29,55,37,0,0,0,0,0,0,0,0,0
11,61,35,48,0,0,0,0,0,0,0,0,0,0
1,2,21,60,61,0,0,0,0,0,0,0,0,0
53,22,41,42,48,60,57,44,0,0,0,0,0,0
24,48,59,18,49,51,11,0,0,0,0,0,0,0
42,60,48,21,0,0,0,0,0,0,0,0,0,0
11,60,51,41,0,0,0,0,0,0,0,0,0,0
9,11,48,24,0,0,0,0,0,0,0,0,0,0
35,17,24,0,0,0,0,0,0,0,0,0,0,0
18,48,35,11,0,0,0,0,0,0,0,0,0,0
25,60,13,34,0,0,0,0,0,0,0,0,0,0
60,11,21,2,48,0,0,0,0,0,0,0,0,0
2,41,60,39,11,14,51,25,0,0,0,0,0,0
14,47,60,19,31,48,0,0,0,0,0,0,0,0
17,11,48,14,42,0,0,0,0,0,0,0,0,0
11,14,60,41,44,0,0,0,0,0,0,0,0,0
11,60,21,43,14,0,0,0,0,0,0,0,0,0
48,60,41,11,61,52,3,4,0,0,0,0,0,0
60,11,44,25,21,61,48,0,0,0,0,0,0,0
12,60,11,43,17,28,0,0,0,0,0,0,0,0
14,11,25,60,13,61,21,0,0,0,0,0,0,0
41,60,17,23,55,0,0,0,0,0,0,0,0,0
25,14,60,21,29,0,0,0,0,0,0,0,0,0
60,48,21,47,58,14,55,31,11,44,0,0,0,0
60,29,11,17,14,55,2,0,0,0,0,0,0,0
58,11,37,13,60,19,7,0,0,0,0,0,0,0
60,55,37,13,25,28,0,0,0,0,0,0,0,0
37,60,11,14,21,44,0,0,0,0,0,0,0,0
26,44,60,11,48,29,21,37,19,0,0,0,0,0
60,11,42,44,21,17,61,0,0,0,0,0,0,0
60,4,48,21,50,41,55,0,0,0,0,0,0,0
60,38,9,48,22,18,51,0,0,0,0,0,0,0
41,11,60,29,0,0,0,0,0,0,0,0,0,0
58,13,60,37,25,0,0,0,0,0,0,0,0,0
55,60,14,0,0,0,0,0,0,0,0,0,0,0
1,44,21,58,14,11,55,61,0,0,0,0,0,0
48,44,53,11,60,38,51,52,0,0,0,0,0,0
48,42,0,0,0,0,0,0,0,0,0,0,0,0
58,37,11,14,44,0,0,0,0,0,0,0,0,0
48,53,0,0,0,0,0,0,0,0,0,0,0,0
48,41,37,21,25,0,0,0,0,0,0,0,0,0
48,28,11,60,0,0,0,0,0,0,0,0,0,0
58,29,25,37,31,14,55,0,0,0,0,0,0,0
53,48,11,35,25,9,60,0,0,0,0,0,0,0
53,42,60,4,0,0,0,0,0,0,0,0,0,0
17,60,11,48,35,12,25,0,0,0,0,0,0,0
11,61,17,51,0,0,0,0,0,0,0,0,0,0
61,51,28,11,0,0,0,0,0,0,0,0,0,0
48,60,38,14,57,0,0,0,0,0,0,0,0,0
17,11,60,14,48,0,0,0,0,0,0,0,0,0
60,44,29,25,14,11,21,17,0,0,0,0,0,0
14,60,55,25,41,21,19,11,2,13,58,20,0,0
33,31,14,34,60,21,20,11,58,25,19,0,0,0
14,55,29,44,43,11,20,58,0,0,0,0,0,0
58,21,25,37,0,0,0,0,0,0,0,0,0,0
55,13,37,21,42,14,60,61,34,0,0,0,0,0
43,60,55,23,25,14,21,0,0,0,0,0,0,0
25,11,60,37,47,58,43,0,0,0,0,0,0,0
53,60,50,48,54,9,0,0,0,0,0,0,0,0
14,11,55,60,29,21,44,0,0,0,0,0,0,0
37,2,11,41,60,13,25,0,0,0,0,0,0,0
37,31,55,25,13,0,0,0,0,0,0,0,0,0
14,48,60,11,25,29,0,0,0,0,0,0,0,0
60,48,11,61,4,42,41,35,12,0,0,0,0,0
11,21,17,35,0,0,0,0,0,0,0,0,0,0
60,50,48,38,11,43,28,0,0,0,0,0,0,0
60,21,61,62,0,0,0,0,0,0,0,0,0,0
35,17,48,60,11,38,9,0,0,0,0,0,0,0
60,61,7,48,11,50,0,0,0,0,0,0,0,0
21,50,60,18,14,53,0,0,0,0,0,0,0,0
60,48,11,41,38,61,7,21,50,35,0,0,0,0
48,1,60,4,7,35,11,41,44,17,0,0,0,0
48,60,61,4,28,11,25,14,41,42,0,0,0,0
11,60,17,21,0,0,0,0,0,0,0,0,0,0
3,11,60,9,31,51,0,0,0,0,0,0,0,0
11,44,60,35,0,0,0,0,0,0,0,0,0,0
11,60,48,35,26,0,0,0,0,0,0,0,0,0
52,11,53,48,0,0,0,0,0,0,0,0,0,0
48,60,0,0,0,0,0,0,0,0,0,0,0,0
4,60,38,61,48,7,0,0,0,0,0,0,0,0
57,62,60,11,48,53,0,0,0,0,0,0,0,0
61,48,60,28,11,52,41,38,18,53,0,0,0,0
11,60,42,35,48,38,0,0,0,0,0,0,0,0
60,52,61,11,41,14,0,0,0,0,0,0,0,0
60,35,4,48,11,61,0,0,0,0,0,0,0,0
53,11,0,0,0,0,0,0,0,0,0,0,0,0
48,12,0,0,0,0,0,0,0,0,0,0,0,0
57,3,48,24,60,35,21,51,44,0,0,0,0,0
11,60,28,3,53,0,0,0,0,0,0,0,0,0
11,60,16,38,22,0,0,0,0,0,0,0,0,0
60,48,61,53,52,4,42,29,38,0,0,0,0,0
35,60,48,11,57,24,3,0,0,0,0,0,0,0
53,48,60,61,0,0,0,0,0,0,0,0,0,0
11,60,61,53,48,52,38,0,0,0,0,0,0,0
53,60,38,48,57,0,0,0,0,0,0,0,0,0
18,48,60,41,35,61,0,0,0,0,0,0,0,0
61,48,9,60,35,4,42,0,0,0,0,0,0,0
60,35,11,53,48,38,0,0,0,0,0,0,0,0
11,60,48,28,61,0,0,0,0,0,0,0,0,0
17,38,60,50,7,0,0,0,0,0,0,0,0,0
29,23,28,21,13,37,17,55,60,0,0,0,0,0
60,13,11,43,37,0,0,0,0,0,0,0,0,0
48,60,61,3,0,0,0,0,0,0,0,0,0,0
61,41,60,11,35,48,9,44,0,0,0,0,0,0
48,11,61,14,0,0,0,0,0,0,0,0,0,0
60,0,0,0,0,0,0,0,0,0,0,0,0,0
11,21,29,0,0,0,0,0,0,0,0,0,0,0
11,60,14,0,0,0,0,0,0,0,0,0,0,0
14,43,58,48,0,0,0,0,0,0,0,0,0,0
61,11,60,48,0,0,0,0,0,0,0,0,0,0
11,55,14,21,60,43,0,0,0,0,0,0,0,0
60,48,4,0,0,0,0,0,0,0,0,0,0,0
60,21,14,0,0,0,0,0,0,0,0,0,0,0
60,31,13,11,58,21,0,0,0,0,0,0,0,0
21,11,25,31,58,55,0,0,0,0,0,0,0,0
14,11,21,37,13,0,0,0,0,0,0,0,0,0
60,55,21,11,14,29,0,0,0,0,0,0,0,0
14,21,25,47,0,0,0,0,0,0,0,0,0,0
14,11,61,0,0,0,0,0,0,0,0,0,0,0
55,11,60,34,14,37,44,0,0,0,0,0,0,0
34,60,14,37,31,11,43,2,55,0,0,0,0,0
25,37,55,58,60,19,11,61,44,0,0,0,0,0
21,11,14,43,29,60,20,44,48,2,0,0,0,0
60,37,55,25,11,0,0,0,0,0,0,0,0,0
58,55,13,37,34,60,0,0,0,0,0,0,0,0
13,37,60,14,44,11,31,0,0,0,0,0,0,0
31,25,55,58,37,0,0,0,0,0,0,0,0,0
11,37,21,14,28,44,58,25,0,0,0,0,0,0
1,25,13,14,0,0,0,0,0,0,0,0,0,0
14,13,25,21,60,55,37,0,0,0,0,0,0,0
25,11,44,60,0,0,0,0,0,0,0,0,0,0
53,13,20,0,0,0,0,0,0,0,0,0,0,0
14,25,11,13,42,58,47,55,0,0,0,0,0,0
60,53,7,4,35,48,62,11,3,0,0,0,0,0
60,13,37,28,14,0,0,0,0,0,0,0,0,0
37,0,0,0,0,0,0,0,0,0,0,0,0,0
13,60,37,55,11,58,0,0,0,0,0,0,0,0
35,37,0,0,0,0,0,0,0,0,0,0,0,0
60,11,58,25,0,0,0,0,0,0,0,0,0,0
48,17,61,29,11,0,0,0,0,0,0,0,0,0
44,11,43,25,60,14,0,0,0,0,0,0,0,0
13,60,25,11,37,29,58,31,0,0,0,0,0,0
55,21,11,0,0,0,0,0,0,0,0,0,0,0
44,21,14,60,0,0,0,0,0,0,0,0,0,0
11,60,55,48,21,34,37,0,0,0,0,0,0,0
60,37,13,11,31,0,0,0,0,0,0,0,0,0
60,37,58,31,25,0,0,0,0,0,0,0,0,0
14,37,55,29,44,0,0,0,0,0,0,0,0,0
13,11,55,25,31,0,0,0,0,0,0,0,0,0
11,37,13,25,61,55,58,0,0,0,0,0,0,0
11,24,28,48,49,60,12,0,0,0,0,0,0,0
13,47,25,58,37,0,0,0,0,0,0,0,0,0
13,60,55,21,37,11,58,0,0,0,0,0,0,0
25,20,19,60,11,0,0,0,0,0,0,0,0,0
37,54,61,58,11,14,26,0,0,0,0,0,0,0
13,11,60,0,0,0,0,0,0,0,0,0,0,0
44,25,60,29,20,0,0,0,0,0,0,0,0,0
37,35,55,13,11,0,0,0,0,0,0,0,0,0
11,60,2,29,14,0,0,0,0,0,0,0,0,0
48,11,17,51,38,0,0,0,0,0,0,0,0,0
55,11,13,29,25,0,0,0,0,0,0,0,0,0
55,60,31,48,11,0,0,0,0,0,0,0,0,0
55,43,21,29,60,58,37,14,25,13,11,0,0,0
44,11,14,43,25,60,58,0,0,0,0,0,0,0
14,11,48,43,25,0,0,0,0,0,0,0,0,0
55,41,37,21,11,58,25,31,44,60,0,0,0,0
34,25,13,55,0,0,0,0,0,0,0,0,0,0
60,58,29,55,14,37,21,11,0,0,0,0,0,0
21,28,11,60,44,14,0,0,0,0,0,0,0,0
21,13,11,25,60,37,48,23,58,44,0,0,0,0
60,57,11,22,53,48,28,0,0,0,0,0,0,0
11,21,37,0,0,0,0,0,0,0,0,0,0,0
55,31,34,44,58,60,25,0,0,0,0,0,0,0
25,28,60,14,48,21,29,0,0,0,0,0,0,0
11,14,55,37,21,0,0,0,0,0,0,0,0,0
14,11,21,60,0,0,0,0,0,0,0,0,0,0
44,14,60,13,11,21,29,0,0,0,0,0,0,0
60,14,21,44,11,13,61,20,0,0,0,0,0,0
60,11,29,61,19,14,44,0,0,0,0,0,0,0
11,42,60,48,17,0,0,0,0,0,0,0,0,0
21,11,25,14,34,0,0,0,0,0,0,0,0,0
13,37,14,25,55,0,0,0,0,0,0,0,0,0
25,11,55,0,0,0,0,0,0,0,0,0,0,0
18,61,63,24,60,0,0,0,0,0,0,0,0,0
57,11,4,3,60,22,28,0,0,0,0,0,0,0
28,9,57,35,0,0,0,0,0,0,0,0,0,0
31,58,43,60,23,13,44,0,0,0,0,0,0,0
11,60,18,17,10,48,49,0,0,0,0,0,0,0
60,57,48,25,11,0,0,0,0,0,0,0,0,0
48,60,61,0,0,0,0,0,0,0,0,0,0,0
61,11,48,62,35,60,21,17,14,51,28,12,42,0
42,38,48,11,53,60,28,0,0,0,0,0,0,0
28,17,41,48,0,0,0,0,0,0,0,0,0,0
60,48,35,11,3,0,0,0,0,0,0,0,0,0
48,9,60,11,3,35,62,0,0,0,0,0,0,0
14,37,13,58,60,44,55,2,0,0,0,0,0,0
11,38,60,51,48,0,0,0,0,0,0,0,0,0
48,14,36,2,60,0,0,0,0,0,0,0,0,0
11,49,51,61,35,63,59,9,24,0,0,0,0,0
21,44,58,25,54,60,0,0,0,0,0,0,0,0
48,11,51,42,17,60,4,49,0,0,0,0,0,0
48,9,61,60,29,0,0,0,0,0,0,0,0,0
60,58,14,55,0,0,0,0,0,0,0,0,0,0
60,48,11,51,49,0,0,0,0,0,0,0,0,0
11,48,18,0,0,0,0,0,0,0,0,0,0,0
55,21,41,11,0,0,0,0,0,0,0,0,0,0
55,60,48,31,14,21,0,0,0,0,0,0,0,0
14,58,41,55,37,13,0,0,0,0,0,0,0,0
13,35,60,25,54,0,0,0,0,0,0,0,0,0
60,11,55,37,17,58,13,0,0,0,0,0,0,0
44,60,58,55,0,0,0,0,0,0,0,0,0,0
55,25,34,11,0,0,0,0,0,0,0,0,0,0
43,29,0,0,0,0,0,0,0,0,0,0,0,0
55,20,11,0,0,0,0,0,0,0,0,0,0,0
55,11,60,29,14,58,43,61,23,34,0,0,0,0
13,14,0,0,0,0,0,0,0,0,0,0,0,0
25,60,47,58,55,0,0,0,0,0,0,0,0,0
14,9,48,35,22,11,57,0,0,0,0,0,0,0
60,25,29,37,14,0,0,0,0,0,0,0,0,0
11,55,60,54,25,47,0,0,0,0,0,0,0,0
37,25,13,60,0,0,0,0,0,0,0,0,0,0
55,37,13,29,58,21,41,23,9,0,0,0,0,0
20,55,41,13,37,54,14,0,0,0,0,0,0,0
60,48,11,62,38,3,41,61,35,53,4,0,0,0
51,3,48,61,35,38,60,53,0,0,0,0,0,0
11,60,44,17,14,58,0,0,0,0,0,0,0,0
53,60,7,61,52,4,51,35,0,0,0,0,0,0
11,41,14,21,47,60,0,0,0,0,0,0,0,0
48,7,60,35,0,0,0,0,0,0,0,0,0,0
11,25,61,60,42,21,17,48,0,0,0,0,0,0
60,21,48,28,38,35,0,0,0,0,0,0,0,0
53,7,62,0,0,0,0,0,0,0,0,0,0,0
4,52,48,60,61,28,41,11,0,0,0,0,0,0
11,38,61,0,0,0,0,0,0,0,0,0,0,0
12,48,21,57,61,11,27,0,0,0,0,0,0,0
28,44,60,11,48,52,0,0,0,0,0,0,0,0
44,43,60,0,0,0,0,0,0,0,0,0,0,0
48,2,60,52,11,0,0,0,0,0,0,0,0,0
60,54,52,48,53,50,28,0,0,0,0,0,0,0
11,9,35,48,0,0,0,0,0,0,0,0,0,0
52,60,42,53,22,48,0,0,0,0,0,0,0,0
35,60,48,52,61,62,0,0,0,0,0,0,0,0
60,48,35,11,51,52,7,56,0,0,0,0,0,0
60,44,11,61,14,42,25,29,21,0,0,0,0,0
2,29,14,60,0,0,0,0,0,0,0,0,0,0
11,60,48,61,42,50,0,0,0,0,0,0,0,0
9,48,28,17,11,61,0,0,0,0,0,0,0,0
48,1,60,0,0,0,0,0,0,0,0,0,0,0
51,53,3,60,61,52,48,29,4,0,0,0,0,0
31,14,55,0,0,0,0,0,0,0,0,0,0,0
55,14,60,20,37,23,0,0,0,0,0,0,0,0
48,18,57,3,11,63,60,0,0,0,0,0,0,0
60,53,48,29,11,25,0,0,0,0,0,0,0,0
11,18,35,48,60,7,9,38,52,42,4,0,0,0
60,48,11,21,61,0,0,0,0,0,0,0,0,0
22,57,48,60,53,0,0,0,0,0,0,0,0,0
53,18,11,48,16,35,0,0,0,0,0,0,0,0
35,48,53,60,0,0,0,0,0,0,0,0,0,0
60,9,11,38,48,53,41,61,0,0,0,0,0,0
58,48,60,55,0,0,0,0,0,0,0,0,0,0
11,60,38,48,53,0,0,0,0,0,0,0,0,0
60,11,35,41,0,0,0,0,0,0,0,0,0,0
48,60,62,61,11,0,0,0,0,0,0,0,0,0
44,60,21,11,48,61,0,0,0,0,0,0,0,0
48,9,12,35,61,11,52,60,7,0,0,0,0,0
25,11,55,0,0,0,0,0,0,0,0,0,0,0
48,52,61,4,0,0,0,0,0,0,0,0,0,0
53,11,60,35,0,0,0,0,0,0,0,0,0,0
55,60,14,37,11,13,0,0,0,0,0,0,0,0
60,48,11,52,61,4,0,0,0,0,0,0,0,0
38,9,48,35,60,11,4,61,0,0,0,0,0,0
48,18,52,60,9,0,0,0,0,0,0,0,0,0
58,60,54,37,25,55,44,14,2,0,0,0,0,0
53,48,25,11,0,0,0,0,0,0,0,0,0,0
35,61,48,42,3,60,11,0,0,0,0,0,0,0
9,51,53,62,57,48,60,0,0,0,0,0,0,0
48,35,51,61,55,11,28,0,0,0,0,0,0,0
4,60,11,48,42,0,0,0,0,0,0,0,0,0
60,50,16,48,52,11,3,0,0,0,0,0,0,0
60,44,11,0,0,0,0,0,0,0,0,0,0,0
60,52,11,61,48,13,21,0,0,0,0,0,0,0
21,55,60,17,48,61,0,0,0,0,0,0,0,0
14,60,21,37,48,11,25,29,13,44,0,0,0,0
11,29,62,3,0,0,0,0,0,0,0,0,0,0
60,11,9,21,14,28,0,0,0,0,0,0,0,0
14,55,11,29,41,58,60,17,21,0,0,0,0,0
58,11,21,37,0,0,0,0,0,0,0,0,0,0
41,21,17,11,35,0,0,0,0,0,0,0,0,0
9,12,48,11,35,60,61,0,0,0,0,0,0,0
44,60,1,21,11,48,14,35,0,0,0,0,0,0
21,11,60,28,14,44,9,29,2,26,0,0,0,0
48,60,4,11,9,0,0,0,0,0,0,0,0,0
48,28,11,60,44,29,41,17,61,0,0,0,0,0
60,20,37,42,31,55,34,0,0,0,0,0,0,0
54,44,60,13,11,0,0,0,0,0,0,0,0,0
21,13,55,0,0,0,0,0,0,0,0,0,0,0
44,14,55,60,11,25,37,0,0,0,0,0,0,0
55,58,37,33,13,31,11,0,0,0,0,0,0,0
37,14,21,55,11,31,0,0,0,0,0,0,0,0
14,48,33,60,0,0,0,0,0,0,0,0,0,0
60,14,44,33,35,20,0,0,0,0,0,0,0,0
58,13,14,60,37,21,11,0,0,0,0,0,0,0
13,55,54,37,11,19,0,0,0,0,0,0,0,0
14,13,60,11,58,25,23,61,0,0,0,0,0,0
30,60,14,11,33,58,0,0,0,0,0,0,0,0
60,21,11,14,31,58,55,0,0,0,0,0,0,0
25,31,37,60,0,0,0,0,0,0,0,0,0,0
44,11,14,25,37,48,42,21,0,0,0,0,0,0
60,25,14,55,0,0,0,0,0,0,0,0,0,0
21,14,11,60,29,17,25,0,0,0,0,0,0,0
61,55,21,25,58,20,33,19,60,0,0,0,0,0
55,37,42,29,58,60,44,13,0,0,0,0,0,0
25,31,11,60,0,0,0,0,0,0,0,0,0,0
55,60,58,13,0,0,0,0,0,0,0,0,0,0
60,53,61,0,0,0,0,0,0,0,0,0,0,0
11,50,48,60,61,2,18,9,0,0,0,0,0,0
35,60,26,48,4,57,41,11,0,0,0,0,0,0
11,48,60,0,0,0,0,0,0,0,0,0,0,0
42,11,28,48,0,0,0,0,0,0,0,0,0,0
48,51,9,60,11,44,35,42,4,0,0,0,0,0
48,60,21,11,58,44,29,0,0,0,0,0,0,0
60,7,52,53,48,61,0,0,0,0,0,0,0,0
17,14,48,11,9,60,61,0,0,0,0,0,0,0
60,48,35,51,7,0,0,0,0,0,0,0,0,0
60,61,11,48,51,28,0,0,0,0,0,0,0,0
48,61,11,41,60,35,62,3,0,0,0,0,0,0
11,60,0,0,0,0,0,0,0,0,0,0,0,0
48,11,60,17,49,52,51,61,4,35,0,0,0,0
48,60,57,53,2,11,61,52,3,0,0,0,0,0
35,60,3,11,48,61,29,21,28,51,0,0,0,0
48,61,49,11,12,0,0,0,0,0,0,0,0,0
48,60,35,52,53,28,12,0,0,0,0,0,0,0
11,21,60,25,26,35,14,0,0,0,0,0,0,0
25,13,61,58,37,60,0,0,0,0,0,0,0,0
48,29,60,53,38,9,61,0,0,0,0,0,0,0
57,60,9,0,0,0,0,0,0,0,0,0,0,0
48,7,61,11,38,41,51,35,28,60,55,0,0,0
35,48,63,24,49,61,11,51,21,0,0,0,0,0
61,11,53,60,21,0,0,0,0,0,0,0,0,0
60,11,44,48,42,28,29,35,0,0,0,0,0,0
11,60,51,41,14,61,0,0,0,0,0,0,0,0
11,44,60,61,29,2,48,35,21,55,42,0,0,0
11,21,14,29,60,44,0,0,0,0,0,0,0,0
60,14,58,25,35,11,37,0,0,0,0,0,0,0
11,43,58,14,61,0,0,0,0,0,0,0,0,0
57,38,60,25,48,53,35,0,0,0,0,0,0,0
4,60,11,61,48,0,0,0,0,0,0,0,0,0
13,60,44,54,37,11,14,48,0,0,0,0,0,0
52,0,0,0,0,0,0,0,0,0,0,0,0,0
44,29,25,60,11,0,0,0,0,0,0,0,0,0
29,60,13,25,55,37,11,31,14,0,0,0,0,0
14,60,48,61,43,0,0,0,0,0,0,0,0,0
19,21,25,14,55,44,60,43,13,0,0,0,0,0
60,44,11,41,0,0,0,0,0,0,0,0,0,0
60,50,48,42,53,57,35,0,0,0,0,0,0,0
47,25,51,37,60,0,0,0,0,0,0,0,0,0
11,2,41,60,19,44,14,0,0,0,0,0,0,0
11,61,48,0,0,0,0,0,0,0,0,0,0,0
58,11,13,37,0,0,0,0,0,0,0,0,0,0
57,29,60,22,48,11,53,0,0,0,0,0,0,0
11,61,48,60,35,0,0,0,0,0,0,0,0,0
60,11,28,0,0,0,0,0,0,0,0,0,0,0
14,60,42,61,11,29,51,0,0,0,0,0,0,0
11,61,18,0,0,0,0,0,0,0,0,0,0,0
61,14,48,11,4,60,0,0,0,0,0,0,0,0
21,60,37,0,0,0,0,0,0,0,0,0,0,0
58,42,35,11,48,60,44,0,0,0,0,0,0,0
22,60,48,44,57,11,0,0,0,0,0,0,0,0
42,11,41,21,60,2,0,0,0,0,0,0,0,0
60,11,29,14,41,42,61,0,0,0,0,0,0,0
60,11,38,0,0,0,0,0,0,0,0,0,0,0
35,61,9,48,11,0,0,0,0,0,0,0,0,0
11,60,61,48,41,42,0,0,0,0,0,0,0,0
14,60,61,0,0,0,0,0,0,0,0,0,0,0
60,58,13,11,37,25,14,0,0,0,0,0,0,0
44,58,11,60,21,41,26,14,0,0,0,0,0,0
48,9,60,25,28,0,0,0,0,0,0,0,0,0
11,60,0,0,0,0,0,0,0,0,0,0,0,0
60,4,61,11,48,9,41,21,0,0,0,0,0,0
60,11,61,14,25,31,44,42,0,0,0,0,0,0
60,25,35,14,31,11,44,41,0,0,0,0,0,0
21,11,14,60,44,0,0,0,0,0,0,0,0,0
48,57,61,42,0,0,0,0,0,0,0,0,0,0
60,21,42,61,11,0,0,0,0,0,0,0,0,0
21,60,11,51,0,0,0,0,0,0,0,0,0,0
48,60,31,11,0,0,0,0,0,0,0,0,0,0
11,14,48,60,35,0,0,0,0,0,0,0,0,0
13,21,48,37,0,0,0,0,0,0,0,0,0,0
18,61,53,17,48,0,0,0,0,0,0,0,0,0
48,57,35,28,38,61,11,9,53,0,0,0,0,0
51,18,21,14,4,49,0,0,0,0,0,0,0,0
60,25,13,55,0,0,0,0,0,0,0,0,0,0
57,48,61,53,52,9,11,42,0,0,0,0,0,0
14,60,28,17,11,29,0,0,0,0,0,0,0,0
60,22,48,14,0,0,0,0,0,0,0,0,0,0
18,52,38,35,48,11,60,42,9,61,53,0,0,0
48,11,60,4,42,0,0,0,0,0,0,0,0,0
48,60,17,61,51,25,11,53,42,9,0,0,0,0
11,48,60,38,63,44,24,0,0,0,0,0,0,0
60,11,48,17,42,35,28,0,0,0,0,0,0,0
48,35,11,27,60,14,0,0,0,0,0,0,0,0
60,21,61,11,48,0,0,0,0,0,0,0,0,0
21,60,11,14,29,61,44,25,0,0,0,0,0,0
21,48,11,55,0,0,0,0,0,0,0,0,0,0
60,44,21,35,11,0,0,0,0,0,0,0,0,0
60,11,57,53,38,52,48,0,0,0,0,0,0,0
12,48,60,28,9,11,18,38,24,35,0,0,0,0
48,11,60,28,4,42,61,12,0,0,0,0,0,0
51,48,60,11,0,0,0,0,0,0,0,0,0,0
60,17,11,48,21,13,0,0,0,0,0,0,0,0
49,60,48,28,35,11,0,0,0,0,0,0,0,0
28,12,60,11,35,18,48,0,0,0,0,0,0,0
60,51,48,0,0,0,0,0,0,0,0,0,0,0
48,24,43,63,49,60,61,0,0,0,0,0,0,0
51,14,60,29,9,21,49,3,0,0,0,0,0,0
48,60,11,61,14,17,3,41,0,0,0,0,0,0
35,60,42,11,14,0,0,0,0,0,0,0,0,0
55,11,37,25,0,0,0,0,0,0,0,0,0,0
49,38,11,35,60,0,0,0,0,0,0,0,0,0
2,11,0,0,0,0,0,0,0,0,0,0,0,0
53,48,61,11,9,4,60,42,14,18,0,0,0,0
55,25,21,0,0,0,0,0,0,0,0,0,0,0
53,48,18,9,11,22,52,51,49,0,0,0,0,0
11,35,61,29,48,0,0,0,0,0,0,0,0,0
63,9,10,28,48,11,0,0,0,0,0,0,0,0
60,55,23,37,34,25,13,0,0,0,0,0,0,0
21,14,60,11,31,55,43,0,0,0,0,0,0,0
48,35,0,0,0,0,0,0,0,0,0,0,0,0
9,61,11,42,17,35,53,0,0,0,0,0,0,0
11,53,59,48,35,60,0,0,0,0,0,0,0,0
38,48,15,60,9,3,0,0,0,0,0,0,0,0
28,48,53,14,0,0,0,0,0,0,0,0,0,0
48,11,17,9,0,0,0,0,0,0,0,0,0,0
11,48,28,4,60,21,12,35,41,3,0,0,0,0
42,11,60,51,21,14,0,0,0,0,0,0,0,0
51,35,48,11,60,9,3,0,0,0,0,0,0,0
60,17,53,48,11,0,0,0,0,0,0,0,0,0
60,11,44,21,0,0,0,0,0,0,0,0,0,0
11,14,60,25,0,0,0,0,0,0,0,0,0,0
60,35,48,61,53,11,16,59,0,0,0,0,0,0
60,41,11,25,1,61,28,21,29,35,0,0,0,0
60,41,14,48,61,0,0,0,0,0,0,0,0,0
61,60,35,11,29,21,48,0,0,0,0,0,0,0
60,11,41,61,21,2,42,4,48,44,28,9,47,55
60,12,11,41,54,35,0,0,0,0,0,0,0,0
28,60,48,41,11,61,0,0,0,0,0,0,0,0
60,11,61,35,14,0,0,0,0,0,0,0,0,0
61,41,60,11,48,0,0,0,0,0,0,0,0,0
60,41,11,0,0,0,0,0,0,0,0,0,0,0
35,48,50,43,42,9,14,11,0,0,0,0,0,0
50,60,35,22,48,7,0,0,0,0,0,0,0,0
11,60,48,0,0,0,0,0,0,0,0,0,0,0
48,11,51,60,61,42,35,27,0,0,0,0,0,0
11,35,51,60,48,17,42,12,0,0,0,0,0,0
14,11,60,61,0,0,0,0,0,0,0,0,0,0
11,48,35,17,51,49,0,0,0,0,0,0,0,0
11,0,0,0,0,0,0,0,0,0,0,0,0,0
51,60,48,11,44,35,0,0,0,0,0,0,0,0
35,61,21,28,11,52,42,0,0,0,0,0,0,0
38,57,18,0,0,0,0,0,0,0,0,0,0,0
48,60,3,35,21,22,57,0,0,0,0,0,0,0
60,11,38,48,53,0,0,0,0,0,0,0,0,0
53,60,28,57,48,4,0,0,0,0,0,0,0,0
14,52,0,0,0,0,0,0,0,0,0,0,0,0
57,48,60,52,0,0,0,0,0,0,0,0,0,0
60,11,55,48,50,57,9,53,61,0,0,0,0,0
42,11,9,35,17,48,0,0,0,0,0,0,0,0
59,11,24,51,48,0,0,0,0,0,0,0,0,0
21,48,4,35,0,0,0,0,0,0,0,0,0,0
11,35,51,60,0,0,0,0,0,0,0,0,0,0
11,48,63,17,3,49,9,0,0,0,0,0,0,0
18,28,57,14,63,48,0,0,0,0,0,0,0,0
48,11,51,25,42,38,26,0,0,0,0,0,0,0
48,37,60,11,55,14,0,0,0,0,0,0,0,0
14,61,48,11,0,0,0,0,0,0,0,0,0,0
21,11,2,14,44,0,0,0,0,0,0,0,0,0
60,63,11,35,49,0,0,0,0,0,0,0,0,0
60,57,4,9,61,0,0,0,0,0,0,0,0,0
25,47,37,14,13,0,0,0,0,0,0,0,0,0
49,48,60,0,0,0,0,0,0,0,0,0,0,0
35,42,4,48,38,60,52,0,0,0,0,0,0,0
60,53,11,38,48,44,0,0,0,0,0,0,0,0
60,4,51,28,61,11,0,0,0,0,0,0,0,0
51,11,8,49,41,24,0,0,0,0,0,0,0,0
60,11,17,29,51,0,0,0,0,0,0,0,0,0
18,48,57,4,3,0,0,0,0,0,0,0,0,0
28,60,16,3,35,61,0,0,0,0,0,0,0,0
25,58,1,0,0,0,0,0,0,0,0,0,0,0
48,14,35,24,9,59,0,0,0,0,0,0,0,0
47,55,21,0,0,0,0,0,0,0,0,0,0,0
11,48,35,60,25,0,0,0,0,0,0,0,0,0
11,17,48,26,35,21,0,0,0,0,0,0,0,0
58,53,35,51,29,48,0,0,0,0,0,0,0,0
60,48,59,11,9,21,0,0,0,0,0,0,0,0
25,14,31,0,0,0,0,0,0,0,0,0,0,0
48,41,61,35,59,62,60,24,0,0,0,0,0,0
48,57,60,18,14,29,11,52,55,0,0,0,0,0
61,11,60,24,48,0,0,0,0,0,0,0,0,0
11,48,63,18,27,0,0,0,0,0,0,0,0,0
48,14,4,50,11,60,44,53,21,0,0,0,0,0
25,60,37,58,44,31,13,11,0,0,0,0,0,0
60,58,29,37,0,0,0,0,0,0,0,0,0,0
41,21,60,13,0,0,0,0,0,0,0,0,0,0
44,1,60,11,61,14,0,0,0,0,0,0,0,0
60,11,48,42,2,61,14,0,0,0,0,0,0,0
42,21,35,0,0,0,0,0,0,0,0,0,0,0
60,51,41,11,0,0,0,0,0,0,0,0,0,0
57,60,48,53,11,14,58,0,0,0,0,0,0,0
11,35,14,55,48,21,0,0,0,0,0,0,0,0
48,11,52,60,61,38,53,4,0,0,0,0,0,0
3,42,60,18,53,0,0,0,0,0,0,0,0,0
53,48,60,9,35,38,11,61,41,4,52,57,0,0
60,38,0,0,0,0,0,0,0,0,0,0,0,0
60,11,19,41,25,55,48,28,0,0,0,0,0,0
48,12,60,41,9,0,0,0,0,0,0,0,0,0
11,52,48,35,60,61,42,18,0,0,0,0,0,0
48,60,31,38,0,0,0,0,0,0,0,0,0,0
14,60,37,11,48,44,55,0,0,0,0,0,0,0
21,11,60,14,0,0,0,0,0,0,0,0,0,0
14,21,60,0,0,0,0,0,0,0,0,0,0,0
60,29,21,42,14,11,58,2,0,0,0,0,0,0
57,48,11,60,38,21,53,50,0,0,0,0,0,0
60,14,35,48,21,0,0,0,0,0,0,0,0,0
29,55,60,21,25,0,0,0,0,0,0,0,0,0
60,25,58,41,44,14,37,11,0,0,0,0,0,0
42,24,59,63,11,18,0,0,0,0,0,0,0,0
48,18,44,60,42,0,0,0,0,0,0,0,0,0
48,49,61,11,0,0,0,0,0,0,0,0,0,0
60,12,42,61,0,0,0,0,0,0,0,0,0,0
35,61,44,11,49,60,48,0,0,0,0,0,0,0
11,17,60,21,62,0,0,0,0,0,0,0,0,0
11,17,21,35,60,28,9,48,0,0,0,0,0,0
60,11,21,25,61,29,0,0,0,0,0,0,0,0
11,60,48,41,17,42,0,0,0,0,0,0,0,0
61,9,11,29,60,0,0,0,0,0,0,0,0,0
11,60,14,21,61,26,48,17,9,41,0,0,0,0
60,11,48,61,9,44,18,28,0,0,0,0,0,0
24,52,49,63,0,0,0,0,0,0,0,0,0,0
21,14,61,44,0,0,0,0,0,0,0,0,0,0
9,28,60,48,35,51,3,0,0,0,0,0,0,0
58,55,11,60,21,31,0,0,0,0,0,0,0,0
25,60,14,43,44,58,31,21,61,11,0,0,0,0
31,11,60,58,44,0,0,0,0,0,0,0,0,0
37,11,60,25,55,13,41,58,14,43,0,0,0,0
37,25,58,55,11,21,0,0,0,0,0,0,0,0
37,25,11,61,13,60,43,35,55,0,0,0,0,0
48,53,51,11,49,60,17,22,0,0,0,0,0,0
25,11,61,14,37,55,0,0,0,0,0,0,0,0
61,11,55,13,21,60,58,25,0,0,0,0,0,0
25,14,33,11,29,60,21,31,44,13,0,0,0,0
58,14,25,37,13,55,21,35,60,11,20,0,0,0
44,58,37,55,25,60,0,0,0,0,0,0,0,0
55,21,44,60,31,0,0,0,0,0,0,0,0,0
29,60,11,0,0,0,0,0,0,0,0,0,0,0
25,37,13,14,60,55,23,58,31,17,0,0,0,0
13,55,60,47,52,21,37,0,0,0,0,0,0,0
21,11,14,29,60,2,0,0,0,0,0,0,0,0
60,14,21,29,25,11,61,13,0,0,0,0,0,0
25,44,60,55,4,13,0,0,0,0,0,0,0,0
60,44,25,42,31,55,0,0,0,0,0,0,0,0
55,25,37,23,60,0,0,0,0,0,0,0,0,0
29,55,25,11,48,14,0,0,0,0,0,0,0,0
11,60,14,37,2,55,0,0,0,0,0,0,0,0
55,31,25,37,11,29,20,44,14,41,0,0,0,0
55,37,60,25,47,0,0,0,0,0,0,0,0,0
25,29,13,11,60,14,0,0,0,0,0,0,0,0
60,2,48,11,0,0,0,0,0,0,0,0,0,0
37,13,21,11,60,35,54,0,0,0,0,0,0,0
60,42,11,14,58,0,0,0,0,0,0,0,0,0
60,14,11,29,55,0,0,0,0,0,0,0,0,0
31,60,11,0,0,0,0,0,0,0,0,0,0,0
60,14,11,25,29,43,44,61,20,21,48,55,0,0
37,14,29,11,60,2,30,48,0,0,0,0,0,0
11,35,21,44,48,60,0,0,0,0,0,0,0,0
37,60,21,55,35,11,0,0,0,0,0,0,0,0
44,11,60,14,0,0,0,0,0,0,0,0,0,0
11,61,57,51,0,0,0,0,0,0,0,0,0,0
48,51,61,21,11,28,0,0,0,0,0,0,0,0
21,11,28,60,61,44,0,0,0,0,0,0,0,0
17,49,9,24,11,48,28,59,35,0,0,0,0,0
35,57,48,22,11,18,53,0,0,0,0,0,0,0
11,17,0,0,0,0,0,0,0,0,0,0,0,0
25,60,11,0,0,0,0,0,0,0,0,0,0,0
1,11,0,0,0,0,0,0,0,0,0,0,0,0
11,41,20,60,0,0,0,0,0,0,0,0,0,0
41,11,0,0,0,0,0,0,0,0,0,0,0,0
55,58,11,25,13,0,0,0,0,0,0,0,0,0
11,14,60,21,61,48,29,0,0,0,0,0,0,0
48,11,29,60,17,63,0,0,0,0,0,0,0,0
60,11,48,18,49,35,51,0,0,0,0,0,0,0
11,61,17,12,0,0,0,0,0,0,0,0,0,0
48,61,11,60,35,0,0,0,0,0,0,0,0,0
48,60,61,21,11,38,53,7,0,0,0,0,0,0
48,2,28,51,60,11,63,0,0,0,0,0,0,0
58,55,21,13,14,60,25,37,11,20,48,0,0,0
29,48,14,60,11,47,58,36,21,41,43,0,0,0
63,3,24,0,0,0,0,0,0,0,0,0,0,0
63,11,17,0,0,0,0,0,0,0,0,0,0,0
60,11,55,29,0,0,0,0,0,0,0,0,0,0
31,21,0,0,0,0,0,0,0,0,0,0,0,0
60,0,0,0,0,0,0,0,0,0,0,0,0,0
25,13,19,55,0,0,0,0,0,0,0,0,0,0
55,25,11,37,0,0,0,0,0,0,0,0,0,0
53,38,60,0,0,0,0,0,0,0,0,0,0,0
17,11,51,48,0,0,0,0,0,0,0,0,0,0
11,28,60,59,48,24,9,0,0,0,0,0,0,0
11,48,61,49,28,63,51,0,0,0,0,0,0,0
55,60,14,25,13,11,21,0,0,0,0,0,0,0
49,48,11,60,59,9,51,19,63,0,0,0,0,0
21,53,0,0,0,0,0,0,0,0,0,0,0,0
60,44,35,21,41,0,0,0,0,0,0,0,0,0
60,14,55,11,58,25,43,0,0,0,0,0,0,0
21,60,11,61,17,14,0,0,0,0,0,0,0,0
11,14,60,0,0,0,0,0,0,0,0,0,0,0
11,41,60,44,1,0,0,0,0,0,0,0,0,0
25,13,37,55,60,11,58,14,0,0,0,0,0,0
11,60,14,25,29,31,44,0,0,0,0,0,0,0
55,13,42,44,60,14,25,37,43,34,31,11,0,0
58,23,37,61,60,14,55,11,0,0,0,0,0,0
13,37,11,47,0,0,0,0,0,0,0,0,0,0
48,9,11,0,0,0,0,0,0,0,0,0,0,0
60,61,48,11,0,0,0,0,0,0,0,0,0,0
48,11,52,60,51,43,17,9,0,0,0,0,0,0
58,11,2,31,61,0,0,0,0,0,0,0,0,0
25,37,13,11,60,0,0,0,0,0,0,0,0,0
13,14,60,55,25,43,58,37,29,0,0,0,0,0
60,11,29,41,61,21,0,0,0,0,0,0,0,0
34,14,25,60,55,0,0,0,0,0,0,0,0,0
13,58,25,14,34,37,0,0,0,0,0,0,0,0
14,60,25,11,58,61,0,0,0,0,0,0,0,0
14,58,60,0,0,0,0,0,0,0,0,0,0,0
31,37,55,0,0,0,0,0,0,0,0,0,0,0
37,31,60,29,11,0,0,0,0,0,0,0,0,0
13,11,37,58,21,31,48,0,0,0,0,0,0,0
48,23,11,31,0,0,0,0,0,0,0,0,0,0
60,42,0,0,0,0,0,0,0,0,0,0,0,0
25,43,14,60,11,0,0,0,0,0,0,0,0,0
28,60,11,29,14,44,48,35,0,0,0,0,0,0
48,60,3,61,0,0,0,0,0,0,0,0,0,0
37,60,20,29,14,58,11,55,0,0,0,0,0,0
14,37,25,60,55,11,0,0,0,0,0,0,0,0
25,29,55,58,60,11,14,37,0,0,0,0,0,0
60,37,34,11,25,43,0,0,0,0,0,0,0,0
43,55,11,60,37,13,0,0,0,0,0,0,0,0
60,61,55,25,11,0,0,0,0,0,0,0,0,0
48,53,35,51,14,57,49,60,0,0,0,0,0,0
58,61,55,0,0,0,0,0,0,0,0,0,0,0
37,11,55,13,60,25,14,0,0,0,0,0,0,0
12,14,29,55,37,26,44,58,60,11,0,0,0,0
58,29,60,11,48,0,0,0,0,0,0,0,0,0
44,60,14,20,58,21,55,43,34,11,29,31,17,25
25,60,58,0,0,0,0,0,0,0,0,0,0,0
17,14,58,37,0,0,0,0,0,0,0,0,0,0
21,55,25,0,0,0,0,0,0,0,0,0,0,0
25,37,13,58,54,23,0,0,0,0,0,0,0,0
11,28,17,48,14,52,0,0,0,0,0,0,0,0
4,52,41,42,60,0,0,0,0,0,0,0,0,0
53,24,60,57,11,48,59,0,0,0,0,0,0,0
60,14,55,21,0,0,0,0,0,0,0,0,0,0
21,13,25,42,11,35,0,0,0,0,0,0,0,0
58,37,61,23,60,0,0,0,0,0,0,0,0,0
60,48,11,61,44,36,14,21,0,0,0,0,0,0
41,11,48,42,59,20,0,0,0,0,0,0,0,0
60,29,54,11,21,14,0,0,0,0,0,0,0,0
22,53,48,57,60,61,0,0,0,0,0,0,0,0
21,11,0,0,0,0,0,0,0,0,0,0,0,0
60,9,57,11,17,48,61,0,0,0,0,0,0,0
48,17,11,49,0,0,0,0,0,0,0,0,0,0
48,60,11,21,41,61,14,0,0,0,0,0,0,0
60,11,14,48,44,0,0,0,0,0,0,0,0,0
48,51,17,53,7,42,11,0,0,0,0,0,0,0
60,48,21,24,59,63,0,0,0,0,0,0,0,0
9,60,11,35,25,61,42,48,0,0,0,0,0,0
57,48,11,60,38,53,0,0,0,0,0,0,0,0
48,14,11,60,35,0,0,0,0,0,0,0,0,0
60,37,23,11,58,31,43,13,0,0,0,0,0,0
1,11,60,14,21,2,48,29,0,0,0,0,0,0
48,28,60,52,9,53,42,0,0,0,0,0,0,0
48,35,11,9,60,0,0,0,0,0,0,0,0,0
11,60,41,48,51,0,0,0,0,0,0,0,0,0
10,21,48,0,0,0,0,0,0,0,0,0,0,0
11,35,60,0,0,0,0,0,0,0,0,0,0,0
42,41,48,18,60,11,51,0,0,0,0,0,0,0
60,48,25,55,13,58,44,0,0,0,0,0,0,0
11,60,48,0,0,0,0,0,0,0,0,0,0,0
14,60,48,34,0,0,0,0,0,0,0,0,0,0
3,60,49,11,0,0,0,0,0,0,0,0,0,0
60,61,29,11,21,44,42,0,0,0,0,0,0,0
41,35,14,11,60,44,0,0,0,0,0,0,0,0
21,44,35,41,0,0,0,0,0,0,0,0,0,0
63,12,48,35,11,28,17,0,0,0,0,0,0,0
11,48,0,0,0,0,0,0,0,0,0,0,0,0
48,63,11,53,49,60,0,0,0,0,0,0,0,0
60,11,0,0,0,0,0,0,0,0,0,0,0,0
35,11,60,17,48,59,0,0,0,0,0,0,0,0
14,11,19,60,21,29,48,37,44,0,0,0,0,0
48,11,0,0,0,0,0,0,0,0,0,0,0,0
11,17,44,21,42,12,61,14,25,0,0,0,0,0
11,14,25,58,60,0,0,0,0,0,0,0,0,0
11,14,0,0,0,0,0,0,0,0,0,0,0,0
35,60,28,44,14,11,49,59,0,0,0,0,0,0
35,11,61,0,0,0,0,0,0,0,0,0,0,0
21,60,61,0,0,0,0,0,0,0,0,0,0,0
49,63,11,28,48,17,0,0,0,0,0,0,0,0
60,11,49,29,48,0,0,0,0,0,0,0,0,0
60,11,51,3,17,48,24,0,0,0,0,0,0,0
11,28,48,42,60,59,0,0,0,0,0,0,0,0
48,11,49,60,24,51,0,0,0,0,0,0,0,0
29,11,60,14,0,0,0,0,0,0,0,0,0,0
41,60,25,58,62,14,55,0,0,0,0,0,0,0
11,60,58,37,55,29,28,21,47,25,0,0,0,0
13,60,25,14,43,11,0,0,0,0,0,0,0,0
48,11,42,0,0,0,0,0,0,0,0,0,0,0
53,61,11,0,0,0,0,0,0,0,0,0,0,0
24,11,9,21,48,60,0,0,0,0,0,0,0,0
11,49,17,0,0,0,0,0,0,0,0,0,0,0
11,28,61,60,42,48,0,0,0,0,0,0,0,0
8,48,17,12,14,49,24,0,0,0,0,0,0,0
35,11,17,49,61,60,24,41,0,0,0,0,0,0
49,35,0,0,0,0,0,0,0,0,0,0,0,0
21,51,17,11,0,0,0,0,0,0,0,0,0,0
11,60,42,48,61,8,17,0,0,0,0,0,0,0
24,48,11,17,60,25,14,35,61,0,0,0,0,0
48,17,60,11,29,41,28,0,0,0,0,0,0,0
28,60,9,59,11,8,48,41,17,0,0,0,0,0
49,42,60,17,11,61,48,28,35,0,0,0,0,0
48,60,51,52,9,21,0,0,0,0,0,0,0,0
9,11,29,48,28,0,0,0,0,0,0,0,0,0
11,48,28,27,0,0,0,0,0,0,0,0,0,0
41,12,29,59,49,17,11,48,9,60,0,0,0,0
11,61,60,48,0,0,0,0,0,0,0,0,0,0
48,60,11,12,0,0,0,0,0,0,0,0,0,0
17,11,42,61,0,0,0,0,0,0,0,0,0,0
60,11,17,61,44,0,0,0,0,0,0,0,0,0
59,48,51,60,38,24,0,0,0,0,0,0,0,0
9,49,48,28,0,0,0,0,0,0,0,0,0,0
60,11,4,12,61,49,0,0,0,0,0,0,0,0
17,12,48,10,0,0,0,0,0,0,0,0,0,0
11,48,49,51,21,0,0,0,0,0,0,0,0,0
11,61,42,49,53,0,0,0,0,0,0,0,0,0
54,51,28,60,11,48,21,49,17,0,0,0,0,0
60,9,11,51,63,53,0,0,0,0,0,0,0,0
42,11,35,51,17,60,0,0,0,0,0,0,0,0
11,14,21,44,60,58,55,0,0,0,0,0,0,0
48,61,0,0,0,0,0,0,0,0,0,0,0,0
11,35,60,9,0,0,0,0,0,0,0,0,0,0
28,48,11,0,0,0,0,0,0,0,0,0,0,0
11,48,61,60,17,21,0,0,0,0,0,0,0,0
42,11,60,27,8,0,0,0,0,0,0,0,0,0
60,48,25,61,11,44,0,0,0,0,0,0,0,0
48,11,61,60,22,35,24,21,0,0,0,0,0,0
11,60,48,21,8,51,17,41,12,14,35,0,0,0
48,11,14,0,0,0,0,0,0,0,0,0,0,0
11,51,17,12,41,42,0,0,0,0,0,0,0,0
49,48,11,14,0,0,0,0,0,0,0,0,0,0
11,48,60,42,0,0,0,0,0,0,0,0,0,0
11,35,48,61,28,21,24,38,0,0,0,0,0,0
29,49,28,11,48,63,0,0,0,0,0,0,0,0
17,48,51,60,0,0,0,0,0,0,0,0,0,0
11,48,60,38,35,0,0,0,0,0,0,0,0,0
52,24,11,48,49,60,17,12,51,61,0,0,0,0
11,42,35,17,24,49,48,60,0,0,0,0,0,0
21,28,60,11,10,35,48,42,59,0,0,0,0,0
48,62,11,28,60,17,52,0,0,0,0,0,0,0
9,11,60,61,3,21,49,0,0,0,0,0,0,0
60,18,48,38,11,0,0,0,0,0,0,0,0,0
51,60,49,11,8,0,0,0,0,0,0,0,0,0
11,41,13,25,55,14,0,0,0,0,0,0,0,0
53,60,18,61,11,42,48,0,0,0,0,0,0,0
17,12,35,60,53,38,0,0,0,0,0,0,0,0
60,61,48,29,0,0,0,0,0,0,0,0,0,0
42,41,60,48,11,44,0,0,0,0,0,0,0,0
7,60,11,28,21,48,0,0,0,0,0,0,0,0
48,7,60,0,0,0,0,0,0,0,0,0,0,0
53,48,60,50,52,9,11,0,0,0,0,0,0,0
14,60,0,0,0,0,0,0,0,0,0,0,0,0
11,60,61,35,48,53,38,0,0,0,0,0,0,0
11,60,48,7,57,18,0,0,0,0,0,0,0,0
11,44,21,0,0,0,0,0,0,0,0,0,0,0
60,48,11,51,38,61,28,0,0,0,0,0,0,0
42,48,60,52,11,53,0,0,0,0,0,0,0,0
60,11,61,2,0,0,0,0,0,0,0,0,0,0
48,18,7,3,62,0,0,0,0,0,0,0,0,0
11,60,48,41,29,61,17,21,14,0,0,0,0,0
60,11,48,28,42,21,44,51,2,0,0,0,0,0
60,48,53,35,61,0,0,0,0,0,0,0,0,0
60,48,14,0,0,0,0,0,0,0,0,0,0,0
48,38,60,61,7,11,3,0,0,0,0,0,0,0
60,57,48,22,0,0,0,0,0,0,0,0,0,0
11,60,3,57,0,0,0,0,0,0,0,0,0,0
60,14,48,52,11,35,17,21,53,0,0,0,0,0
35,60,21,18,48,0,0,0,0,0,0,0,0,0
51,60,48,35,61,0,0,0,0,0,0,0,0,0
17,18,44,61,48,11,60,0,0,0,0,0,0,0
60,11,35,21,38,62,48,61,0,0,0,0,0,0
38,59,53,11,60,4,48,0,0,0,0,0,0,0
48,53,4,35,57,60,0,0,0,0,0,0,0,0
60,61,28,48,0,0,0,0,0,0,0,0,0,0
21,60,25,11,61,58,0,0,0,0,0,0,0,0
60,38,51,48,0,0,0,0,0,0,0,0,0,0
60,48,13,11,38,35,61,0,0,0,0,0,0,0
57,53,61,35,48,0,0,0,0,0,0,0,0,0
11,60,48,61,38,0,0,0,0,0,0,0,0,0
57,18,60,14,48,51,11,53,22,35,0,0,0,0
60,48,16,11,35,7,14,0,0,0,0,0,0,0
41,48,60,61,11,0,0,0,0,0,0,0,0,0
35,19,48,60,28,11,0,0,0,0,0,0,0,0
48,11,21,60,35,0,0,0,0,0,0,0,0,0
11,48,60,21,38,61,0,0,0,0,0,0,0,0
60,48,50,11,4,53,14,35,0,0,0,0,0,0
53,48,38,11,0,0,0,0,0,0,0,0,0,0
35,4,60,9,52,51,53,61,0,0,0,0,0,0
60,48,0,0,0,0,0,0,0,0,0,0,0,0
51,61,48,11,0,0,0,0,0,0,0,0,0,0
48,60,18,61,14,21,11,4,0,0,0,0,0,0
48,60,61,11,35,0,0,0,0,0,0,0,0,0
11,53,57,48,18,22,61,38,0,0,0,0,0,0
60,48,35,52,18,57,11,38,61,0,0,0,0,0
27,4,42,56,11,48,60,51,0,0,0,0,0,0
11,53,0,0,0,0,0,0,0,0,0,0,0,0
60,48,57,61,53,35,11,22,0,0,0,0,0,0
48,44,21,14,35,60,0,0,0,0,0,0,0,0
52,48,60,11,28,51,61,0,0,0,0,0,0,0
11,54,61,21,18,0,0,0,0,0,0,0,0,0
60,48,63,28,18,0,0,0,0,0,0,0,0,0
60,61,48,11,0,0,0,0,0,0,0,0,0,0
60,7,35,53,48,51,0,0,0,0,0,0,0,0
60,48,61,0,0,0,0,0,0,0,0,0,0,0
42,60,11,3,48,0,0,0,0,0,0,0,0,0
35,60,11,21,48,0,0,0,0,0,0,0,0,0
48,61,11,60,59,24,17,0,0,0,0,0,0,0
22,57,35,48,11,0,0,0,0,0,0,0,0,0
48,11,60,17,49,9,51,0,0,0,0,0,0,0
60,31,13,11,55,2,0,0,0,0,0,0,0,0
48,18,29,0,0,0,0,0,0,0,0,0,0,0
60,17,11,48,10,35,7,0,0,0,0,0,0,0
41,21,11,61,48,0,0,0,0,0,0,0,0,0
7,60,61,11,38,22,35,4,48,0,0,0,0,0
48,60,62,28,0,0,0,0,0,0,0,0,0,0
57,17,11,48,0,0,0,0,0,0,0,0,0,0
58,60,11,20,48,29,41,25,44,0,0,0,0,0
11,48,28,17,9,60,21,42,0,0,0,0,0,0
11,61,60,48,41,3,29,21,42,14,0,0,0,0
11,0,0,0,0,0,0,0,0,0,0,0,0,0
25,60,21,0,0,0,0,0,0,0,0,0,0,0
48,60,11,3,17,61,14,44,0,0,0,0,0,0
60,11,21,51,0,0,0,0,0,0,0,0,0,0
48,17,9,35,11,53,28,18,0,0,0,0,0,0
60,48,41,11,19,58,61,25,0,0,0,0,0,0
60,21,44,14,11,48,0,0,0,0,0,0,0,0
48,51,17,60,26,63,35,24,11,0,0,0,0,0
48,60,14,35,61,21,7,41,0,0,0,0,0,0
60,42,61,48,0,0,0,0,0,0,0,0,0,0
61,60,48,4,51,17,35,0,0,0,0,0,0,0
60,9,0,0,0,0,0,0,0,0,0,0,0,0
24,60,48,51,18,53,11,35,17,59,0,0,0,0
28,60,35,61,48,57,53,11,9,0,0,0,0,0
11,48,60,51,35,52,12,61,26,21,44,0,0,0
21,48,60,35,11,0,0,0,0,0,0,0,0,0
9,35,48,60,49,42,0,0,0,0,0,0,0,0
11,51,59,35,0,0,0,0,0,0,0,0,0,0
48,35,3,60,53,22,14,0,0,0,0,0,0,0
13,21,11,29,60,61,0,0,0,0,0,0,0,0
29,14,11,60,0,0,0,0,0,0,0,0,0,0
17,11,60,42,48,44,0,0,0,0,0,0,0,0
60,35,28,57,0,0,0,0,0,0,0,0,0,0
35,11,48,60,4,0,0,0,0,0,0,0,0,0
52,48,51,60,3,7,0,0,0,0,0,0,0,0
11,61,51,60,0,0,0,0,0,0,0,0,0,0
13,58,60,37,0,0,0,0,0,0,0,0,0,0
11,48,20,60,61,49,0,0,0,0,0,0,0,0
4,53,60,48,61,7,0,0,0,0,0,0,0,0
60,11,55,21,0,0,0,0,0,0,0,0,0,0
48,60,11,42,35,38,0,0,0,0,0,0,0,0
25,51,14,0,0,0,0,0,0,0,0,0,0,0
11,3,59,61,49,60,0,0,0,0,0,0,0,0
48,11,60,51,42,0,0,0,0,0,0,0,0,0
13,55,60,11,25,0,0,0,0,0,0,0,0,0
48,53,11,21,35,54,0,0,0,0,0,0,0,0
17,60,53,48,0,0,0,0,0,0,0,0,0,0
37,60,11,13,55,31,14,29,58,0,0,0,0,0
31,21,60,23,0,0,0,0,0,0,0,0,0,0
57,11,17,18,4,60,0,0,0,0,0,0,0,0
48,60,52,21,61,4,35,0,0,0,0,0,0,0
11,55,54,37,13,25,41,48,0,0,0,0,0,0
48,18,35,11,0,0,0,0,0,0,0,0,0,0
57,48,53,35,29,11,0,0,0,0,0,0,0,0
60,11,17,59,0,0,0,0,0,0,0,0,0,0
61,48,28,53,60,11,9,0,0,0,0,0,0,0
11,9,48,60,24,49,61,51,0,0,0,0,0,0
44,24,60,35,0,0,0,0,0,0,0,0,0,0
60,31,61,25,13,11,43,0,0,0,0,0,0,0
60,11,25,14,41,58,13,34,17,0,0,0,0,0
37,60,11,13,55,42,34,0,0,0,0,0,0,0
4,17,60,61,48,11,9,21,0,0,0,0,0,0
11,60,51,44,48,21,61,17,0,0,0,0,0,0
48,60,3,9,53,38,50,16,0,0,0,0,0,0
58,29,37,0,0,0,0,0,0,0,0,0,0,0
55,21,60,41,48,50,0,0,0,0,0,0,0,0
51,48,7,60,35,11,53,24,9,3,0,0,0,0
61,48,35,51,41,11,0,0,0,0,0,0,0,0
60,55,21,28,48,11,0,0,0,0,0,0,0,0
60,11,57,53,22,0,0,0,0,0,0,0,0,0
28,60,48,11,9,35,3,61,18,0,0,0,0,0
60,13,25,11,58,21,0,0,0,0,0,0,0,0
60,44,14,25,55,0,0,0,0,0,0,0,0,0
60,11,44,14,0,0,0,0,0,0,0,0,0,0
18,61,48,60,9,4,52,0,0,0,0,0,0,0
17,1,11,41,21,0,0,0,0,0,0,0,0,0
22,57,48,52,60,14,0,0,0,0,0,0,0,0
60,14,2,0,0,0,0,0,0,0,0,0,0,0
18,48,11,62,28,3,60,0,0,0,0,0,0,0
48,60,61,41,11,14,28,37,44,26,25,0,0,0
7,48,61,60,21,29,11,0,0,0,0,0,0,0
35,29,58,0,0,0,0,0,0,0,0,0,0,0
51,60,48,9,0,0,0,0,0,0,0,0,0,0
4,41,60,48,35,38,0,0,0,0,0,0,0,0
41,48,11,0,0,0,0,0,0,0,0,0,0,0
21,11,60,17,48,42,0,0,0,0,0,0,0,0
63,24,48,44,60,0,0,0,0,0,0,0,0,0
9,48,60,7,61,51,0,0,0,0,0,0,0,0
21,11,60,48,44,41,58,0,0,0,0,0,0,0
48,11,9,41,28,35,0,0,0,0,0,0,0,0
14,60,29,25,11,0,0,0,0,0,0,0,0,0
35,9,28,60,48,61,38,0,0,0,0,0,0,0
11,60,20,48,35,44,0,0,0,0,0,0,0,0
25,14,11,2,44,43,17,55,37,0,0,0,0,0
11,48,24,60,21,38,4,0,0,0,0,0,0,0
50,4,48,61,0,0,0,0,0,0,0,0,0,0
48,51,11,2,18,14,0,0,0,0,0,0,0,0
41,48,22,11,25,0,0,0,0,0,0,0,0,0
14,37,60,13,26,41,55,25,2,58,0,0,0,0
48,57,25,35,0,0,0,0,0,0,0,0,0,0
11,60,14,62,18,0,0,0,0,0,0,0,0,0
60,11,61,48,14,42,0,0,0,0,0,0,0,0
17,61,4,48,11,35,14,60,18,9,0,0,0,0
21,60,11,29,0,0,0,0,0,0,0,0,0,0
28,11,60,61,0,0,0,0,0,0,0,0,0,0
11,3,17,63,0,0,0,0,0,0,0,0,0,0
60,11,2,25,29,14,44,28,0,0,0,0,0,0
35,11,48,60,38,3,0,0,0,0,0,0,0,0
52,53,11,48,60,61,41,28,38,0,0,0,0,0
21,25,0,0,0,0,0,0,0,0,0,0,0,0
48,57,42,53,21,11,60,22,4,0,0,0,0,0
60,48,4,22,52,29,61,11,0,0,0,0,0,0
11,48,60,24,61,28,35,9,41,0,0,0,0,0
60,11,9,48,61,52,42,0,0,0,0,0,0,0
51,17,18,0,0,0,0,0,0,0,0,0,0,0
61,11,48,52,12,60,9,51,0,0,0,0,0,0
43,60,41,11,44,0,0,0,0,0,0,0,0,0
44,11,60,14,35,0,0,0,0,0,0,0,0,0
61,16,38,48,0,0,0,0,0,0,0,0,0,0
48,53,57,21,60,25,14,22,0,0,0,0,0,0
21,60,49,28,11,24,29,48,0,0,0,0,0,0
25,60,11,13,0,0,0,0,0,0,0,0,0,0
35,7,48,60,14,29,52,44,0,0,0,0,0,0
60,21,44,0,0,0,0,0,0,0,0,0,0,0
60,54,58,14,55,47,43,31,0,0,0,0,0,0
48,57,61,11,35,60,0,0,0,0,0,0,0,0
60,35,48,28,4,61,0,0,0,0,0,0,0,0
48,57,0,0,0,0,0,0,0,0,0,0,0,0
53,60,48,0,0,0,0,0,0,0,0,0,0,0
60,13,14,37,0,0,0,0,0,0,0,0,0,0
48,60,35,28,57,0,0,0,0,0,0,0,0,0
11,60,4,52,48,17,0,0,0,0,0,0,0,0
11,48,18,12,60,17,0,0,0,0,0,0,0,0
11,18,60,0,0,0,0,0,0,0,0,0,0,0
58,14,11,21,0,0,0,0,0,0,0,0,0,0
48,49,11,60,28,18,41,38,0,0,0,0,0,0
11,48,3,60,61,14,0,0,0,0,0,0,0,0
57,18,29,62,60,22,48,0,0,0,0,0,0,0
4,48,53,60,11,35,3,61,25,0,0,0,0,0
51,60,48,50,11,58,0,0,0,0,0,0,0,0
13,43,55,41,31,25,21,48,14,34,20,60,35,0
21,44,42,60,11,13,0,0,0,0,0,0,0,0
60,4,48,57,61,0,0,0,0,0,0,0,0,0
11,53,48,60,14,57,0,0,0,0,0,0,0,0
22,48,60,0,0,0,0,0,0,0,0,0,0,0
60,48,61,29,0,0,0,0,0,0,0,0,0,0
60,11,0,0,0,0,0,0,0,0,0,0,0,0
28,4,48,18,53,0,0,0,0,0,0,0,0,0
53,48,61,11,60,0,0,0,0,0,0,0,0,0
48,60,61,26,11,9,0,0,0,0,0,0,0,0
42,61,14,11,58,0,0,0,0,0,0,0,0,0
21,60,48,4,11,0,0,0,0,0,0,0,0,0
60,29,44,14,25,11,0,0,0,0,0,0,0,0
63,48,21,51,60,0,0,0,0,0,0,0,0,0
51,21,53,42,0,0,0,0,0,0,0,0,0,0
48,14,18,24,60,35,9,0,0,0,0,0,0,0
53,57,42,60,48,11,63,22,0,0,0,0,0,0
21,8,17,11,48,0,0,0,0,0,0,0,0,0
48,60,9,11,53,61,0,0,0,0,0,0,0,0
11,48,17,9,42,0,0,0,0,0,0,0,0,0
41,9,48,0,0,0,0,0,0,0,0,0,0,0
49,28,48,17,11,61,35,60,41,0,0,0,0,0
11,55,29,62,60,0,0,0,0,0,0,0,0,0
48,60,52,7,11,17,51,35,4,9,0,0,0,0
48,49,41,0,0,0,0,0,0,0,0,0,0,0
31,13,55,37,14,0,0,0,0,0,0,0,0,0
13,37,60,11,25,21,14,55,54,0,0,0,0,0
37,55,13,25,60,11,48,0,0,0,0,0,0,0
44,11,25,48,13,0,0,0,0,0,0,0,0,0
11,60,21,29,26,35,58,44,61,0,0,0,0,0
21,60,41,29,44,0,0,0,0,0,0,0,0,0
57,48,28,60,3,0,0,0,0,0,0,0,0,0
41,61,48,60,22,51,18,57,0,0,0,0,0,0
21,11,25,44,20,55,0,0,0,0,0,0,0,0
14,60,21,11,0,0,0,0,0,0,0,0,0,0
58,21,13,14,37,60,0,0,0,0,0,0,0,0
14,13,21,25,60,26,49,0,0,0,0,0,0,0
25,19,55,13,0,0,0,0,0,0,0,0,0,0
37,13,58,35,43,55,29,21,11,0,0,0,0,0
11,14,29,25,37,60,13,55,0,0,0,0,0,0
11,13,37,60,52,55,0,0,0,0,0,0,0,0
60,13,37,47,11,14,48,28,35,25,58,44,29,0
19,43,60,11,21,25,41,17,0,0,0,0,0,0
31,14,58,55,13,60,25,37,2,43,0,0,0,0
60,29,21,11,14,43,0,0,0,0,0,0,0,0
55,2,13,11,14,60,37,42,25,0,0,0,0,0
58,25,60,37,0,0,0,0,0,0,0,0,0,0
11,60,13,55,37,25,31,0,0,0,0,0,0,0
43,60,1,11,13,0,0,0,0,0,0,0,0,0
29,25,11,48,0,0,0,0,0,0,0,0,0,0
25,11,14,55,37,21,29,60,58,0,0,0,0,0
31,11,60,44,14,55,0,0,0,0,0,0,0,0
60,48,3,7,22,57,11,2,0,0,0,0,0,0
58,13,37,60,0,0,0,0,0,0,0,0,0,0
48,60,14,11,44,0,0,0,0,0,0,0,0,0
53,61,11,48,18,0,0,0,0,0,0,0,0,0
60,11,35,48,9,29,0,0,0,0,0,0,0,0
21,1,11,44,60,14,29,13,0,0,0,0,0,0
48,12,17,0,0,0,0,0,0,0,0,0,0,0
11,25,60,34,13,55,44,21,58,14,61,0,0,0
14,47,44,11,58,60,43,61,21,25,0,0,0,0
14,13,25,0,0,0,0,0,0,0,0,0,0,0
21,58,34,0,0,0,0,0,0,0,0,0,0,0
52,55,58,25,13,37,14,0,0,0,0,0,0,0
14,21,37,25,58,13,60,0,0,0,0,0,0,0
11,25,14,21,0,0,0,0,0,0,0,0,0,0
35,55,14,0,0,0,0,0,0,0,0,0,0,0
55,13,25,37,54,0,0,0,0,0,0,0,0,0
11,55,14,44,25,60,58,43,0,0,0,0,0,0
44,60,0,0,0,0,0,0,0,0,0,0,0,0
55,13,44,19,25,0,0,0,0,0,0,0,0,0
55,11,58,43,25,21,14,0,0,0,0,0,0,0
60,25,14,11,29,48,21,0,0,0,0,0,0,0
60,43,44,37,11,0,0,0,0,0,0,0,0,0
31,21,14,37,19,0,0,0,0,0,0,0,0,0
58,14,47,60,25,61,55,43,0,0,0,0,0,0
14,11,43,60,39,35,1,48,0,0,0,0,0,0
60,11,48,41,50,35,0,0,0,0,0,0,0,0
60,44,11,48,3,0,0,0,0,0,0,0,0,0
21,25,11,47,58,0,0,0,0,0,0,0,0,0
38,60,0,0,0,0,0,0,0,0,0,0,0,0
57,60,48,9,11,0,0,0,0,0,0,0,0,0
11,60,55,44,61,14,21,0,0,0,0,0,0,0
41,11,60,48,52,61,16,0,0,0,0,0,0,0
60,55,37,44,11,0,0,0,0,0,0,0,0,0
60,14,13,47,0,0,0,0,0,0,0,0,0,0
48,53,61,0,0,0,0,0,0,0,0,0,0,0
60,58,29,25,11,21,48,19,14,44,0,0,0,0
10,17,44,24,0,0,0,0,0,0,0,0,0,0
58,44,35,14,25,60,11,21,0,0,0,0,0,0
21,25,14,44,11,0,0,0,0,0,0,0,0,0
48,3,25,38,52,7,60,0,0,0,0,0,0,0
21,11,60,48,0,0,0,0,0,0,0,0,0,0
11,60,14,48,0,0,0,0,0,0,0,0,0,0
29,60,11,61,25,14,21,48,44,0,0,0,0,0
4,60,0,0,0,0,0,0,0,0,0,0,0,0
60,26,61,0,0,0,0,0,0,0,0,0,0,0
57,0,0,0,0,0,0,0,0,0,0,0,0,0
48,60,53,17,9,57,61,41,11,0,0,0,0,0
60,48,21,0,0,0,0,0,0,0,0,0,0,0
60,11,53,48,38,35,17,0,0,0,0,0,0,0
57,35,0,0,0,0,0,0,0,0,0,0,0,0
60,48,61,11,0,0,0,0,0,0,0,0,0,0
25,60,11,29,31,0,0,0,0,0,0,0,0,0
61,11,60,29,1,14,42,12,0,0,0,0,0,0
60,48,18,11,4,53,0,0,0,0,0,0,0,0
60,57,4,61,7,0,0,0,0,0,0,0,0,0
57,35,60,22,48,53,0,0,0,0,0,0,0,0
55,1,11,48,60,35,0,0,0,0,0,0,0,0
48,18,22,24,17,60,0,0,0,0,0,0,0,0
48,49,60,0,0,0,0,0,0,0,0,0,0,0
48,57,35,17,3,12,11,0,0,0,0,0,0,0
11,14,48,53,57,60,22,0,0,0,0,0,0,0
44,28,60,0,0,0,0,0,0,0,0,0,0,0
60,9,25,0,0,0,0,0,0,0,0,0,0,0
48,57,11,60,53,42,4,28,20,0,0,0,0,0
60,53,18,11,61,48,63,44,9,41,22,57,35,0
48,60,35,11,0,0,0,0,0,0,0,0,0,0
50,48,60,42,25,11,0,0,0,0,0,0,0,0
57,60,53,48,61,0,0,0,0,0,0,0,0,0
11,14,21,29,0,0,0,0,0,0,0,0,0,0
48,60,11,38,0,0,0,0,0,0,0,0,0,0
57,11,60,48,0,0,0,0,0,0,0,0,0,0
21,11,60,41,17,0,0,0,0,0,0,0,0,0
60,11,21,48,44,25,0,0,0,0,0,0,0,0
22,61,12,28,48,57,0,0,0,0,0,0,0,0
28,60,21,11,61,14,2,0,0,0,0,0,0,0
60,21,11,29,61,0,0,0,0,0,0,0,0,0
60,21,17,11,14,56,25,0,0,0,0,0,0,0
41,22,50,20,60,61,17,14,57,0,0,0,0,0
61,48,0,0,0,0,0,0,0,0,0,0,0,0
60,57,18,21,7,0,0,0,0,0,0,0,0,0
18,53,11,0,0,0,0,0,0,0,0,0,0,0
60,11,22,12,35,57,0,0,0,0,0,0,0,0
53,11,22,48,35,61,0,0,0,0,0,0,0,0
48,57,60,51,0,0,0,0,0,0,0,0,0,0
3,48,60,28,61,42,35,11,4,52,21,0,0,0
48,35,14,60,17,41,0,0,0,0,0,0,0,0
11,60,19,48,57,53,44,14,61,35,0,0,0,0
60,38,11,57,48,0,0,0,0,0,0,0,0,0
21,60,0,0,0,0,0,0,0,0,0,0,0,0
53,61,60,12,48,0,0,0,0,0,0,0,0,0
22,25,60,53,11,48,38,57,35,0,0,0,0,0
61,28,60,18,20,53,22,0,0,0,0,0,0,0
60,9,22,38,48,28,0,0,0,0,0,0,0,0
53,11,57,48,60,52,0,0,0,0,0,0,0,0
60,53,35,14,61,9,48,51,0,0,0,0,0,0
4,48,51,9,53,0,0,0,0,0,0,0,0,0
48,9,60,35,57,59,28,11,53,38,0,0,0,0
60,11,14,26,0,0,0,0,0,0,0,0,0,0
22,17,48,4,21,57,61,0,0,0,0,0,0,0
11,21,0,0,0,0,0,0,0,0,0,0,0,0
18,35,48,44,60,0,0,0,0,0,0,0,0,0
48,49,14,11,21,57,0,0,0,0,0,0,0,0
53,48,35,60,57,22,0,0,0,0,0,0,0,0
53,0,0,0,0,0,0,0,0,0,0,0,0,0
11,48,14,52,35,0,0,0,0,0,0,0,0,0
60,48,57,53,44,12,0,0,0,0,0,0,0,0
60,53,57,21,4,22,11,29,48,0,0,0,0,0
57,38,14,53,22,48,42,0,0,0,0,0,0,0
48,12,57,22,60,52,35,0,0,0,0,0,0,0
41,57,48,60,63,35,0,0,0,0,0,0,0,0
57,60,48,61,53,11,22,0,0,0,0,0,0,0
21,44,38,60,48,53,35,4,0,0,0,0,0,0
22,25,57,11,48,0,0,0,0,0,0,0,0,0
48,17,51,57,60,0,0,0,0,0,0,0,0,0
48,60,42,22,0,0,0,0,0,0,0,0,0,0
11,48,38,57,60,0,0,0,0,0,0,0,0,0
60,11,38,57,0,0,0,0,0,0,0,0,0,0
60,14,25,21,44,11,2,29,61,0,0,0,0,0
60,22,11,57,53,48,18,51,0,0,0,0,0,0
48,61,14,38,53,18,57,22,0,0,0,0,0,0
41,51,21,53,60,11,48,0,0,0,0,0,0,0
53,18,60,35,61,0,0,0,0,0,0,0,0,0
55,11,37,60,25,0,0,0,0,0,0,0,0,0
14,48,58,34,11,0,0,0,0,0,0,0,0,0
11,21,60,20,43,46,0,0,0,0,0,0,0,0
21,55,14,58,0,0,0,0,0,0,0,0,0,0
25,58,44,20,21,43,29,14,0,0,0,0,0,0
21,29,55,0,0,0,0,0,0,0,0,0,0,0
11,25,21,43,60,14,61,29,0,0,0,0,0,0
14,13,25,0,0,0,0,0,0,0,0,0,0,0
21,61,55,0,0,0,0,0,0,0,0,0,0,0
44,11,1,60,29,21,61,26,0,0,0,0,0,0
11,41,48,35,53,60,12,9,0,0,0,0,0,0
60,3,48,4,0,0,0,0,0,0,0,0,0,0
48,60,49,18,35,42,0,0,0,0,0,0,0,0
37,11,25,14,60,55,0,0,0,0,0,0,0,0
37,25,60,11,0,0,0,0,0,0,0,0,0,0
60,21,14,44,58,31,37,0,0,0,0,0,0,0
29,31,60,11,25,4,55,0,0,0,0,0,0,0
21,60,11,12,41,14,44,0,0,0,0,0,0,0
55,60,35,21,0,0,0,0,0,0,0,0,0,0
61,11,41,0,0,0,0,0,0,0,0,0,0,0
11,21,23,44,55,0,0,0,0,0,0,0,0,0
21,14,0,0,0,0,0,0,0,0,0,0,0,0
11,25,0,0,0,0,0,0,0,0,0,0,0,0
58,55,11,25,14,61,60,37,21,0,0,0,0,0
60,58,11,13,48,31,55,0,0,0,0,0,0,0
60,48,42,11,17,44,9,52,0,0,0,0,0,0
14,55,11,37,0,0,0,0,0,0,0,0,0,0
55,25,60,11,43,37,58,0,0,0,0,0,0,0
14,44,2,39,11,21,60,37,25,9,0,0,0,0
60,61,14,34,0,0,0,0,0,0,0,0,0,0
49,29,60,41,11,21,24,48,9,17,28,10,35,51
11,25,60,29,20,44,17,52,0,0,0,0,0,0
35,48,11,61,51,53,0,0,0,0,0,0,0,0
29,44,60,0,0,0,0,0,0,0,0,0,0,0
60,58,21,11,14,25,44,35,0,0,0,0,0,0
59,11,48,49,22,60,14,0,0,0,0,0,0,0
60,11,59,0,0,0,0,0,0,0,0,0,0,0
60,59,11,0,0,0,0,0,0,0,0,0,0,0
11,0,0,0,0,0,0,0,0,0,0,0,0,0
2,11,12,51,60,35,61,0,0,0,0,0,0,0
11,28,60,17,20,0,0,0,0,0,0,0,0,0
49,48,11,51,60,0,0,0,0,0,0,0,0,0
61,60,35,14,11,44,17,42,12,28,9,0,0,0
11,21,60,28,0,0,0,0,0,0,0,0,0,0
11,48,17,53,0,0,0,0,0,0,0,0,0,0
11,60,41,0,0,0,0,0,0,0,0,0,0,0
2,60,14,58,11,55,21,0,0,0,0,0,0,0
11,35,63,51,0,0,0,0,0,0,0,0,0,0
21,29,60,11,14,44,0,0,0,0,0,0,0,0
29,48,0,0,0,0,0,0,0,0,0,0,0,0
48,60,18,7,35,38,0,0,0,0,0,0,0,0
44,60,11,21,25,29,37,56,61,0,0,0,0,0
60,48,61,21,53,11,4,42,0,0,0,0,0,0
60,11,27,42,8,1,17,0,0,0,0,0,0,0
24,21,48,11,63,49,0,0,0,0,0,0,0,0
44,60,25,21,29,0,0,0,0,0,0,0,0,0
17,11,0,0,0,0,0,0,0,0,0,0,0,0
11,60,43,2,61,0,0,0,0,0,0,0,0,0
55,13,44,43,25,60,31,0,0,0,0,0,0,0
60,14,11,21,61,3,17,42,44,31,25,29,28,0
48,29,60,14,1,21,0,0,0,0,0,0,0,0
44,48,49,11,61,0,0,0,0,0,0,0,0,0
51,35,28,11,49,0,0,0,0,0,0,0,0,0
48,26,63,61,60,24,9,0,0,0,0,0,0,0
11,14,48,25,60,20,44,9,21,41,26,29,39,0
60,21,14,41,11,0,0,0,0,0,0,0,0,0
60,48,14,44,11,0,0,0,0,0,0,0,0,0
60,29,35,11,0,0,0,0,0,0,0,0,0,0
44,11,20,17,60,61,21,14,41,0,0,0,0,0
48,35,60,24,0,0,0,0,0,0,0,0,0,0
48,12,58,18,25,24,60,59,11,0,0,0,0,0
11,44,12,0,0,0,0,0,0,0,0,0,0,0
14,59,60,21,20,35,48,0,0,0,0,0,0,0
9,17,21,48,59,12,11,2,63,0,0,0,0,0
48,60,12,35,44,9,11,0,0,0,0,0,0,0
11,28,21,61,35,44,0,0,0,0,0,0,0,0
60,48,11,42,0,0,0,0,0,0,0,0,0,0
11,42,60,35,59,28,49,0,0,0,0,0,0,0
21,60,4,48,42,9,11,35,0,0,0,0,0,0
63,61,49,21,51,11,60,24,0,0,0,0,0,0
31,60,48,29,55,0,0,0,0,0,0,0,0,0
23,60,19,29,58,13,0,0,0,0,0,0,0,0
48,41,57,61,53,35,0,0,0,0,0,0,0,0
48,53,41,11,60,28,63,0,0,0,0,0,0,0
53,48,57,11,38,0,0,0,0,0,0,0,0,0
48,57,60,61,11,22,28,52,53,0,0,0,0,0
60,59,11,24,49,19,44,48,0,0,0,0,0,0
59,48,0,0,0,0,0,0,0,0,0,0,0,0
60,38,51,11,24,49,48,59,35,14,63,0,0,0
42,48,4,11,17,21,60,0,0,0,0,0,0,0
11,59,42,9,35,61,60,0,0,0,0,0,0,0
28,49,11,61,24,60,35,62,0,0,0,0,0,0
11,38,48,28,49,14,60,0,0,0,0,0,0,0
60,11,48,63,29,49,24,3,0,0,0,0,0,0
48,11,60,35,49,61,0,0,0,0,0,0,0,0
9,63,49,61,0,0,0,0,0,0,0,0,0,0
60,11,28,9,21,0,0,0,0,0,0,0,0,0
48,59,11,52,49,24,42,20,0,0,0,0,0,0
48,9,42,11,59,0,0,0,0,0,0,0,0,0
27,63,48,21,9,0,0,0,0,0,0,0,0,0
48,42,9,60,12,0,0,0,0,0,0,0,0,0
48,26,59,35,0,0,0,0,0,0,0,0,0,0
60,25,11,48,24,0,0,0,0,0,0,0,0,0
51,60,48,52,28,21,11,61,41,0,0,0,0,0
48,49,51,17,0,0,0,0,0,0,0,0,0,0
60,59,11,24,49,53,0,0,0,0,0,0,0,0
59,60,51,48,21,49,11,63,0,0,0,0,0,0
48,60,11,0,0,0,0,0,0,0,0,0,0,0
51,52,44,11,28,48,60,3,0,0,0,0,0,0
49,11,60,59,0,0,0,0,0,0,0,0,0,0
60,12,24,29,0,0,0,0,0,0,0,0,0,0
48,51,63,59,9,0,0,0,0,0,0,0,0,0
51,49,3,14,60,59,28,48,21,0,0,0,0,0
60,11,28,59,29,0,0,0,0,0,0,0,0,0
11,48,9,14,28,60,51,35,3,49,63,59,21,0
11,48,21,44,51,49,0,0,0,0,0,0,0,0
11,60,49,4,63,48,0,0,0,0,0,0,0,0
61,60,28,48,63,24,0,0,0,0,0,0,0,0
60,51,57,11,0,0,0,0,0,0,0,0,0,0
35,48,3,38,11,0,0,0,0,0,0,0,0,0
11,48,35,17,60,44,61,18,28,41,3,0,0,0
60,11,35,21,61,0,0,0,0,0,0,0,0,0
17,11,60,41,21,0,0,0,0,0,0,0,0,0
11,60,0,0,0,0,0,0,0,0,0,0,0,0
48,11,61,0,0,0,0,0,0,0,0,0,0,0
35,60,11,25,42,61,21,44,14,0,0,0,0,0
13,25,55,58,48,0,0,0,0,0,0,0,0,0
51,11,61,48,0,0,0,0,0,0,0,0,0,0
25,37,55,58,60,0,0,0,0,0,0,0,0,0
60,14,12,11,0,0,0,0,0,0,0,0,0,0
25,60,55,13,58,0,0,0,0,0,0,0,0,0
58,14,60,25,54,55,21,0,0,0,0,0,0,0
11,35,44,48,60,21,0,0,0,0,0,0,0,0
26,11,21,44,60,14,61,0,0,0,0,0,0,0
60,14,43,0,0,0,0,0,0,0,0,0,0,0
60,48,29,4,9,11,18,0,0,0,0,0,0,0
60,61,48,35,0,0,0,0,0,0,0,0,0,0
35,48,60,38,61,54,0,0,0,0,0,0,0,0
21,14,41,35,25,60,0,0,0,0,0,0,0,0
17,63,48,21,11,0,0,0,0,0,0,0,0,0
60,48,38,57,35,11,61,52,0,0,0,0,0,0
11,61,41,53,48,60,9,17,0,0,0,0,0,0
48,18,53,11,28,0,0,0,0,0,0,0,0,0
61,60,21,11,48,0,0,0,0,0,0,0,0,0
60,62,11,28,18,48,35,0,0,0,0,0,0,0
48,60,9,0,0,0,0,0,0,0,0,0,0,0
60,48,11,61,18,22,35,57,0,0,0,0,0,0
60,29,11,44,21,48,61,14,1,25,17,35,0,0
60,11,17,48,37,42,0,0,0,0,0,0,0,0
42,60,11,48,17,49,21,9,0,0,0,0,0,0
11,35,48,17,0,0,0,0,0,0,0,0,0,0
48,51,11,60,28,42,61,17,0,0,0,0,0,0
21,48,11,18,60,51,9,42,0,0,0,0,0,0
48,35,21,11,59,17,60,9,0,0,0,0,0,0
17,11,42,28,41,14,60,29,48,51,0,0,0,0
48,60,11,61,28,42,29,17,12,0,0,0,0,0
48,53,60,22,14,11,12,0,0,0,0,0,0,0
20,61,48,0,0,0,0,0,0,0,0,0,0,0
48,60,53,11,61,51,42,62,41,0,0,0,0,0
17,59,11,38,24,60,48,0,0,0,0,0,0,0
48,18,59,17,24,35,11,60,49,4,0,0,0,0
48,35,24,60,11,0,0,0,0,0,0,0,0,0
48,51,11,24,62,17,49,0,0,0,0,0,0,0
63,60,0,0,0,0,0,0,0,0,0,0,0,0
48,35,61,11,44,0,0,0,0,0,0,0,0,0
48,57,11,60,61,49,2,3,22,38,35,0,0,0
60,14,13,11,55,0,0,0,0,0,0,0,0,0
57,48,38,53,60,11,61,0,0,0,0,0,0,0
60,48,35,11,0,0,0,0,0,0,0,0,0,0
25,29,19,62,58,11,0,0,0,0,0,0,0,0
48,57,60,61,11,0,0,0,0,0,0,0,0,0
13,37,25,43,60,20,0,0,0,0,0,0,0,0
24,48,60,11,14,59,49,35,28,0,0,0,0,0
49,59,52,60,63,11,24,48,0,0,0,0,0,0
11,48,60,0,0,0,0,0,0,0,0,0,0,0
11,61,42,17,35,3,60,48,28,14,4,0,0,0
48,41,21,11,24,60,44,0,0,0,0,0,0,0
48,60,11,59,35,61,49,0,0,0,0,0,0,0
48,4,53,57,38,61,0,0,0,0,0,0,0,0
60,28,48,11,21,41,35,0,0,0,0,0,0,0
60,11,17,9,49,35,42,48,0,0,0,0,0,0
48,35,0,0,0,0,0,0,0,0,0,0,0,0
9,14,11,48,59,0,0,0,0,0,0,0,0,0
11,21,26,60,44,29,31,0,0,0,0,0,0,0
60,48,61,0,0,0,0,0,0,0,0,0,0,0
35,53,61,48,18,60,9,0,0,0,0,0,0,0
43,23,37,21,60,14,47,0,0,0,0,0,0,0
48,9,24,11,49,60,21,51,0,0,0,0,0,0
49,11,48,61,12,28,60,42,0,0,0,0,0,0
61,11,60,48,62,28,0,0,0,0,0,0,0,0
48,11,60,35,9,44,61,51,0,0,0,0,0,0
11,44,60,0,0,0,0,0,0,0,0,0,0,0
60,18,61,38,4,35,0,0,0,0,0,0,0,0
11,48,51,0,0,0,0,0,0,0,0,0,0,0
60,43,44,21,14,42,0,0,0,0,0,0,0,0
48,11,35,53,52,38,60,9,61,0,0,0,0,0
37,47,25,0,0,0,0,0,0,0,0,0,0,0
60,28,41,48,61,11,0,0,0,0,0,0,0,0
48,28,35,61,11,52,60,9,1,0,0,0,0,0
14,11,29,42,21,60,0,0,0,0,0,0,0,0
4,60,61,11,48,53,58,17,3,35,0,0,0,0
48,53,11,42,60,57,35,0,0,0,0,0,0,0
25,21,28,60,14,11,61,44,0,0,0,0,0,0
51,52,57,48,38,44,11,9,0,0,0,0,0,0
11,14,20,13,37,60,55,0,0,0,0,0,0,0
11,28,60,9,61,35,48,51,17,0,0,0,0,0
60,48,51,11,9,63,59,0,0,0,0,0,0,0
11,42,28,48,60,51,17,0,0,0,0,0,0,0
60,9,53,49,38,48,21,0,0,0,0,0,0,0
60,25,61,55,31,58,13,54,0,0,0,0,0,0
11,44,13,14,60,43,21,0,0,0,0,0,0,0
58,11,60,13,37,25,47,48,0,0,0,0,0,0
48,57,11,22,50,0,0,0,0,0,0,0,0,0
60,11,48,21,0,0,0,0,0,0,0,0,0,0
11,14,0,0,0,0,0,0,0,0,0,0,0,0
57,60,21,11,55,22,0,0,0,0,0,0,0,0
57,3,38,11,60,61,14,48,0,0,0,0,0,0
13,55,25,60,2,41,11,0,0,0,0,0,0,0
21,44,11,0,0,0,0,0,0,0,0,0,0,0
48,60,3,11,9,42,51,0,0,0,0,0,0,0
21,12,44,11,61,29,25,0,0,0,0,0,0,0
42,11,41,51,17,0,0,0,0,0,0,0,0,0
60,48,35,61,41,51,0,0,0,0,0,0,0,0
60,61,4,11,51,48,8,0,0,0,0,0,0,0
55,14,34,35,13,60,25,0,0,0,0,0,0,0
60,11,61,17,1,29,0,0,0,0,0,0,0,0
60,0,0,0,0,0,0,0,0,0,0,0,0,0
60,0,0,0,0,0,0,0,0,0,0,0,0,0
14,55,44,11,13,21,60,54,29,0,0,0,0,0
35,60,11,14,0,0,0,0,0,0,0,0,0,0
21,11,60,33,61,14,0,0,0,0,0,0,0,0
37,60,25,0,0,0,0,0,0,0,0,0,0,0
48,4,11,60,3,61,0,0,0,0,0,0,0,0
18,11,28,48,17,60,51,35,0,0,0,0,0,0
14,60,48,9,11,38,51,3,4,0,0,0,0,0
61,3,28,48,11,60,0,0,0,0,0,0,0,0
60,48,11,26,28,0,0,0,0,0,0,0,0,0
17,11,19,60,14,21,61,29,0,0,0,0,0,0
18,61,53,0,0,0,0,0,0,0,0,0,0,0
60,4,11,61,48,41,0,0,0,0,0,0,0,0
58,60,21,0,0,0,0,0,0,0,0,0,0,0
28,9,41,11,48,42,24,37,35,60,0,0,0,0
43,61,60,55,25,31,0,0,0,0,0,0,0,0
61,60,21,1,14,17,0,0,0,0,0,0,0,0
21,60,11,14,29,44,41,0,0,0,0,0,0,0
11,14,48,21,43,0,0,0,0,0,0,0,0,0
11,60,21,0,0,0,0,0,0,0,0,0,0,0
11,14,48,61,21,28,60,0,0,0,0,0,0,0
58,60,21,13,43,31,35,55,0,0,0,0,0,0
48,35,61,60,11,0,0,0,0,0,0,0,0,0
11,35,60,42,41,29,61,17,2,48,0,0,0,0
60,2,21,0,0,0,0,0,0,0,0,0,0,0
21,60,11,25,14,48,31,0,0,0,0,0,0,0
11,60,37,58,25,21,13,14,0,0,0,0,0,0
48,60,61,11,28,0,0,0,0,0,0,0,0,0
11,17,24,63,21,0,0,0,0,0,0,0,0,0
12,63,11,0,0,0,0,0,0,0,0,0,0,0
35,60,11,17,0,0,0,0,0,0,0,0,0,0
14,29,11,55,60,0,0,0,0,0,0,0,0,0
18,11,49,35,48,60,59,63,0,0,0,0,0,0
49,17,0,0,0,0,0,0,0,0,0,0,0,0
61,48,59,60,28,49,0,0,0,0,0,0,0,0
48,41,53,35,11,4,57,60,28,51,0,0,0,0
48,11,59,21,35,0,0,0,0,0,0,0,0,0
60,20,48,41,21,0,0,0,0,0,0,0,0,0
59,51,11,60,0,0,0,0,0,0,0,0,0,0
61,60,11,59,14,0,0,0,0,0,0,0,0,0
49,51,35,21,48,24,55,11,60,0,0,0,0,0
17,53,11,35,48,49,63,0,0,0,0,0,0,0
11,4,59,60,49,51,0,0,0,0,0,0,0,0
24,48,60,49,11,0,0,0,0,0,0,0,0,0
49,9,24,59,60,8,0,0,0,0,0,0,0,0
42,63,48,11,9,0,0,0,0,0,0,0,0,0
42,28,63,0,0,0,0,0,0,0,0,0,0,0
12,63,11,48,0,0,0,0,0,0,0,0,0,0
24,49,0,0,0,0,0,0,0,0,0,0,0,0
11,53,60,48,0,0,0,0,0,0,0,0,0,0
11,7,48,41,60,63,0,0,0,0,0,0,0,0
49,11,35,63,61,48,60,59,28,17,29,21,18,0
60,49,0,0,0,0,0,0,0,0,0,0,0,0
28,60,63,51,11,0,0,0,0,0,0,0,0,0
60,61,35,11,26,21,0,0,0,0,0,0,0,0
11,18,63,60,49,35,48,0,0,0,0,0,0,0
11,48,44,41,61,60,35,0,0,0,0,0,0,0
60,48,17,11,49,59,63,0,0,0,0,0,0,0
24,63,48,11,17,10,53,60,49,0,0,0,0,0
48,11,41,17,60,0,0,0,0,0,0,0,0,0
20,11,48,18,28,60,12,9,0,0,0,0,0,0
