5569,5705525.22804098,187304.371592804,1,2551426,1
5569,5705665.7505142,187431.13806399,1,5038078,1
5569,5705222.14638031,188784.182826311,1,10216970,3
5569,5706327.05314561,188100.090426694,1,12669617,4
5569,5708257.89778393,185617.317277514,1,18136256,4
5569,5705937.16408848,188152.842451828,1,19477470,2
5569,5705477.74316089,188579.661305041,1,22418030,1
5569,5707724.44600327,184136.172519908,1,24434844,2
5569,5705476.8242378,187411.66850156,1,25766273,1
5569,5705727.99449391,188210.70079369,1,26288012,2
5569,5705248.46138782,185081.673489103,0,5552240,2
5569,5705265.41714951,184905.772103884,0,18917772,1
5569,5705166.37501474,185061.812725839,0,26940261,3
5569,5706932.2929247,185231.041631443,1,1836766,4
5569,5707235.48589186,190890.579094244,1,3062734,3
5569,5706589.42594723,184783.90545105,1,3707110,3
5569,5705473.49556189,185726.494959731,1,3985958,4
5569,5705902.81065105,185284.789726194,1,4082531,2
5569,5705556.66771563,185494.941100505,1,4979410,3
5569,5705690.35503473,184533.945458709,1,9695277,2
5569,5706667.64169184,185241.954515154,1,11385316,1
5569,5705121.83940239,184143.278704396,1,11446478,3
5569,5706278.42272086,185203.371966647,1,14261895,5
5569,5705124.81448074,184121.704060324,1,15751229,2
5569,5705688.45644615,186768.663258499,1,17643319,4
5569,5704319.90013355,184085.085946638,1,17774954,3
5569,5706481.23441861,186574.43839688,1,18194280,6
5569,5705151.91723499,188059.153514677,1,18437057,3
5569,5705476.87102579,184912.158437687,1,20322181,1
5569,5705771.94435158,188121.406890407,1,20885699,1
5569,5706182.05947461,187595.670897213,1,23003930,7
5569,5706106.89618533,184883.261234869,1,23443147,1
5569,5705520.13748613,187975.423470083,1,24831540,6
5569,5705662.43194442,187375.235570134,1,26546603,2
5575,5706147.50454164,187844.429466275,1,320418,3
5575,5709887.33062924,192117.810419255,1,1477760,6
5575,5706166.07307456,188188.32443607,1,4326257,8
5575,5705556.84407227,187658.491284928,1,4366858,5
5575,5705950.66422191,188039.293129677,1,8197532,6
5575,5705519.60569436,189256.806131132,1,8571274,2
5575,5706853.54243487,187971.668858715,1,8828720,2
5575,5706170.07683035,188608.941571765,1,10562501,2
5575,5705791.67823276,188757.50705629,1,11386360,1
5575,5706638.63275858,187635.876147964,1,13486551,1
5575,5705969.46665573,187646.11428299,1,16400744,1
5575,5709311.18359699,190599.145857916,1,17138824,1
5575,5705181.53275439,187889.536128215,1,19170700,3
5575,5706335.37886998,188028.642995528,1,22489231,2
5575,5705896.00831735,188356.7656015,0,26065448,2
5575,5705888.10202424,184994.962746638,0,8370055,5
5575,5706449.35364918,184886.615620629,0,26050145,5
5575,5706498.418588,185041.808125438,0,27087369,4
5575,5707325.55997569,186981.65230308,0,27234942,2
5575,5707413.83304063,186844.509332571,0,27585194,2
5575,5705903.28511612,184737.710034877,1,754170,2
5575,5705917.24494294,187807.886994933,1,2824275,5
5575,5706161.17031629,187918.584261577,1,5116145,5
5575,5706890.92023844,185015.364548279,1,5149038,3
5575,5706232.45293462,184646.182659757,1,5437062,1
5575,5707468.96268032,186349.764446904,1,7228139,1
5575,5705307.65407558,185306.286684468,1,9369137,2
5575,5706345.23658558,188100.381863939,1,10596234,2
5575,5706057.63157789,185123.641067788,1,11290299,1
5575,5706526.52513422,184833.344697187,1,13265329,3
5575,5705753.38300543,184557.870379356,1,16536177,1
5575,5709142.51075265,181898.19859059,1,18420116,2
5575,5705863.11958844,187777.166287413,1,18824512,3
5575,5706410.65410526,184786.381200782,1,19919393,2
5575,5706482.04587669,187318.928645861,1,20838500,2
5575,5704838.81086675,184061.145076278,1,22685771,2
5575,5706708.51067195,186061.807433264,1,22922742,6
5575,5707073.09028458,185515.656342336,1,24171291,4
5575,5706212.37614504,185102.277600773,1,26263124,1
5578,5709338.87229677,184962.872852584,1,290000,1
5578,5706108.98552599,187890.17934722,0,419946,2
5578,5707032.22995359,186169.468450678,1,428587,1
5578,5705684.56459451,185048.088206892,1,772050,2
5578,5706315.50945549,187503.004278087,0,1143726,2
5578,5708543.25774918,185515.70244215,1,1186807,2
5578,5705239.4937975,184240.28695434,1,1344219,3
5578,5706538.90142335,188166.052795536,1,1589108,2
5578,5706541.19106586,183103.460382767,0,2444619,2
5578,5705638.56812104,184995.139460701,1,3108894,3
5578,5704805.75536065,186636.139742403,1,3232660,6
5578,5706000.68921844,183717.598233612,1,3371283,2
5578,5705915.76921404,184644.34672353,1,3918399,4
5578,5709091.86170064,184887.028342682,1,4098247,2
5578,5706229.73434572,187998.13074841,1,4573514,2
5578,5708259.31181888,182206.725083858,1,4607876,7
5578,5707019.70801564,188639.986722678,1,4920275,4
5578,5707850.46092357,185378.9657905,1,5447300,2
5578,5707724.17643844,185658.143076166,1,6740700,4
5578,5706695.89934754,186434.033307095,1,6834494,2
5578,5708076.43914905,184916.002188432,0,6929057,9
5578,5707971.83182816,185228.682136301,1,6999828,4
5578,5707365.91784825,185420.835151364,1,7009174,4
5578,5706559.70207217,183134.194348748,1,7136048,1
5578,5708330.28254691,184857.060042552,1,7684173,2
5578,5707546.02860472,190699.524080603,1,7798602,3
5578,5705622.27784005,186936.005976366,1,8617772,3
5578,5707527.39057472,186739.920622698,1,9478719,1
5578,5707570.41997525,186387.609309512,1,9768540,1
5578,5703541.95164178,182928.932599654,1,10113542,2
5578,5708931.90794103,181093.711658238,1,10864664,2
5578,5706996.30867515,185298.397904886,1,11695905,3
5578,5706389.90761864,184393.716539944,1,11829168,4
5578,5708775.02566553,182039.020984126,1,12009612,4
5578,5706534.86698466,185792.849428434,1,12052256,3
5578,5705873.57694811,184931.304024881,1,12075678,3
5578,5707784.50563641,185325.832156418,1,12204058,2
5578,5705162.71750524,185466.074687128,1,12386954,4
5578,5706903.79204821,185377.700618334,0,12428691,1
5578,5708028.48123748,185936.932153228,1,12919701,2
5578,5705480.43884637,186806.809413152,0,13229260,3
5578,5708245.86880122,185989.732208287,1,13664131,6
5578,5708812.85287912,184393.182610869,1,14114619,6
5578,5705405.40202809,184369.345453811,0,14328853,3
5578,5708804.28407716,184293.522539839,1,14670403,4
5578,5708463.11759418,184265.405452761,1,15218270,3
5578,5705935.58219144,187820.272093621,0,15388358,3
5578,5705840.73055056,187706.259026462,0,15792995,1
5578,5706489.54267798,187788.656073927,1,17059795,1
5578,5711305.46120345,193073.138891788,1,17103212,1
5578,5706063.16796762,184658.705867948,1,17200322,3
5578,5705902.3107683,188035.914136803,1,17811609,2
5578,5703847.02338636,182874.020815885,1,17945258,4
5578,5708994.38860518,184721.208280622,1,18760581,4
5578,5705076.75881444,186700.898479146,1,18767461,2
5578,5708275.36829819,190632.253598511,1,18908649,2
5578,5705600.6206792,185000.212110813,1,18929696,1
5578,5705326.48015516,184435.716048049,1,20047882,6
5578,5706733.58196573,183620.540085079,1,20109119,2
5578,5708106.26951454,185219.224239229,1,20609282,6
5578,5706382.82850192,185093.42944244,1,21419955,3
5578,5708915.96599276,181917.839897745,0,21476562,1
5578,5708944.18525319,182170.424543482,1,22001710,3
5578,5706245.09051551,189571.612518256,0,22024351,2
5578,5708659.33779826,184420.027089457,1,22330393,6
5578,5708012.95289867,185635.918872565,1,22750345,1
5578,5707826.96510685,184805.168100361,1,22889065,6
5578,5705960.20842042,185112.599603256,1,23111903,2
5578,5707957.59568414,185830.990705645,1,23276532,1
5578,5709255.15016414,184889.490770783,1,23381276,2
5578,5705063.51448636,185917.076939809,1,23681838,2
5578,5708634.85940681,191088.544676535,1,24000625,1
5578,5708909.20999523,184023.941142363,1,24126729,2
5578,5706405.64852319,188416.668474442,1,24950618,5
5578,5707690.7800546,184669.398044023,1,26066725,8
5578,5707702.39822336,185550.797491449,1,26263009,2
5578,5708108.16121281,185340.366927193,0,26982300,5
5578,5708697.97524598,190270.109873603,0,9568407,3
5578,5707623.23945637,189838.218504165,0,14823453,6
5578,5706716.8404661,187381.141255096,0,17867372,2
5578,5708510.75513392,190492.751975706,0,19254274,1
5578,5705210.18555107,184361.336053527,1,431768,1
5578,5704314.89630818,183867.884713458,1,1678300,8
5578,5706493.10805711,185164.15433563,1,5711638,1
5578,5705945.27144424,185117.397724383,1,6720031,3
5578,5707171.00309757,188919.893911579,1,8698829,3
5578,5705152.41458707,184458.732481755,1,9992651,3
5578,5706516.50816795,184953.596694831,1,10427776,1
5578,5706070.41726088,187557.232574541,1,10950168,3
5578,5705154.23771367,184611.132121493,1,12328057,2
5578,5705780.29310474,185614.51618499,1,14150123,2
5578,5707006.52697668,185330.312494328,1,15122580,7
5578,5706530.38720112,187366.392865526,1,17958642,1
5578,5705761.37842424,185452.198851579,1,18140148,2
5578,5705568.51446241,187315.832441529,1,18254229,2
5578,5705574.03809623,187079.120756493,1,18404863,4
5578,5705590.01248326,187679.132407588,1,19614000,7
5578,5705597.3619633,184454.978311949,1,20908164,4
5578,5705148.61003518,184146.758167127,1,22953674,2
5578,5707299.42837526,184828.76102965,1,23217047,1
5578,5705305.56232025,185331.323783675,1,23413526,1
5580,5707904.13202986,185787.025471961,1,539442,4
5580,5707392.59852122,185589.395185537,1,579868,2
5580,5707151.58497707,182175.733405231,1,1107979,2
5580,5707708.7130564,185236.004718075,1,1261256,3
5580,5709033.13818791,182022.362292155,1,2332928,2
5580,5708038.66162611,186467.170369372,1,2371071,5
5580,5708697.20563717,184650.576087627,1,2512468,2
5580,5708546.06387091,185822.502041002,1,2863554,4
5580,5705857.35167134,187741.857089221,1,3154040,1
5580,5708796.72571201,184902.147568697,1,3224376,1
5580,5708193.89210725,185799.7751848,1,3830807,5
5580,5705276.08399708,184733.641813859,1,4124619,4
5580,5708328.52908344,185127.787283395,1,4410091,5
5580,5708453.21125937,184932.244515952,1,5392416,3
5580,5705822.25727807,187689.384545018,0,6111944,1
5580,5708843.93556086,191120.102042556,1,6790685,1
5580,5706006.93537148,187659.393113112,1,7867510,2
5580,5706115.92302903,187810.332304229,1,9800480,2
5580,5706673.4738784,186749.36136613,1,9808464,4
5580,5704131.59796522,184067.8734298,0,10025002,2
5580,5708421.94092502,182635.311801045,1,10056684,3
5580,5707689.20934311,185445.03748888,1,10497536,1
5580,5707851.6145596,185495.744805564,1,10636178,4
5580,5708372.89722494,191167.562514833,1,11291734,5
5580,5709094.03384552,181840.630319722,1,13172621,2
5580,5707336.6944297,185313.414832615,1,13352531,2
5580,5709065.86612516,184717.41738059,1,13417196,2
5580,5708253.47764282,185632.918756521,1,13456209,3
5580,5707271.36586937,186552.683574133,1,13486981,4
5580,5707473.96267304,185996.762332401,1,14178688,1
5580,5706650.01109614,186754.948804366,1,14243430,2
5580,5706787.43318062,189978.901090222,1,14571171,1
5580,5707430.0493392,185393.248281834,1,15538173,2
5580,5708104.10733433,185169.092803735,1,16091074,3
5580,5708802.85030429,181573.204536143,1,16842844,1
5580,5707064.23147704,185207.342472076,1,17162414,1
5580,5709155.96516293,182203.904956832,1,17213276,4
5580,5709081.09753002,184512.347328944,1,17874437,1
5580,5707793.56092277,185716.180625244,1,19002419,1
5580,5707744.74501342,184707.099372876,1,20144718,4
5580,5708521.39132069,184803.684882666,1,20208241,2
5580,5708073.63099959,184991.913720018,0,21074029,1
5580,5708135.4941203,186388.494856676,1,21162704,2
5580,5706939.24265083,185508.19232934,1,21167213,1
5580,5707821.80939069,185159.493566269,1,21484368,3
5580,5708294.38055556,186154.270545511,1,22477758,1
5580,5707740.50941693,185850.872354223,1,23257100,1
5580,5705186.90603779,186756.879242244,1,24236091,3
5580,5707029.61049058,188989.128361101,1,24559485,2
5580,5707570.66282741,185396.185985275,0,26111391,2
5580,5707824.74757743,185601.374602226,0,26138996,1
5580,5706354.9838467,187961.307003063,0,26607077,1
5580,5707418.28759356,187022.658027337,1,27588633,2
5580,5706366.30140712,188013.965375599,0,14257550,1
5580,5705053.27469965,184181.174782548,0,25820649,4
5580,5707444.01484116,185698.991486945,0,25842956,1
5580,5706994.64188537,185763.152785687,0,26341526,4
5580,5705706.57654305,187196.642153696,0,26538969,1
5580,5705553.17292435,188152.798096463,0,26542380,4
5580,5707167.96672378,185065.321313267,0,27121145,8
5580,5705775.32805083,184925.135310057,0,27195223,5
5580,5706172.83251402,184883.964250456,0,27218572,5
5580,5705354.11280929,184698.45036195,0,27431477,1
5580,5706329.82613332,185052.691778236,1,601912,4
5580,5707099.44550866,186078.79687196,1,872004,1
5580,5704185.40535315,181734.151280017,1,942056,2
5580,5706037.09143803,187692.139779222,1,1406192,2
5580,5706853.20005398,185117.520559715,1,1514245,2
5580,5706117.28616791,185315.834492062,1,2161592,1
5580,5705406.12639845,184467.772043746,1,3129629,3
5580,5707004.74732343,185429.705447955,1,3354136,4
5580,5706407.46904988,184178.210211351,1,3742060,8
5580,5706284.01267712,188152.462138197,1,4534650,3
5580,5706180.48882049,185038.672295757,1,4857670,4
5580,5706715.98813183,185268.67686236,1,5288500,5
5580,5706085.09155829,186306.94092057,1,5488979,2
5580,5705809.73106232,184486.062552347,1,5555598,1
5580,5705282.46487496,184903.729866113,1,6516395,2
5580,5706250.95806623,187133.977756451,1,6528356,3
5580,5705949.80226991,185748.358505247,1,6579737,3
5580,5706614.25694904,182869.708782718,1,6738772,1
5580,5705978.96233559,187554.335073536,1,6793266,2
5580,5706503.62349217,185044.786765283,1,8688695,3
5580,5706419.74189316,185548.076739628,1,8800100,1
5580,5706243.61113396,188074.840060716,1,8861107,3
5580,5705543.24050807,186957.076466118,1,9983695,1
5580,5711663.58650733,192987.180039634,1,10168433,2
5580,5707715.22871329,190407.75880833,1,10172173,3
5580,5706807.8423508,185219.511039097,1,11084557,5
5580,5705201.76585676,184635.619207881,1,11166745,1
5580,5706170.26512693,186736.832603541,1,11567764,2
5580,5706083.34806948,184819.396435163,1,11936331,4
5580,5709037.27008454,182502.181919983,1,12179715,1
5580,5706873.03519655,185078.81532807,1,12329471,6
5580,5706058.99589709,185233.091397303,1,12763750,1
5580,5705978.59518309,184734.608658848,1,13313100,1
5580,5705976.85436207,186395.610734106,1,14097951,1
5580,5706147.89464735,184926.643534062,1,14208612,3
5580,5705471.04215164,185727.154506594,1,14263266,1
5580,5705882.21330831,186312.192935291,1,14688606,1
5580,5706774.65182069,186763.598094689,1,14788393,2
5580,5706314.84516911,184968.166881381,1,15125186,1
5580,5704543.35659614,184511.190132992,1,15951370,1
5580,5705164.76992267,185023.478899265,1,16497567,1
5580,5705782.58805353,186593.862608326,1,17291658,2
5580,5705801.02530597,185589.952544024,1,17919407,3
5580,5705441.26019584,185711.152052618,1,18024343,1
5580,5704847.97203425,186622.470411134,1,19559730,2
5580,5706273.77400681,184969.536871662,1,19686730,2
5580,5706317.58074037,184780.571577145,1,20053227,2
5580,5706413.30203381,185149.687588144,1,20055534,5
5580,5706508.93930835,185134.543097231,1,20508388,2
5580,5706936.61058908,186062.772000146,1,20546568,5
5580,5705826.8638125,186290.912049541,1,21154902,1
5580,5706667.46581881,185254.727276017,1,22369634,1
5580,5705199.01115489,185099.432247291,1,22838486,2
5580,5707035.64917402,185675.200685037,1,23501052,4
5580,5705727.09524686,184469.773271429,1,23890209,2
5580,5705275.94561677,185360.008175307,1,23935083,6
5580,5707366.14994886,186877.997912801,1,24207666,3
5580,5706427.04521733,187265.951496567,1,24410382,1
5580,5706657.94354599,186380.283716798,1,24776668,3
5580,5707381.31771449,185665.953718281,1,25760474,5
5580,5706778.64655334,185832.16537479,1,27119749,1
5582,5707336.71609668,190719.75862952,1,2057009,1
5582,5708700.6785929,184393.015891651,1,2761677,4
5582,5707064.54001295,190460.210253117,1,10019701,5
5582,5703535.98380794,183854.720887341,1,14569646,1
5582,5707552.585216,185566.581202499,1,20643017,2
5582,5704541.87072317,186047.401472989,1,60359,3
5582,5709189.70171907,191026.255679173,1,489685,2
5582,5708616.26603394,190060.283021213,1,6251040,3
5582,5709171.01522668,190496.64731071,1,9680087,1
5582,5708788.6556556,190603.269590244,1,9766028,1
5582,5705687.03443106,184345.168603108,1,9849419,2
5582,5707458.07613228,189941.834183522,1,10793403,5
5582,5707049.92479275,188792.423951385,1,13408151,1
5582,5703951.04029195,183743.000892438,1,14738199,5
5582,5707957.28776938,190308.53361432,1,17871686,5
5582,5708920.71055733,181088.216308793,1,19034319,3
5582,5708524.91157085,190534.437451108,1,20772666,3
5582,5707489.59221198,189015.12397032,1,22730844,2
5582,5707697.65457758,188910.291473247,1,23048376,1
5582,5707452.68796085,189180.069919639,1,23473086,2
5583,5706614.70522784,189611.465635566,1,7565480,3
5583,5707073.61079219,190247.493953844,1,7622286,5
5583,5706220.94026046,189549.087781816,1,19347596,2
5583,5705812.01191521,188748.943515336,1,21090036,1
5583,5706921.94434753,189837.03404918,1,21625413,1
5583,5706889.37898067,189618.811587669,1,23160147,3
5583,5704015.6511964,183255.222023306,0,26374001,1
5583,5704620.6164878,183624.308880215,0,26933426,1
5583,5704180.70367162,183516.704210524,0,27417297,2
5583,5707044.5235434,190546.049247581,1,69727,2
5583,5705754.16986571,189018.757008618,1,704054,3
5583,5707747.06189791,190393.675605039,1,981496,1
5583,5707220.94296645,190307.263431297,1,1004141,1
5583,5707285.29263672,186689.973800727,1,1245060,1
5583,5705621.04565858,189248.186251876,1,2581863,6
5583,5708839.87915152,191221.524145825,1,6947670,8
5583,5707690.01417247,190486.450238705,1,8099019,2
5583,5706355.48093032,189294.350429856,1,9526418,2
5583,5710141.86939637,191977.794516406,1,10276121,1
5583,5706639.95492428,189600.279593042,1,10901092,3
5583,5707583.7157553,190827.01805372,1,11546873,2
5583,5705356.53896844,189012.565240505,1,11761357,1
5583,5709110.21068211,191340.953444313,1,12175383,1
5583,5710664.02538176,192627.349397484,1,12462744,1
5583,5707009.32109416,190549.497322376,1,12674019,4
5583,5709182.94445073,191105.170991079,1,15558761,3
5583,5703551.9961496,184802.039253061,1,17491007,5
5583,5705466.70772893,189056.044920995,1,20409291,1
5583,5708459.12155746,191006.018103862,1,21335955,3
5583,5705992.51880048,188954.36318193,1,21850117,2
5583,5705602.10756967,189049.072380977,1,22508717,1
5583,5706446.02488344,189982.724577597,1,22703740,3
5583,5704338.35188417,183781.948665266,1,22898518,2
5585,5705788.45788174,188001.651279239,1,148219,5
5585,5709198.46725073,184795.587592285,1,1087923,1
5585,5707905.49676172,185731.170136946,1,1211299,3
5585,5708924.32840584,184947.699072794,1,9764994,1
5585,5706343.72238479,185003.025044357,1,13923990,4
5585,5707823.32207631,185703.856832575,1,17185599,1
5585,5707989.82580241,185995.989050212,1,17482810,3
5585,5707527.02486331,185891.001428934,1,18466369,4
5585,5707828.79572476,185565.119036058,1,20796272,2
5585,5707981.31491812,184789.113656532,0,26965118,1
5585,5707921.09618859,185679.826634092,0,26983957,1
5585,5710686.67344417,191405.491801196,0,27073019,1
5585,5708247.10379999,186074.14062143,1,1093444,3
5585,5708271.08263507,185175.73681209,1,2700302,3
5585,5708066.24894774,185644.56716588,1,2955909,4
5585,5707756.71624231,185252.632343243,1,9124848,2
5585,5709138.32702534,183883.07031664,1,10004850,1
5585,5708506.58469269,182836.539618947,1,16349513,4
5585,5708666.12301941,184378.01814076,1,16548908,2
5585,5707738.66561877,184920.6285359,1,17318627,2
5585,5708286.47545976,185368.469344918,1,19700153,2
5588,5706323.22452375,187864.332662762,1,6685919,4
5588,5703695.77562283,184989.132474042,1,7111561,2
5588,5709156.81273962,185075.216096103,1,13963650,4
5588,5703899.95483037,183191.069102499,0,14595681,4
5588,5706011.6780744,188119.641214192,1,15436108,2
5588,5703475.8533557,184773.353402728,0,16459201,2
5588,5703757.98652642,184179.73077915,1,19791860,4
5588,5704173.34582122,183444.116536865,1,20216939,4
5588,5708840.28881218,182207.985550023,0,27412159,1
5588,5706500.56012734,183322.758639851,0,27417654,5
5588,5703821.94265528,183740.734824174,1,437920,4
5588,5703883.36225563,184655.327083185,1,3113386,2
5588,5703808.2165726,184888.968138573,1,3500774,5
5588,5703941.3914238,185461.696819744,1,4433842,3
5588,5703975.0877789,184359.256040258,1,4749827,4
5588,5703434.8644649,184736.103541198,1,4884082,2
5588,5703698.39185251,185304.914754818,1,6145125,2
5588,5703840.61436906,184606.60717847,1,7512892,1
5588,5703519.41107824,184734.50748938,1,10708844,5
5588,5703585.86403456,184775.019884657,1,11614347,1
5588,5704135.65469571,184692.838977004,1,12307576,2
5588,5703953.09110443,184860.747052728,1,12636627,4
5588,5704121.49642037,185714.600230196,1,12729322,1
5588,5706756.88026433,186860.386845126,1,12821577,3
5588,5706727.46564221,189882.484133224,1,16809586,3
5588,5703583.81845189,184090.980767016,1,17092293,1
5588,5703725.47610572,184843.940637326,1,18080138,2
5588,5704163.66852189,185064.137639542,1,18755697,2
5588,5703888.26123362,185065.366540315,1,19542257,3
5588,5704191.23473507,185974.196975881,1,20028196,2
5588,5703674.95168165,184752.668636965,1,20182392,4
5588,5704117.77474959,185851.141226861,1,21713279,2
5588,5703566.14646713,184850.657522216,1,21969544,2
5588,5703725.76652112,183837.752211973,1,22694331,2
5588,5703519.22101594,183743.0516349,1,23031729,2
5588,5703654.05469276,184723.398336908,1,23158923,6
5588,5703712.54111692,184644.881929737,1,23298446,2
5588,5704032.29816276,185298.742706726,1,23967322,1
5588,5703551.71800771,184193.592355131,1,24157602,1
5588,5703888.73818462,184618.583423087,1,24712245,4
5589,5708431.65598985,184399.455892595,1,877777,2
5589,5705526.57704345,185724.112692452,1,901502,2
5589,5709164.24928099,181921.208199825,1,2551618,2
5589,5705493.39978538,185926.634370885,1,2738522,4
5589,5706560.82064681,186595.361910414,1,3657311,2
5589,5706079.15169994,188127.18190133,1,5019197,1
5589,5706161.79344514,187767.759000352,1,6146841,3
5589,5708040.76987672,186068.793865829,1,6377136,2
5589,5704490.21002613,186211.604747477,1,7077916,5
5589,5708746.6476093,190485.817146824,0,7161932,2
5589,5705110.06624269,184441.471850778,1,7625340,3
5589,5707631.89510829,184916.11916316,1,9340798,5
5589,5706595.28270165,184550.135439843,0,9968986,3
5589,5705197.34520494,187134.161619711,0,10270758,1
5589,5703663.1269986,185164.666800566,1,11056071,2
5589,5707099.63002761,186954.622548896,0,11230515,1
5589,5708191.19617286,185450.269104417,1,12173987,2
5589,5708424.06694586,183730.358954394,1,12507961,3
5589,5704452.20769151,184969.205664748,0,12630022,5
5589,5709208.67261271,181858.959574849,1,15076242,1
5589,5705221.49262292,184814.704959503,1,15299247,4
5589,5705631.02488008,186856.324517244,1,15682335,2
5589,5705798.72202185,184595.839688957,0,15964161,3
5589,5704474.2152875,184637.205311685,1,16446996,4
5589,5704255.23879946,184198.6576381,1,17549864,2
5589,5706515.47474303,187316.633995243,1,18079501,1
5589,5708617.37397936,185089.870923241,1,18268473,4
5589,5704221.69320462,186060.656790351,1,18634027,1
5589,5703814.2504484,184272.606040506,1,18745460,1
5589,5704799.27126016,183763.966512973,0,18875641,3
5589,5706051.6195213,183026.623833421,0,19088052,5
5589,5704304.63448663,184008.785522016,1,19255454,2
5589,5706191.2656564,184413.625046466,0,20225758,2
5589,5705978.63768459,185044.454637521,1,21119127,1
5589,5705880.16620952,185905.810493107,1,21221539,1
5589,5705416.15791595,185883.040396907,1,21285434,3
5589,5705088.79542814,186352.719838204,1,23071539,2
5589,5706688.72225338,184016.401797761,1,24436501,6
5589,5709136.92616047,184751.91426486,1,24851417,3
5589,5708927.78167303,181877.69268836,0,26619977,2
5589,5706525.23913624,183347.380669819,0,7200032,3
5589,5706526.55538889,181710.076230768,0,26120588,2
5589,5708989.73687097,182625.583054242,0,26945518,1
5589,5706044.24158354,187324.195209685,1,1673026,6
5589,5705667.10393477,187593.9877999,1,2197384,5
5589,5707198.22675941,185170.214669727,1,5094487,5
5589,5705950.75899321,185617.97381129,1,5372260,3
5589,5705268.68070891,185296.332681057,1,5705661,4
5589,5705638.83637981,185444.525224618,1,5918696,6
5589,5705211.94711672,184511.189015775,1,6466293,4
5589,5706441.10834476,185106.578108157,1,6921610,1
5589,5707272.27583623,185749.861302141,1,6924742,1
5589,5705239.52838357,184702.563351072,1,7312088,4
5589,5705908.68296306,185956.720904643,1,7566960,1
5589,5705849.68016386,187092.745962806,1,8493798,2
5589,5706276.33557572,185078.205372396,1,9532323,2
5589,5705134.27656013,184735.047017129,1,10771532,2
5589,5706298.60960069,185542.636818422,1,11923358,1
5589,5706137.10223573,185050.692869069,1,13515793,3
5589,5706012.53469642,186616.566595187,1,14839365,1
5589,5706467.88026573,185882.074761507,1,17988519,1
5589,5704697.57822035,186490.493664318,1,18216370,2
5589,5705554.18173914,184776.032089969,1,18579764,3
5589,5705986.81175197,185282.776681508,1,18742719,7
5589,5706511.80547677,185012.449310408,1,19509749,7
5589,5706190.25720507,184986.720630331,1,22035992,4
5589,5706095.73625197,188354.861485988,1,26264195,1
5589,5707388.6221866,184136.412563944,1,26270277,4
5590,5704294.31070706,185438.967865825,1,859359,6
5590,5707072.26751625,187099.81213054,1,5898804,3
5590,5704186.98186783,184849.938803905,1,12940830,1
5590,5706272.02111762,187668.395398956,1,13647242,3
5590,5704469.9892907,184457.502435234,0,26534468,1
5590,5704171.91865603,184068.003210196,0,26928715,2
5590,5704647.78538358,186265.991380727,0,27085308,4
5590,5705046.396819,186030.754203045,0,27585934,4
5590,5703509.57728753,184537.661094262,1,2757562,1
5590,5703919.72021644,184353.679888447,1,4716877,1
5590,5706051.02962061,187567.436879932,1,7197498,1
5590,5703894.54528019,184869.489857777,1,13378138,2
5590,5703587.38585837,184187.611248561,1,15646117,4
5590,5703888.2603129,185500.232164938,1,15724504,3
5590,5704183.76767391,185930.783122787,1,19921931,3
5590,5703807.2598964,185144.146543927,1,21263139,2
5590,5706437.27980168,185009.974137229,1,25976722,1
5590,5704578.67929726,185568.366416511,1,27581075,1
5592,5703595.67273805,184671.431556929,1,348270,3
5592,5707147.75477515,187136.059456629,1,3455843,1
5592,5705072.39872441,186128.056121906,1,3576622,2
5592,5705234.60866507,187219.296636343,1,5148344,1
5592,5705066.53385168,187015.331880003,1,5591809,2
5592,5706958.38439103,187164.909611203,1,7579550,3
5592,5704564.11835896,185282.922777737,1,8554638,3
5592,5705496.91976335,187402.723453523,1,10374120,5
5592,5704887.57309632,186073.558046594,1,16848565,1
5592,5705727.92276333,187156.409697303,0,17934367,1
5592,5705444.58733449,187582.278257223,1,23522871,2
5592,5705392.57688828,185409.771286968,1,24611847,1
5592,5705071.36720034,186843.072100091,1,24874877,2
5592,5704562.18127301,186382.494790482,0,3131616,1
5592,5708477.87864638,182281.555297307,0,26923299,1
5592,5709177.33313606,181358.734439166,0,26952164,2
5592,5703960.663308,184955.62809021,1,1799628,2
5592,5704120.14417851,182297.420497254,1,2758437,2
5592,5708999.83869425,180995.728615716,1,4808997,2
5592,5709079.01155574,181553.194671078,1,8339604,2
5592,5706930.79759732,189214.448047633,1,9914811,3
5592,5704456.29526093,183817.58593117,1,12348024,1
5592,5708987.13060587,181648.552406719,1,12807211,4
5592,5708944.30557853,182202.773670406,1,14445271,2
5592,5704135.73787366,184774.299943797,1,14865293,2
5592,5706921.01940559,184147.546783379,1,16553224,3
5592,5704056.98025694,183814.537006464,1,16970281,3
5592,5704505.59995719,185967.533244621,1,20618556,7
5592,5704117.7601615,184972.967802474,1,22125833,6
5592,5708589.81144247,191140.049067804,1,22187716,1
5592,5706836.22076773,188170.19288169,1,22859702,4
5592,5707407.84624711,188952.765903892,1,24204563,4
5592,5708891.79911151,181165.45068685,1,24783392,2
5592,5708442.51229754,185896.584428154,1,26263285,3
5596,5705122.19190282,184400.87199941,1,99353,1
5596,5704843.28856101,185190.95833139,0,340590,2
5596,5706158.17012104,184902.113401649,1,996209,6
5596,5708219.98155804,190919.16217419,1,1588713,1
5596,5709547.92343606,191225.460199985,1,2305195,3
5596,5707873.93208264,185609.124778994,1,3609503,2
5596,5706033.12824177,184326.596296406,1,4473875,4
5596,5705616.77429872,184809.745928129,1,4591905,3
5596,5706186.10239659,187999.468999178,1,6759862,1
5596,5705417.66892939,186095.168087747,1,7049951,5
5596,5705879.75479109,188052.430044737,1,7253967,2
5596,5709006.4511001,182570.034708849,1,7936622,3
5596,5705505.2945336,185869.189548288,1,8004224,1
5596,5707578.12366425,189710.363236687,1,8890935,5
5596,5706033.44912527,186974.22603653,1,9401248,6
5596,5704044.3964762,185203.897251467,1,10031462,4
5596,5705942.91324638,184871.677074133,1,10338414,3
5596,5706129.84270926,188814.226391986,1,10373919,9
5596,5707684.21714433,190992.170147138,1,12599184,2
5596,5706016.56876328,186923.356146507,1,12849547,6
5596,5706326.73878439,187927.782832735,0,12967099,4
5596,5705627.6014062,185907.171431994,1,12978022,1
5596,5704210.64144661,185662.552535473,1,14544282,2
5596,5705608.781383,185848.484186806,1,15135264,3
5596,5705524.70091735,188861.352552344,1,16976471,1
5596,5711881.9474289,193917.152003418,0,17377211,6
5596,5705788.9532458,189376.137814211,1,17787621,2
5596,5708803.58814467,181503.862360981,1,19415510,2
5596,5704703.8246584,186080.32215675,1,19816999,4
5596,5705737.13649558,185733.388812607,1,20145338,3
5596,5708797.59902089,182134.211058559,1,21208850,2
5596,5703921.36187278,185917.464356584,1,21974340,2
5596,5706243.89651066,185080.822147023,1,22338601,6
5596,5704383.77999115,183680.502334602,0,25514333,2
5596,5706768.82858777,184576.012050478,0,1186151,2
5596,5705115.96052494,182962.785019151,0,4018854,1
5596,5705429.68667719,184156.009888917,0,5397663,10
5596,5705982.663554,184253.984422354,0,5829847,2
5596,5709560.86317644,191071.694119301,0,7390326,2
5596,5707549.31051834,189741.156916175,0,9674995,2
5596,5707146.41439037,189233.98666964,0,14436318,1
5596,5706643.99777767,187776.264631889,0,15605094,1
5596,5708612.45821164,190068.418899197,0,16195919,2
5596,5710976.16143735,192223.166567878,0,18087197,3
5596,5707331.05992539,187010.931556975,0,18477263,1
5596,5707193.77138334,186252.099052828,0,18816215,6
5596,5706892.0136422,186761.571858611,0,20448889,1
5596,5707315.36235502,186930.657878078,0,20953011,4
5596,5707325.68433131,186747.173676053,0,23209226,1
5596,5707046.66106691,190299.281062696,0,25623486,4
5596,5705596.44525815,186960.742465951,1,125234,3
5596,5705626.10941485,184658.162213657,1,244528,4
5596,5706351.61160991,184998.850416741,1,308737,4
5596,5706880.39801848,186414.858546441,1,1035929,4
5596,5706278.70831763,185094.426246576,1,1346620,2
5596,5706599.22185638,184776.338111894,1,1412988,5
5596,5706440.37665331,184799.069793646,1,1921911,1
5596,5706131.09469371,188165.772104585,1,2715191,3
5596,5705717.01428187,184490.821488564,1,2801478,3
5596,5706176.68144724,188128.932531443,1,3417013,4
5596,5705813.10420012,186345.670349724,1,3542292,2
5596,5705912.00320958,183096.429156019,1,3683431,1
5596,5705999.34439088,185221.13371919,1,4010203,1
5596,5705915.44445415,186413.583902845,1,4021128,1
5596,5705818.0434704,184540.903042661,1,4933332,2
5596,5706653.4911659,186813.044949131,1,5931562,6
5596,5707413.11746092,186913.950888549,1,5962579,5
5596,5706174.11282319,188074.043249427,1,6770484,1
5596,5705468.00035501,184484.801787964,1,6782424,1
5596,5705688.17163329,186292.587443022,1,6872328,5
5596,5706420.67567815,187973.981862291,1,8154675,3
5596,5706437.93390728,188126.749383731,1,8648935,7
5596,5706806.61842978,185020.089343243,1,9412642,1
5596,5705555.43141742,184492.006450427,1,9875975,4
5596,5705160.59955418,185089.12975933,1,11769139,7
5596,5706165.62172295,188152.334127015,1,11953509,2
5596,5706808.07276016,185260.856063188,1,13058475,2
5596,5706520.41259523,185043.766244602,1,13545686,4
5596,5706119.77764308,185146.246553044,1,14152899,3
5596,5706313.38341499,187564.0646928,1,14573952,6
5596,5705724.21063686,185645.625304323,1,16002611,1
5596,5706642.46454166,183700.390679963,1,16518774,5
5596,5706058.30244741,189387.568873984,1,17771860,1
5596,5706762.58246673,184370.085835372,1,17810446,2
5596,5707300.03968739,185688.488431665,1,17868547,5
5596,5704487.43684046,182707.916619145,1,17918562,4
5596,5705373.85539993,188814.350598577,1,17991809,2
5596,5705380.48709254,187595.721671193,1,18331616,2
5596,5705502.49003108,182155.166715529,1,18683619,2
5596,5708062.34031992,189342.744253351,1,19002260,2
5596,5704171.73994255,183139.599754882,1,19261153,4
5596,5711539.88433886,193050.144631436,1,19531825,6
5596,5704543.61488921,183898.565001878,1,19533076,2
5596,5709001.82539987,182390.472812182,1,19614404,5
5596,5709220.00581638,181426.153676567,1,19735820,3
5596,5708033.33855746,189143.938791692,1,20348943,4
5596,5708869.90050548,181731.802569329,1,20580217,3
5596,5704498.64158047,181812.750103795,1,21413885,5
5596,5704739.88001373,183379.436423676,1,21718596,3
5596,5704202.72999722,181698.506518967,1,22695870,3
5596,5708939.55227493,181719.280289415,1,23535510,4
5596,5703508.1748721,182583.388674941,1,23801973,1
5596,5704019.84493029,184808.513632408,1,24796938,2
5596,5706680.43944981,188774.095157171,1,25375464,4
5596,5710577.02499007,191052.911896117,1,26145412,4
5597,5708819.59390244,191118.843424417,1,742621,2
5597,5708510.26313671,190563.398988868,1,1826499,6
5597,5708421.8552391,189981.937448501,1,2514120,2
5597,5708422.59199431,190880.14112094,1,3870567,2
5597,5707954.65970648,190419.765858589,1,6466704,4
5597,5706175.18089461,187890.923917769,1,6513213,2
5597,5706384.98895961,188333.316646164,1,7435418,1
5597,5707619.84137846,190111.67285187,1,8595401,3
5597,5709215.49838894,190777.79328003,1,12064238,6
5597,5707778.63243181,189689.927755586,1,16049979,2
5597,5710012.54108261,191900.808734262,1,16929486,2
5597,5708320.66226252,190353.658818622,1,18131375,5
5597,5707956.98580321,190122.998141726,1,21602881,3
5597,5706641.37470819,188084.012374565,1,24025813,2
5597,5707854.60023721,189914.748058189,1,24794689,2
5597,5708898.07068132,181835.199408838,0,11910439,1
5597,5709226.09715646,181306.26735769,0,23718999,5
5597,5708409.29708163,182215.131755121,0,27218995,2
5597,5707745.55437348,185677.409045214,1,1801954,5
5597,5707670.39291372,189808.1501097,1,2105946,3
5597,5708252.58193609,189782.690851151,1,2357330,1
5597,5707910.75606913,190296.281239532,1,2772199,3
5597,5708415.73524302,190415.379119693,1,3483777,1
5597,5706640.13286483,187202.345951777,1,4666904,4
5597,5708269.17330731,189968.025124095,1,5581604,4
5597,5708074.18942378,190422.598166,1,5970143,2
5597,5708001.80930333,190366.588132532,1,6012817,2
5597,5706439.01828236,188623.216385669,1,6020325,5
5597,5708575.89422228,190111.65712931,1,6923995,1
5597,5706759.72034259,188324.372047983,1,8361018,1
5597,5707883.1803306,189002.737253169,1,9199774,5
5597,5707209.58526466,188743.853196485,1,9264788,7
5597,5708872.5332183,190662.840004457,1,9370199,3
5597,5707559.46565612,189933.154980449,1,10691238,1
5597,5707182.87183998,188590.171571735,1,11552899,3
5597,5705461.96549439,189210.136218018,1,13394353,7
5597,5703697.53743092,184035.76895527,1,14681001,1
5597,5706818.94231787,188433.711652412,1,15870915,3
5597,5707735.3506908,190137.61430971,1,16289664,1
5597,5709914.65253498,191185.413836339,1,17334330,1
5597,5709403.43390781,191096.237608197,1,17498119,9
5597,5708589.23860744,190502.464050379,1,18929163,2
5597,5705710.91866794,184136.387099529,1,19347284,2
5597,5710795.47619706,192478.255163174,1,22755987,2
5597,5706578.5997084,188283.413322716,1,24598478,2
5597,5706750.09898661,189250.490639574,1,24690251,2
5597,5707839.10658796,188881.227487207,1,25478268,2
5601,5705370.70804492,189021.981623829,1,10174784,1
5601,5705652.71155424,188997.815285463,1,11609824,8
5601,5705697.86722976,188971.214418799,1,15264860,5
5601,5705729.61862777,188985.636553738,1,17835869,3
5601,5705854.83905482,188628.005733171,1,20254519,1
5601,5705887.46748572,188372.312987635,0,26544124,3
5601,5704728.56085359,186550.128040352,0,26050256,2
5601,5704914.94777579,186650.521642066,0,26052140,1
5601,5707392.86624045,190044.477477251,1,126673,2
5601,5706578.25987899,189381.851736033,1,4031561,1
5601,5705879.024858,188614.042727906,1,4672014,1
5601,5706521.04803289,190177.832693514,1,7331668,3
5601,5706152.45902624,189640.146624957,1,15560805,3
5601,5708633.56503072,191277.947117759,1,21257211,2
5604,5708132.91852923,185994.357021491,1,3949202,2
5604,5709127.48084996,182226.27779214,1,5744614,3
5604,5709295.20815552,182988.535682863,0,26941710,6
5604,5708346.21461697,185590.888991492,1,5350102,1
5604,5709154.91106079,183200.647692499,1,6264225,2
5604,5707914.38707136,186206.141960483,1,12107579,3
5604,5709857.99418999,192166.984255589,1,14091459,2
5604,5708707.8270926,182806.12323684,1,15292567,4
5604,5707833.17444639,184671.532852696,1,15875284,5
5606,5707969.53908935,190329.040910991,1,1322515,4
5606,5707909.34095016,190010.153878147,1,2535734,5
5606,5708909.26165653,184394.218928197,1,5087161,1
5606,5708854.65854625,184922.867775246,1,8354004,3
5606,5706030.31558575,187926.820521245,1,9857033,2
5606,5708001.2859358,184970.433034094,1,11326640,3
5606,5709043.40198512,184950.275289014,1,12600719,5
5606,5708086.34914961,184729.660310463,1,17349563,4
5606,5706105.64375907,184662.385141115,1,17502186,2
5606,5708541.16833961,185151.174127728,1,19656181,4
5606,5708089.81334778,184603.454313612,1,20710187,2
5606,5708106.16477381,185438.340970201,1,23789473,3
5606,5707658.79924667,185303.899848137,0,25811950,1
5606,5707297.17256949,186243.775521061,0,27121433,4
5606,5708735.92737523,182453.082802042,1,628148,3
5606,5708147.84512528,185471.186257058,1,1108202,4
5606,5709040.63783009,185140.361901123,1,1709853,3
5606,5707927.0221781,185593.857607066,1,1796957,1
5606,5708437.17059113,185885.765594411,1,1828202,4
5606,5707589.08660082,186567.093413234,1,2800324,4
5606,5708474.28440704,185836.428822027,1,3049214,1
5606,5707890.85829104,185900.927479647,1,3870456,4
5606,5708220.86362887,185547.090876537,1,5523896,5
5606,5707799.88522289,184223.646847378,1,5900417,1
5606,5707869.3214594,184788.814821004,1,8020585,1
5606,5708459.24130324,185695.126527282,1,10366176,2
5606,5707434.60690573,186555.767327489,1,11700649,5
5606,5709122.03806008,184838.495257361,1,11945959,1
5606,5708440.54567634,184171.90439069,1,13036445,1
5606,5708899.86914797,185084.852079961,1,16640226,1
5606,5709102.18168027,183939.021525198,1,21816325,7
5606,5708600.62261921,184624.102649068,1,22865643,1
5606,5708730.15349309,182477.715826385,1,23273342,3
5606,5708446.68222754,184084.545185017,1,26013630,3
5608,5704064.92435642,185398.508586737,1,1557555,1
5608,5708202.36729996,190527.377111902,1,4793708,1
5608,5704057.8120151,185319.942359534,1,6021344,2
5608,5704148.21627197,185413.610642229,1,11014705,4
5608,5704898.05920527,186630.975376815,1,11775634,2
5608,5710597.43616655,192349.414626112,1,12010900,7
5608,5704510.14039299,185549.09386617,1,26046736,2
5608,5706492.17132648,183942.424547937,0,11760716,2
5608,5709126.95908907,181243.782898611,0,26945825,2
5608,5710548.32379209,191042.366089988,1,4526553,2
5608,5703662.2420729,183483.113422166,1,6895396,1
5608,5709205.53326329,181588.299223446,1,9068805,4
5608,5709160.67022275,183110.311391651,1,9138666,2
5608,5704482.60985947,183863.57695653,1,9559015,2
5608,5703868.37973332,183506.679038104,1,9863887,4
5608,5708715.71849158,190555.494861077,1,9966447,3
5608,5710730.66730244,191451.043195457,1,13322899,5
5608,5707412.91403771,189157.616579366,1,15233738,3
5608,5706900.40042927,189245.684102097,1,23834510,1
5608,5707962.45343116,185714.204519239,1,23938225,1
5611,5706267.01331899,184722.378607475,1,1348519,5
5611,5706254.69897128,184644.314238084,1,2156908,6
5611,5705343.02897983,182981.232060595,1,2624143,2
5611,5708219.1940203,185693.855149188,1,3044336,2
5611,5707055.84003855,188179.609998867,0,3252073,1
5611,5706613.34362513,185138.932178597,1,3340658,1
5611,5706122.5940702,184518.49089475,0,3918702,3
5611,5704053.73246438,182997.073415575,1,4226891,3
5611,5706246.15604474,184896.274057398,1,4338332,2
5611,5705861.27017522,184614.15288567,1,4396876,2
5611,5706524.65233228,184377.514492501,1,5468192,3
5611,5706388.56983513,187174.835600661,1,6298090,4
5611,5707899.03300353,185613.210635354,1,6541647,2
5611,5706093.0513594,184386.866104226,1,6751505,3
5611,5706401.2158543,184433.737018326,0,6909628,2
5611,5706223.58584659,186973.591245552,1,7715501,2
5611,5706084.68322744,187242.527542215,1,9199193,2
5611,5705612.15357673,184666.081249628,1,9625870,1
5611,5706746.0491325,185569.082296268,1,10385996,3
5611,5704649.68703204,184844.910251716,1,11077218,1
5611,5705738.37504071,185026.919719432,1,11819496,3
5611,5707264.41767452,183700.325822618,1,12130059,1
5611,5704480.05111304,185216.922811783,1,13652920,2
5611,5705854.55225336,187902.696021301,1,13772127,3
5611,5706548.90743956,185668.192694143,1,14118757,1
5611,5708133.42331156,184896.63676457,1,14674430,1
5611,5706275.77463059,184235.253187729,1,14843950,1
5611,5708353.01132285,186075.711446355,1,17023012,6
5611,5706084.7661623,187957.773146853,0,17448156,5
5611,5706303.8996019,188062.281989333,1,17509441,2
5611,5707166.95139751,190579.096055441,1,19199355,2
5611,5704645.75274797,186132.291182852,1,20426319,1
5611,5708709.39822115,181598.629068684,1,20919963,3
5611,5709116.86654869,184014.741839402,1,21093410,3
5611,5706416.43185523,184555.11937771,1,21133611,3
5611,5705542.28544456,184538.695515624,1,22347068,2
5611,5708602.30433455,181409.68822298,1,22586479,1
5611,5706438.25551558,184198.561013379,1,23944497,1
5611,5705926.07164938,184601.549320192,1,24151046,3
5611,5706031.97615467,183559.152321624,1,24269627,4
5611,5706997.49782377,183973.331788362,0,24544328,4
5611,5706862.85584634,185845.649003496,1,24857290,2
5611,5705907.94200765,188185.645099871,0,25757732,2
5611,5704669.60644702,185767.23086331,0,2926070,2
5611,5704422.32263722,185368.336058492,0,7836753,1
5611,5704754.40308508,184501.533479519,0,17947693,1
5611,5704425.5029159,185249.502752637,0,19202266,1
5611,5704293.31790491,184076.729421634,0,25810186,2
5611,5704494.46138148,186170.092254062,0,26134711,4
5611,5707997.02592609,190297.593543263,0,26153483,5
5611,5705870.3376783,183027.256727153,1,2001015,1
5611,5707431.9646549,190384.709120711,1,3839547,4
5611,5706459.68213684,183893.923886286,1,10759660,1
5611,5705594.71285297,183540.07986265,1,12680111,4
5611,5704637.18117004,183347.378789245,1,13328533,2
5611,5705138.40727792,183716.956743106,1,13462360,6
5611,5706627.52849224,183593.576605934,1,13708057,2
5611,5706214.81341426,184462.182000167,1,14100851,4
5611,5705854.89873696,183063.224848211,1,15754087,1
5611,5706441.3800451,184319.550412221,1,18061545,1
5611,5705672.23323949,182805.545704717,1,18908859,1
5611,5706735.780276,184556.717132816,1,19710586,6
5611,5705746.09616944,182892.847001508,1,20600229,1
5611,5706578.40791729,184398.597862949,1,20842773,6
5611,5706426.84656217,184093.798136886,1,22541081,3
5611,5706124.84636839,183861.686633652,1,22914746,2
5611,5708242.92467858,185340.008326566,1,23636996,3
5611,5706626.88882271,183594.127237066,1,23704806,9
5611,5706129.19267508,184207.149907356,1,25974954,2
5611,5705992.17424474,183909.867281646,1,26241337,3
5652,5704262.80277991,185936.698889046,1,260081,1
5652,5708531.76619383,181905.158922071,1,1950050,3
5652,5709328.33503524,191336.119138552,1,2396983,6
5652,5706395.64381999,189249.817800541,1,8731851,1
5652,5706460.80549596,189565.600043934,1,8972938,4
5652,5711331.6172377,193154.241736529,0,13589416,1
5652,5708353.54866266,190960.526934633,1,15502468,1
5652,5709204.86098064,191073.779407819,1,17112695,1
5652,5707821.57072105,185735.917384034,1,18798545,1
5652,5706694.27157599,190327.133437958,1,19036488,2
5652,5708112.34321993,182211.316696186,1,19267343,3
5652,5706690.73774786,187388.188997263,1,19294235,1
5652,5707246.89414656,190619.189842398,1,19979096,4
5652,5708366.78154018,190182.389362686,1,21258695,2
5652,5709627.8591127,191259.494929474,0,21792686,2
5652,5706029.19036272,187885.423343864,0,22093159,2
5652,5708995.84374966,181746.49282577,1,23206582,3
5652,5708576.09585434,185402.766589951,1,23905316,4
5652,5705347.44139274,187201.559037087,0,2871680,2
5652,5704825.76381953,186572.643561966,0,20800898,2
5652,5704754.20600172,186468.26728082,0,26922869,3
5652,5705355.840762,186446.346443409,0,26967372,1
5652,5709285.18542256,191053.861181303,1,325271,2
5652,5707275.44567595,189729.92726665,1,766045,3
5652,5707548.98189181,188943.438050551,1,1693979,2
5652,5709004.49551941,190452.49629851,1,3368698,4
5652,5707330.24875203,186430.964640682,1,3746276,1
5652,5708779.45136625,190821.290593932,1,5097255,1
5652,5706786.8206937,188203.223508624,1,5804431,3
5652,5706686.1907066,188359.646644367,1,6066875,3
5652,5704777.94302338,186244.745404817,1,6548261,2
5652,5707753.90976188,189480.458525274,1,7371532,5
5652,5707968.04421122,189232.327112111,1,7600209,1
5652,5706563.2954739,187690.366185628,1,7836461,4
5652,5706903.99578924,188116.093559701,1,8768067,1
5652,5709260.76855303,181528.820649874,1,8879180,5
5652,5708906.86905195,181304.702093425,1,11271965,1
5652,5707720.16652658,190212.262776822,1,12879212,4
5652,5710096.72096805,191639.662167752,1,14207475,1
5652,5706529.76103232,187897.960699036,1,14937291,3
5652,5706509.3445826,188775.457145195,1,18362292,1
5652,5708738.04489136,190562.131348613,1,18812837,2
5652,5708851.44774707,190649.056520568,1,19249401,1
5652,5707389.5137819,189808.000925151,1,19380459,2
5652,5708410.99304519,190163.73017305,1,19787156,2
5652,5710685.38322059,192335.514122758,1,20011310,2
5652,5710829.03537851,192492.478271383,1,20577403,3
5652,5708811.42041571,190554.2057569,1,20619283,2
5652,5707865.26502199,189480.616814793,1,20714035,2
5652,5706030.24960801,184268.03675389,1,21865217,6
5652,5708556.62014698,190725.129883492,1,23574534,2
5652,5709753.71901296,191318.251861929,1,24034279,3
5652,5709530.4904103,191051.746653151,1,24276325,2
5654,5706880.80489654,184697.825496198,1,62822,3
5654,5703564.87825913,185060.775431106,1,109487,2
5654,5705723.19816554,187877.778074498,1,301986,2
5654,5710197.94871638,191973.194073171,0,591858,6
5654,5705723.22565458,187489.744540888,1,686520,2
5654,5706349.86964039,188364.606585975,1,865806,1
5654,5703431.6321079,182802.939424026,1,947595,5
5654,5707666.3556802,184092.105877241,1,1457922,4
5654,5708726.55715153,191257.990296667,1,1536472,5
5654,5705891.52972472,187693.733732759,1,1702442,6
5654,5705541.09644476,188731.343902254,1,1897690,2
5654,5706309.15560323,187896.792365662,1,1938411,5
5654,5709909.30078819,192121.296506379,1,2025533,2
5654,5705719.79313193,187606.336504703,0,2222685,2
5654,5705163.27953976,187948.5033028,1,2776237,4
5654,5705934.0030007,187742.036924043,1,2896806,4
5654,5706843.69715462,189007.217400653,1,3214026,1
5654,5703965.79830211,182589.930211068,0,3304559,1
5654,5705468.3576551,188586.742541871,1,3837948,4
5654,5705856.88700265,185846.557401308,1,4478123,3
5654,5704565.05513787,181720.445303517,0,4981900,3
5654,5708349.79629418,190266.282243929,1,4987847,4
5654,5704451.96232179,183977.344495288,1,5488481,1
5654,5706399.92725756,187488.164179908,1,5886085,1
5654,5709103.90665789,185028.514426838,1,6751172,2
5654,5711901.0252215,193940.293573436,1,7089503,3
5654,5708049.34596157,182992.127786228,1,7166375,3
5654,5703917.15729016,185230.171783246,1,7219902,3
5654,5705599.61716621,188253.118674729,1,7967955,3
5654,5706041.6575685,185030.37509788,1,8069827,4
5654,5706724.56222331,185802.360438072,1,8831782,2
5654,5704878.10126737,186642.380426807,1,8939343,1
5654,5705948.18264697,188029.324215073,1,8993494,3
5654,5708538.29581579,185843.715361141,1,9008312,1
5654,5705980.94550406,187061.432768351,1,9415392,2
5654,5705148.20770821,188725.870394869,1,10001392,2
5654,5704463.13720628,184379.462118918,1,10170292,4
5654,5707436.63040725,186725.851318297,1,10442792,2
5654,5706612.53612819,184690.193426104,1,11177677,11
5654,5706841.13553369,189150.384161492,1,12377298,2
5654,5705518.80711103,188760.531452545,1,12425945,5
5654,5706682.36997443,184742.796644338,0,12892891,2
5654,5705869.97821093,188897.06639316,1,13141323,1
5654,5708680.91513016,189627.322581631,1,13598118,3
5654,5708566.20506702,189912.986326515,1,13599348,1
5654,5708815.40114503,183996.067893296,1,13729080,2
5654,5707542.6951424,184822.166401237,1,14252750,2
5654,5704304.89876473,182750.709789409,1,15178816,4
5654,5708138.31128891,190913.790707301,0,15413851,4
5654,5709867.6220621,192147.495231869,1,15926570,1
5654,5705986.06218712,187644.869924448,1,16085766,9
5654,5709307.21050597,191262.285490965,1,16435830,7
5654,5706443.20160037,189967.463963834,1,16447242,8
5654,5708058.51853782,186379.161300039,1,17145320,4
5654,5706549.87789785,187595.524539964,0,17215836,1
5654,5705357.15468112,188533.168221722,1,17250067,1
5654,5709352.64239625,191244.5152291,1,17254053,1
5654,5703639.70425599,183829.374197473,1,17448885,4
5654,5705917.28623799,189493.50782149,1,17452858,3
5654,5706132.15612504,188162.390045417,1,17603981,4
5654,5708495.80283498,185811.382123557,1,18272027,1
5654,5709427.87489213,191345.028083948,1,18339253,3
5654,5706047.02036495,187903.724058984,1,18661985,2
5654,5704511.28736458,184540.775552697,1,18714666,2
5654,5705828.86928416,189278.332982572,1,19005727,3
5654,5707307.82094474,186477.920675301,1,20039545,2
5654,5705115.0157329,188575.17260685,1,20190284,6
5654,5708879.63223402,181868.998101092,1,20672259,2
5654,5704285.0359934,186051.748911148,1,20841247,3
5654,5703699.54813702,184828.062573736,0,21923864,2
5654,5705363.07628579,189033.269127895,1,22055760,1
5654,5709286.09746698,191205.454658512,0,22697926,4
5654,5708840.57752402,182221.87674512,1,22780689,1
5654,5706070.63489272,187552.784631971,1,22825648,2
5654,5706180.00283166,187889.985671016,1,23226124,7
5654,5705444.57986819,187966.96534817,1,23328801,3
5654,5706356.03589986,189683.706729954,1,23356934,5
5654,5706195.26397718,188504.453709168,1,23617881,2
5654,5706808.75704412,189439.932088469,1,23775775,3
5654,5708353.33121835,190977.846814773,1,24082204,2
5654,5709209.96534667,190823.375307693,1,24095190,1
5654,5704845.0846033,186640.683342888,0,483786,2
5654,5704206.92449063,184232.030070358,0,610260,3
5654,5705255.56424486,186294.814575344,0,2590528,1
5654,5704372.992302,184221.607234345,0,3394773,1
5654,5704341.90881183,184107.108556163,0,3565043,7
5654,5705276.28053886,185750.430488848,0,4004520,3
5654,5704408.58115909,184049.155022179,0,4577893,3
5654,5704651.52572022,185223.77113013,0,5539425,4
5654,5704728.18219704,184812.168923437,0,6263823,2
5654,5704805.50809884,185096.810564606,0,7220255,2
5654,5704729.08578036,185271.655747396,0,9371610,1
5654,5705807.767018,185638.86922592,0,9965281,2
5654,5704301.95913819,184064.023972396,0,10692902,3
5654,5704186.01552418,183809.710584415,0,14997768,2
5654,5704536.55616886,184699.534898669,0,16401619,1
5654,5704361.32377725,185050.358001498,0,17809182,1
5654,5704079.07210185,183753.910060829,0,20869387,2
5654,5704506.60026143,185980.181013301,0,27127484,1
5654,5708938.59541653,181728.631820383,1,65725,2
5654,5707957.51067613,189158.242964138,1,696807,2
5654,5707381.45644122,186924.773752304,1,727974,2
5654,5708075.71463223,184819.480741883,1,735961,3
5654,5707715.83927226,189163.757567111,1,862753,3
5654,5704761.24219401,182718.089632,1,1017428,2
5654,5707188.84928362,184309.847232704,1,1100317,4
5654,5703950.26688424,184445.64484855,1,1103036,2
5654,5706276.29635683,183673.721766494,1,1321265,3
5654,5706868.60502298,183386.76954153,1,1377111,6
5654,5708863.67510896,181549.61790562,1,1389920,3
5654,5708295.05034496,185637.130155255,1,1592024,2
5654,5705813.86941076,189288.452469247,1,1645315,2
5654,5704324.2754368,185334.347726718,1,1763887,2
5654,5703967.47339911,182655.756317459,1,1968426,2
5654,5707719.22234106,190878.662741907,1,2154321,2
5654,5710725.04836841,191336.798684517,1,2171170,1
5654,5708184.6808429,189464.621044275,1,2203931,2
5654,5708570.37604468,184602.288408827,1,2235770,2
5654,5704125.95828371,183902.695456514,1,2527321,2
5654,5704774.32352563,184363.543609841,1,3318659,3
5654,5704131.84768201,183267.710963734,1,3657773,2
5654,5707453.79698346,186969.894113645,1,3816232,1
5654,5705906.23963607,183687.850725894,1,3998951,5
5654,5704530.10885651,185588.650423271,1,4221414,3
5654,5704069.13043464,185162.011399842,1,4291058,1
5654,5703875.89724351,184033.0221103,1,4486493,1
5654,5703532.99685308,182860.749973897,1,4583877,1
5654,5704692.78490178,182938.387340878,1,4984360,2
5654,5703946.63629776,182055.359850215,1,5020637,1
5654,5708418.12630531,182072.650297923,1,5164671,1
5654,5704037.68087992,185731.164745685,1,5296030,3
5654,5704613.67560271,183823.692287953,1,5717578,2
5654,5706970.2168212,183678.510255996,1,5748111,1
5654,5704024.95661094,182820.445549968,1,5853094,3
5654,5711971.67043128,192587.237159794,1,5944655,3
5654,5704464.77010316,181838.829188592,1,6421940,1
5654,5708174.28102996,190544.412631535,1,6552989,2
5654,5709155.91883648,181474.486815645,1,6597227,7
5654,5704201.78433455,184419.886865159,1,6986494,1
5654,5704657.51033151,186218.65003847,1,7157575,2
5654,5708371.79148287,184446.364809724,1,7212657,2
5654,5706584.095955,183871.458808992,1,7382842,5
5654,5708015.93586499,189531.904752284,1,7451369,2
5654,5707469.58397693,186321.571561947,1,7482774,5
5654,5704169.09478585,184880.815964469,1,7665559,6
5654,5704189.71841687,184424.851831987,1,7786411,2
5654,5704459.55426065,181836.281373464,1,7974266,5
5654,5704612.84323994,182853.895065711,1,7975756,3
5654,5706260.90880211,182961.906777076,1,7993995,1
5654,5708072.00017672,190470.355784074,1,8204793,3
5654,5704778.46729354,186384.888055926,1,8685321,1
5654,5708426.64085948,181954.730693071,1,8836058,3
5654,5704888.73372728,184509.005778494,1,8869516,3
5654,5710115.59902505,191877.618152146,1,8931556,4
5654,5708474.98646983,191072.124397941,1,9132418,1
5654,5705804.8154354,182473.877108773,1,9283664,3
5654,5708669.50999012,191195.041344426,1,9324103,5
5654,5708145.32118153,189430.878582578,1,9428711,4
5654,5706489.03599057,183950.316858166,1,9458121,4
5654,5706518.44623744,183133.933300903,1,9476762,2
5654,5703919.72408015,182776.845621584,1,9491727,1
5654,5704127.46129515,181806.737373882,1,9718985,5
5654,5707302.0115307,190709.710274244,1,10056549,3
5654,5707116.22417482,190444.374551975,1,10175508,2
5654,5709210.271959,184937.798970016,1,10259675,4
5654,5705331.90711958,185920.722930544,1,10506874,1
5654,5710499.27271763,193388.705405676,1,10642941,4
5654,5703892.92753107,182971.170247401,1,10795675,1
5654,5704252.10301274,182899.184738805,1,10924327,3
5654,5708076.09808487,189297.149984656,1,11029634,5
5654,5706396.6211475,184350.728438502,1,11172463,6
5654,5706008.94279918,182486.152735115,1,11899375,6
5654,5707393.42454723,184295.639188923,1,12229451,3
5654,5709014.3077344,184358.824220112,1,12285321,3
5654,5711370.14630571,193100.257195916,1,12473627,1
5654,5706696.92329273,183206.508121981,1,12526234,6
5654,5704427.04316349,182730.787722332,1,12697384,3
5654,5709309.23699177,191499.434908348,1,12715692,2
5654,5707813.61435361,181487.924879951,1,13201495,3
5654,5706803.01643379,187264.403136429,1,13396092,1
5654,5707142.99577243,182077.31466673,1,13822167,2
5654,5710447.67463033,191124.362404603,1,14006644,1
5654,5709062.90824569,182421.602168453,1,14249522,2
5654,5706995.0257365,190109.041861555,1,14261699,2
5654,5704921.50184709,182553.853073594,1,14514072,2
5654,5706526.84593897,189386.610832087,1,14756467,3
5654,5703931.91150717,182091.182326807,1,15292115,2
5654,5706339.23048901,183020.88569589,1,15364255,4
5654,5708320.89082226,185742.402746236,1,15656674,4
5654,5704247.08781274,184914.962321352,1,15697659,2
5654,5707413.40002774,184176.337802588,1,15714739,1
5654,5707942.72868371,189143.44516338,1,15749881,1
5654,5708935.59368509,182200.603028433,1,15992063,3
5654,5708341.71642192,189713.971184871,1,16344432,2
5654,5709171.46815868,181411.058272092,1,16418919,1
5654,5706359.47419394,183106.253258678,1,16557402,2
5654,5705313.12393529,186659.245423125,1,16819273,2
5654,5703673.3957952,183473.434334707,1,16838388,2
5654,5704715.24478673,186478.548211171,1,16916039,4
5654,5709045.99744194,184060.037373138,1,17084645,8
5654,5708307.01928716,190974.878976461,1,17101209,2
5654,5704721.48250808,185038.300347256,1,17109425,2
5654,5710770.82392795,191044.598588469,1,17233668,1
5654,5708739.68332065,185387.176214615,1,17280393,1
5654,5703883.29583813,182347.211084172,1,17377262,2
5654,5704992.11432869,186656.006847579,1,17382117,2
5654,5704655.26350051,185014.903991979,1,17781020,3
5654,5704010.04921789,182868.180864832,1,17914534,5
5654,5705489.37543212,186955.671806822,1,18102504,2
5654,5708512.97506931,190534.376620764,1,18419715,4
5654,5708956.53070949,181834.125560029,1,19073554,2
5654,5707520.87320406,190624.377410196,1,19456619,2
5654,5704145.76100006,184746.575303309,1,19596958,1
5654,5705346.58199667,186819.464634645,1,19604070,3
5654,5706471.15149079,183112.496968851,1,19647202,1
5654,5708448.27213157,190998.994134312,1,20126781,2
5654,5706390.41840902,183104.067732561,1,20221808,6
5654,5703992.71716805,182297.84867626,1,20262215,1
5654,5705222.7362532,183821.186129963,1,20825520,3
5654,5705552.14309419,184143.876788692,1,21024517,6
5654,5707838.89736943,190937.686798355,1,21042228,5
5654,5706266.0247594,189191.501864559,1,21058360,4
5654,5704068.77917859,184863.430296354,1,21069887,2
5654,5706388.31028988,183581.369827939,1,21249967,2
5654,5709606.63850596,191043.528274935,1,21302438,4
5654,5707753.94160965,185403.712014558,1,21334063,3
5654,5706997.5387591,183647.187486475,1,21385751,2
5654,5706804.5761024,184146.269657126,1,21501136,6
5654,5708059.7076055,189469.036373333,1,21539912,1
5654,5705021.76960773,186010.208409429,1,21709184,2
5654,5703558.24486586,184737.858538981,1,21761113,2
5654,5705220.89355551,186073.918745207,1,21856348,5
5654,5707868.72204444,185970.104450871,1,21916864,5
5654,5708745.080112,182492.848296183,1,22114226,3
5654,5704982.0042656,186547.9652578,1,22429387,4
5654,5703805.02787035,183948.158001212,1,22680889,5
5654,5704753.34755665,184979.137791103,1,22732724,2
5654,5707860.49901683,186045.50131393,1,23046423,1
5654,5704122.50362827,183628.711269548,1,23095609,1
5654,5711243.90248372,193941.16402059,1,23558127,4
5654,5707435.39606844,189332.17307573,1,23841066,4
5654,5707821.76184869,189333.788638782,1,23979995,1
5654,5704976.46585644,184982.456037604,1,23983117,5
5654,5705935.8655869,182875.296821689,1,24042769,5
5654,5706600.93031472,183270.457425808,1,24176221,3
5654,5708841.5085051,182114.833189908,1,24284792,4
5654,5705068.52771942,186556.024386842,1,24293872,2
5654,5710489.84999093,191129.304379828,1,24377536,7
5654,5704549.36988509,186218.017691154,1,24687171,2
5654,5704720.57657776,184586.683384466,1,24814461,1
5654,5709173.4696316,181195.672952037,1,24836825,2
5654,5708555.38017993,181955.435735043,1,24919448,4
5654,5708106.83761396,181437.128062162,1,24941406,1
5654,5706559.17975335,188496.182399074,1,24961491,8
5654,5704832.5091893,186040.935434319,1,25595575,1
5654,5705165.47338678,187837.15224187,1,26259711,1
5659,5709039.9623581,190974.529206608,0,1660781,1
5659,5707439.20801987,189288.567261141,1,2561530,3
5659,5708922.36585273,191496.117136457,1,3270737,2
5659,5705315.63506762,184347.989363042,0,3302144,3
5659,5707188.36700881,185950.592264436,1,3936426,5
5659,5704425.86624594,184291.965843663,0,4438622,2
5659,5705937.42625868,187665.999771579,1,5469545,3
5659,5703596.73149718,184053.356020523,1,5787948,2
5659,5704134.96263566,183136.953744335,1,5796370,3
5659,5704867.27549669,186276.928357323,1,6070559,2
5659,5705914.29612843,187603.105872438,0,6164258,1
5659,5706816.23058887,188714.216214722,1,6426668,2
5659,5707048.80805618,189377.805082384,1,6445223,2
5659,5704451.37316267,183402.463000993,0,6910999,6
5659,5706630.79461871,183558.153495353,0,7348133,3
5659,5705958.31668515,188207.054992115,0,7796947,1
5659,5706894.1219313,184582.811771015,0,7917890,3
5659,5705958.78063431,187948.943495059,1,8169463,1
5659,5707678.12009659,185712.630483578,1,8275871,2
5659,5705611.32069633,185678.437250029,1,8315000,1
5659,5708980.90292099,190595.509375536,0,8513327,4
5659,5708814.80140641,182372.928823429,1,8783557,3
5659,5706239.7389226,189186.527056449,1,9719110,3
5659,5706146.97410115,187083.319400484,1,9743318,2
5659,5709753.93214716,190953.784249636,0,10378101,2
5659,5710128.53946044,191670.830942802,1,10749532,1
5659,5705768.73092615,187252.531156642,0,11143172,1
5659,5706585.16187746,186059.757628922,1,11247954,2
5659,5708510.20085874,182294.093873637,1,12409825,1
5659,5709998.33068019,192146.829294794,1,13158562,2
5659,5704539.70128764,186647.142858557,1,13321655,2
5659,5706988.19351844,190569.171279258,1,13444892,1
5659,5706143.80561608,187773.185430873,1,13797436,1
5659,5707591.53111149,185547.09850044,1,15700945,2
5659,5706085.72275503,187380.86784214,1,16049939,4
5659,5706333.79513627,187687.059716413,1,18109868,2
5659,5707439.17853781,187137.909349093,0,18263297,5
5659,5706557.01687994,184142.850893634,1,18367560,4
5659,5709152.84542831,181768.839242707,1,18943145,4
5659,5705693.4725529,187305.736386937,1,19494475,3
5659,5705469.0554749,188913.655255136,1,19522304,2
5659,5704531.5463688,184543.707457784,0,19554512,4
5659,5705838.72095617,184807.91113781,1,20239449,2
5659,5705805.55174576,185758.712862247,1,20497955,2
5659,5706310.37733712,185133.053244627,0,20573096,3
5659,5704254.52016072,182602.217519857,0,21280524,5
5659,5708349.08765781,182628.977600182,0,21443553,4
5659,5705461.07553774,187292.030467382,1,21843992,3
5659,5706066.13868949,187740.464018117,1,22363765,4
5659,5710020.62358253,191239.773912226,0,22536021,4
5659,5710152.85805555,191652.907964873,0,23117800,6
5659,5705826.17283186,187591.751603024,0,23706580,2
5659,5711909.0371295,193865.613685153,0,23724486,7
5659,5710056.11632947,192099.112370785,1,24050757,1
5659,5703914.70542628,185155.506821801,0,75060,3
5659,5703888.36337913,185121.507254233,0,1939339,3
5659,5703600.44130718,183934.561343516,0,2524431,2
5659,5703538.1225701,184414.617956548,0,4245601,5
5659,5704261.86065387,185965.82587406,0,11207145,3
5659,5704127.22159704,184984.442810877,0,11549586,2
5659,5704086.00075758,181585.009403233,0,16790665,2
5659,5704591.63584203,182943.798951152,0,16801093,1
5659,5705393.29144108,182727.318559837,0,17346243,3
5659,5704586.22125045,181837.933995683,0,23862249,1
5659,5709324.23678015,191002.657493506,0,24618887,1
5659,5708966.89442897,182255.168269878,0,24880827,4
5659,5703657.74809609,183451.318499989,1,926008,1
5659,5706165.35571025,184200.814479112,1,4387252,1
5659,5708905.45790722,181841.945059017,1,12698010,4
5659,5704126.82038652,184495.640627299,1,14718765,2
5659,5705418.5816686,184165.370779885,1,15698914,2
5659,5708458.58951133,185682.008285846,1,16620624,2
5659,5710614.56643395,192248.896132207,1,21307950,1
5659,5706792.97877295,187080.010834379,1,22933256,1
5659,5708872.52234534,181291.264809605,1,23772240,11
5659,5710828.5117321,193618.608012727,1,23960246,1
5661,5704201.51711087,185664.797654661,1,341906,3
5661,5706381.89946565,183055.526521788,0,360716,2
5661,5704349.33904493,183343.103745499,1,455277,1
5661,5705640.64234877,189084.254759545,1,547976,2
5661,5708769.40770851,184702.127662549,1,728362,4
5661,5707097.35946452,185897.096406259,0,1253641,2
5661,5705443.60734688,185525.941127758,1,1291329,1
5661,5706459.53328239,187087.099351652,1,1430991,3
5661,5709559.21518692,191560.245938378,1,2017877,2
5661,5706004.07337776,187695.535492721,1,2249264,2
5661,5708690.33709167,182546.346900849,1,2396250,2
5661,5708412.62680556,182319.999186573,0,3275293,2
5661,5705914.48557416,187905.64555212,1,3894978,4
5661,5708181.81516381,182540.95992034,1,4777233,3
5661,5708438.05730799,182294.895009288,1,5515769,4
5661,5706931.01789697,188854.875016491,1,6062233,1
5661,5703821.55159632,185143.755013474,1,6276606,1
5661,5705975.58001171,187608.7257747,1,6515761,2
5661,5706045.72720547,187979.813179526,1,6536320,6
5661,5709002.20997153,181990.230933881,1,6701533,5
5661,5704111.33638067,183880.482776707,1,6984982,2
5661,5709030.33945694,181124.268626659,1,7237493,2
5661,5704018.26936874,182490.03175171,1,9792060,2
5661,5706102.78160799,187922.74734737,1,10531356,1
5661,5708690.3574848,182653.978477144,0,10777642,1
5661,5708347.6096973,184612.808438524,1,10852471,1
5661,5707213.91950143,187003.285158031,1,11345025,2
5661,5709000.71179282,191325.695428196,1,12263272,5
5661,5708012.59997013,184530.602598964,1,13100934,1
5661,5706152.25843643,187848.553293441,1,13273200,1
5661,5708314.11714219,185059.154042243,1,13458724,5
5661,5704167.35964986,184233.486194793,1,13853690,3
5661,5707879.44404128,185100.663705359,0,14072168,2
5661,5708596.25577436,190743.71233894,1,14280211,1
5661,5707841.06783245,184579.513419719,1,14697732,2
5661,5707585.81366571,185028.412164801,1,14793920,3
5661,5705925.13337611,187798.259676409,1,15689039,1
5661,5706351.89070048,186008.523595117,0,15770303,2
5661,5708581.54594174,182824.614448736,0,16307058,2
5661,5708704.73702105,181419.437750838,1,16308671,1
5661,5706031.50127542,187578.558147014,1,16313645,4
5661,5708305.36660231,185175.84707145,1,16611440,1
5661,5706302.62263975,185097.846253473,1,17388601,2
5661,5708928.42436274,181722.585467801,0,18737249,3
5661,5705749.59974321,187947.020946237,1,18946373,1
5661,5704336.61336721,183837.492482273,1,18984785,8
5661,5708917.61621077,182837.855857382,1,20113964,1
5661,5705714.84972608,187832.24269613,1,20161031,5
5661,5708250.62964809,185818.317628763,1,20162006,2
5661,5705239.09660122,184460.431167602,0,20419813,4
5661,5704205.43692808,183767.692384762,1,20601482,1
5661,5706585.39038232,185225.39644249,1,21247136,7
5661,5707263.01925438,188670.722541651,1,21296640,5
5661,5706271.1945725,189213.013186002,1,21555133,1
5661,5705010.4623305,186616.424407945,1,21810237,3
5661,5709050.16359243,182366.735724043,1,21906629,1
5661,5708980.29105636,181538.9762609,1,23114405,1
5661,5705773.20095296,189009.599798747,1,23145640,1
5661,5706085.54584456,187863.800008332,1,23266873,1
5661,5703838.35645375,185550.488532414,0,23292994,3
5661,5708609.47113108,184711.349030235,1,23415771,2
5661,5708381.81770159,185511.87783773,1,23790197,2
5661,5708047.27681826,190517.263941058,1,24782134,2
5661,5709115.06633742,181642.8650476,0,159746,1
5661,5708853.71131288,181785.878422731,0,3016478,5
5661,5709104.97183649,181742.991697722,0,8447992,1
5661,5709158.53706748,181317.925511831,0,11204053,1
5661,5709062.39450401,181256.521243933,0,15577313,4
5661,5709002.33590582,181664.966719356,0,17422046,2
5661,5708905.38973808,181942.713118622,1,383862,1
5661,5709137.17397122,181371.769951651,1,1466849,2
5661,5708974.05581881,181643.282879926,1,3546757,2
5661,5709042.29522744,181215.560584398,1,3821065,7
5661,5709114.30904106,182452.025104332,1,5112091,4
5661,5706872.50501193,189947.85273641,1,5531135,1
5661,5708977.21681522,181628.828354918,1,5717434,2
5661,5709052.36483697,181417.813944829,1,6636057,3
5661,5709180.54958922,182029.100069901,1,6936725,6
5661,5708885.56480072,181337.412266087,1,7839271,2
5661,5709165.24874754,181896.618634164,1,10378188,4
5661,5709049.15644493,181394.977711114,1,10526250,3
5661,5708983.7223293,182471.368193039,1,10771735,2
5661,5709075.41402061,182394.277371518,1,10932505,2
5661,5708937.75526746,181279.804273178,1,14281028,2
5661,5708912.05076926,181158.402016209,1,15519367,4
5661,5710139.93550653,191538.172759379,1,15796232,4
5661,5709153.66601244,181929.859217864,1,18254258,4
5661,5708980.2062801,182158.797578191,1,18831892,2
5661,5708898.90564502,181193.505649205,1,20744005,3
5661,5709085.06934349,182271.4805885,1,21961898,2
5664,5706634.75966338,187408.875487321,1,493005,6
5664,5708085.63228202,190781.325002201,1,3415843,3
5664,5709447.42824284,191741.568282838,0,4516173,3
5664,5709555.34338236,191639.263769422,1,5529432,2
5664,5708812.99758643,190359.187275121,1,6195120,5
5664,5706078.72604527,186196.328469852,0,8061581,2
5664,5708711.68158692,191160.61905753,1,9313586,2
5664,5711220.6565418,193166.028780668,1,11474456,2
5664,5708412.88107644,191015.072581314,1,11939959,3
5664,5707320.15819198,190800.864845088,1,13786300,5
5664,5708106.07218108,190138.373527597,1,15749486,3
5664,5710710.11624942,191191.394991322,1,15993752,4
5664,5706266.95670233,186586.961985952,0,17038704,4
5664,5708985.61306542,191404.31901642,1,17723699,6
5664,5707993.32490938,190945.363783329,1,19118439,1
5664,5709146.16758194,191000.735214108,1,19944811,2
5664,5710034.63578067,192145.346697938,1,20287202,4
5664,5707458.46555214,184427.930505024,1,20480766,3
5664,5708621.13693347,190997.048218329,1,23882398,2
5664,5707222.10235272,188738.543534776,1,24863524,2
5664,5706894.46451434,186067.911221931,0,5340487,1
5664,5708174.93672656,189934.36563101,1,3182110,1
5664,5708254.98771149,190972.83739365,1,3936563,1
5664,5708854.56082273,190289.969183647,1,6403372,7
5664,5707668.37307426,188972.47400742,1,9960521,4
5664,5707458.86841707,189669.701517126,1,10341490,1
5664,5708291.04650993,190427.59235156,1,11621068,3
5664,5708257.61160914,189985.026745393,1,11665525,2
5664,5707824.15598483,190139.618398761,1,12753919,1
5664,5708002.55900706,189753.261596681,1,13181227,3
5664,5706603.73681974,188074.385726839,1,13561421,3
5664,5707269.66827114,188534.048020626,1,14206244,1
5664,5708720.00508532,190224.865660647,1,15127701,2
5664,5707411.14867169,189009.224762514,1,15290557,3
5664,5706618.56219049,187959.422348517,1,15986019,1
5664,5706540.38945495,188560.958987587,1,16926160,2
5664,5710118.85375606,191627.249141118,1,17570569,2
5664,5708695.11899646,190433.139263841,1,17994194,3
5664,5708325.88706552,190392.311258032,1,18357196,1
5664,5709627.96968691,191180.233376494,1,18596669,1
5664,5707778.56179519,190327.517948098,1,19347880,2
5664,5708316.47119403,190356.640574233,1,19955481,4
5664,5710746.84486657,192372.19988002,1,20246471,1
5664,5708727.91956608,190674.844768106,1,22340075,5
5664,5706791.30790748,188938.792823075,1,23262048,4
5668,5704198.5635275,183814.294039444,1,10832677,2
5668,5707988.8460067,190280.655427521,1,11949210,8
5668,5705239.47021512,188802.366839747,1,11987592,5
5668,5705253.87636204,188784.218715306,1,15136877,4
5668,5703500.08374068,182770.683208268,1,20013732,2
5668,5703940.62371839,183448.071472787,1,21549665,4
5668,5703363.51657652,182852.216517364,0,27197087,3
5668,5704052.82822691,182816.159891409,0,27417426,3
5668,5703518.25382193,182570.43514321,1,269143,3
5668,5704413.07938183,182954.007379106,1,519721,2
5668,5703868.64380476,181902.421101983,1,2785320,3
5668,5704074.97724364,183592.117856293,1,3323078,1
5668,5703854.28809933,183531.17157885,1,3829605,4
5668,5704506.91637288,183837.932405206,1,8693415,2
5668,5706837.67701128,184309.998490723,1,12117303,5
5668,5704017.96603389,183675.671559573,1,13852836,3
5668,5708163.14243529,189537.550940718,1,16422339,3
5668,5708910.56337257,182226.662125718,1,18126391,1
5668,5704289.2899091,183758.067045946,1,22088665,5
5668,5703667.27225025,182434.723503615,1,24364804,1
5669,5705619.56725576,186546.816282825,1,4842237,1
5669,5708918.43732825,191301.98804876,0,7847473,2
5669,5708790.31042216,181628.835830228,1,8354872,2
5669,5705219.82661724,185417.158983406,1,11516446,1
5669,5705745.81277828,187970.070844972,1,11863152,1
5669,5707282.70670353,189389.856291402,1,14091713,3
5669,5705737.55208063,189079.558729522,1,14155577,1
5669,5707356.00194261,188508.386206756,0,16872247,1
5669,5707140.42353779,189778.78266886,1,18239249,3
5669,5709263.45963511,181501.297311727,0,2038715,2
5669,5709007.54888336,182231.87580644,0,9653739,2
5669,5708968.87415352,182050.78743331,0,10793737,2
5669,5708531.42556337,181987.548910344,0,13620384,5
5669,5709002.78783061,182183.417556839,0,17520751,1
5669,5709858.18748819,191335.934893688,1,919908,7
5669,5706833.5505537,188077.611186263,1,1794230,1
5669,5709082.7934413,190648.236341967,1,3793385,1
5669,5707010.76037565,188927.143351736,1,3946406,1
5669,5708905.16511996,190799.151323137,1,4001368,7
5669,5707430.24427251,188987.561522659,1,4572676,2
5669,5708713.3855561,191300.298397404,1,6422469,4
5669,5710845.45336461,192489.63974894,1,7114316,3
5669,5704529.99004209,184390.557523648,1,7310440,1
5669,5708054.45146083,190186.76292895,1,10519416,3
5669,5710580.00653648,192277.414716134,1,11696204,3
5669,5709048.47744006,190585.164287236,1,11714575,2
5669,5708299.36898803,190414.296493998,1,12141504,2
5669,5708741.90413335,190225.57205971,1,12236058,4
5669,5708270.02063788,189922.081900305,1,13160256,7
5669,5704126.41053745,186043.435404059,1,13308510,4
5669,5706988.49252098,189392.686619141,1,17446970,3
5669,5708110.82696764,190423.571605636,1,18703451,1
5669,5707218.50140864,188377.498653591,1,19660650,3
5669,5707043.71953201,189110.597205991,1,20679881,1
5669,5708298.00394675,190365.948541921,1,21894106,3
5669,5708777.38304044,190273.967342623,1,22124652,9
5669,5709984.78217356,191270.827834907,1,22620326,2
5669,5709079.16267159,190891.74816895,1,23093429,2
5669,5709608.48602566,191027.629640169,1,23308701,4
5669,5703623.76436979,184699.760328347,1,24659575,1
5669,5707728.25196323,189893.385822067,1,24831166,1
5669,5705306.60207489,186119.250152388,1,25810617,1
5670,5708771.75201107,191014.319740188,1,747543,2
5670,5705859.70126225,187780.117322837,1,1215634,1
5670,5707435.28902576,185309.582536194,1,2382770,4
5670,5705956.85534225,187788.375300427,1,3985551,2
5670,5708483.10248053,185378.984667141,1,4799402,1
5670,5705940.33298002,187830.54368964,1,5096614,6
5670,5708963.72562595,191343.374612173,1,7428322,2
5670,5704791.950783,186427.728261527,1,9432752,4
5670,5705989.01158365,187225.105552315,0,14656297,2
5670,5706051.43957937,184926.7920769,0,15056797,4
5670,5704085.79131021,185491.29632628,1,15236923,2
5670,5707375.79014208,190318.553633991,1,17539745,1
5670,5704242.54624041,183444.311140563,1,23783869,3
5670,5708499.09334561,191278.465314564,0,2059408,2
5670,5706638.02512916,189423.940744676,0,4024605,3
5670,5709100.69982146,184926.500364394,0,4225334,4
5670,5708526.82060778,183407.680365204,0,8733955,2
5670,5707759.13284914,185481.882408768,0,14689610,3
5670,5708794.83191491,183630.483232827,0,14964681,2
5670,5708738.76899021,184644.73822616,0,20645638,2
5670,5703884.86368106,182752.976994634,1,1176439,5
5670,5708164.94339104,191078.882273398,1,3611665,4
5670,5704728.09744453,186543.370700028,1,3905064,6
5670,5711526.78729428,193075.770570931,1,4399236,5
5670,5707074.01477501,190584.883143013,1,5127866,3
5670,5706739.78505492,189047.59895147,1,5177870,1
5670,5705881.95543071,184292.946851237,1,5294137,2
5670,5707809.88513222,185835.485361204,1,5390367,1
5670,5706573.54592682,182938.218115867,1,6158998,3
5670,5707471.05126274,183909.665944521,1,6425151,3
5670,5705810.57583626,183681.741797296,1,7902960,2
5670,5708984.70748095,182080.157423582,1,8034337,3
5670,5705308.34679519,188632.811614715,1,8314516,3
5670,5705332.21648336,187218.614369862,1,8595634,2
5670,5704857.22841768,186624.699098039,1,9197740,4
5670,5708297.18932478,189655.47029189,1,11916890,4
5670,5710936.86829274,192569.149262307,1,11940987,2
5670,5705436.64228844,184003.597874047,1,12986678,2
5670,5704664.64781996,186410.117025858,1,12999487,2
5670,5704861.6826034,186528.448528142,1,14095632,1
5670,5709082.80960705,191342.019149325,1,15214158,3
5670,5706474.13808298,183365.557814101,1,15340333,3
5670,5705427.31210535,186883.901010129,1,15425789,2
5670,5707151.88549841,190654.931693137,1,16001534,2
5670,5704976.24595777,186448.523503489,1,16384629,2
5670,5704718.87422267,186499.969084722,1,16605090,3
5670,5707368.11953905,184573.388898329,1,16766885,2
5670,5704036.08447827,182709.075367678,1,16956271,1
5670,5703587.3532906,184431.912952212,1,17351136,6
5670,5707753.25977073,190327.247331335,1,18402984,4
5670,5708147.89944996,185719.430826584,1,18475710,5
5670,5703826.90301635,184978.744508822,1,18485342,2
5670,5706705.8502637,183673.740248206,1,18633747,1
5670,5706713.54389751,182122.656661049,1,18749682,1
5670,5707806.52977131,190073.182078645,1,19892027,2
5670,5704806.37259891,185989.879775836,1,20141683,2
5670,5707950.02865267,189183.063337222,1,20729386,1
5670,5706076.6035283,183696.667845063,1,22034171,1
5670,5703415.20477401,183973.256707113,1,22285075,1
5670,5704627.65654491,186428.051117574,1,22546410,2
5670,5709416.28368223,191015.196685106,1,23952015,2
5670,5705769.02899809,189000.957255377,1,24567185,3
5670,5707579.63616396,189649.234678542,1,24953687,3
5675,5705887.69796572,187874.704847312,1,131967,4
5675,5704382.51996271,185984.256932157,1,6545745,1
5675,5704191.25491722,184410.60262322,1,7898428,2
5675,5704018.3974481,184630.052772625,1,8876710,3
5675,5703569.80010883,185035.725305874,1,17656526,4
5675,5705949.36788897,187853.360593318,1,23601693,4
5675,5705884.41485962,183547.766175379,0,27086157,2
5675,5706509.51462786,183769.050120813,0,27196454,2
5675,5706045.6558468,184151.387239878,0,27251785,5
5675,5704686.14219309,186153.907301073,1,731239,2
5675,5707900.68677034,189237.599160484,1,4393265,1
5675,5704134.94739266,183827.133978888,1,9311974,1
5675,5704508.9365838,186186.38075995,1,9950056,1
5675,5704850.03414133,185976.383989198,1,13801287,3
5675,5704877.70450856,185980.157564671,1,20885993,6
5675,5704341.83107106,184126.71226869,1,22922300,1
5675,5705989.57628005,189504.724705644,1,25493554,1
5680,5705763.72949991,187588.412997505,0,623419,3
5680,5705880.4046432,189079.098716826,1,1548754,3
5680,5707634.86303534,190834.533868734,1,2057139,1
5680,5707006.58377021,187071.967261605,1,2273631,1
5680,5703672.42994811,183884.139629066,0,2910313,2
5680,5705819.99436317,188026.405856771,1,3318153,2
5680,5705985.9835944,187941.196439929,1,3943011,2
5680,5704494.47455576,186127.665760129,1,4444364,2
5680,5704170.44147271,185563.811643088,1,4698413,5
5680,5704558.43472818,183886.536063429,0,5209352,3
5680,5705849.90876763,187931.396417498,1,5907633,1
5680,5708108.82696345,185975.430290574,1,6029019,1
5680,5705707.51020424,187072.565030038,0,6207252,1
5680,5708172.0339078,190665.616698948,1,6336156,4
5680,5705353.80542156,184075.999205417,0,7302333,4
5680,5705587.64755426,185919.165109665,1,9705678,4
5680,5707649.31207809,185563.322641346,1,12319455,1
5680,5710229.26231348,191954.925941736,1,13068781,1
5680,5706545.32281594,189939.829353686,1,13105141,6
5680,5703367.28466434,182568.621920429,1,14010202,4
5680,5704399.02049584,184679.013672674,1,14154391,4
5680,5705848.0119671,184280.226844768,0,14224881,1
5680,5704737.74072641,184422.571154605,1,16208037,3
5680,5705602.91302827,186111.918992469,1,16652818,2
5680,5705246.72944717,185902.440745479,1,17036152,4
5680,5706682.61120042,185982.178811387,1,17166898,1
5680,5708170.6703257,182452.298305007,1,18029779,1
5680,5706739.95371343,185484.418023574,1,18309328,3
5680,5709091.10375898,181270.431225725,1,19588041,1
5680,5703729.8034092,183489.060911828,0,20135377,5
5680,5706338.36858474,187555.879904718,1,20376175,10
5680,5705413.05740852,184864.502691756,1,20478076,3
5680,5704177.76766135,185964.555093003,1,20688022,3
5680,5705726.04086458,187701.649278973,1,20818733,6
5680,5705457.09756453,185571.819503957,1,21827045,1
5680,5704366.67178286,186038.311547623,1,23043063,3
5680,5705236.16372521,185736.172916729,1,23227574,1
5680,5707256.21251828,190818.444056043,1,23283778,4
5680,5703319.1675144,183102.227659783,1,24589964,6
5680,5706144.73707736,182491.953020651,0,652809,7
5680,5706533.42228722,182166.617109091,0,4273423,3
5680,5706578.49877706,182968.783765112,0,8682191,1
5680,5703379.4197509,182868.153066962,0,15815178,2
5680,5704047.7613986,183679.091583572,0,22828144,2
5680,5704023.90826675,183724.51236976,0,22965734,1
5680,5703892.72752957,182874.550678782,0,24961977,2
5680,5704565.8008707,186215.363554053,0,27246862,4
5680,5703376.43470873,182937.50405015,1,723328,8
5680,5703706.90646435,183578.571456085,1,1151489,1
5680,5710653.13087156,191458.178506367,1,1168122,1
5680,5703362.00322304,182713.006316573,1,1698231,1
5680,5704520.0748297,184159.341454358,1,2201770,1
5680,5708470.57175435,185723.362359384,1,2760000,2
5680,5708938.34133461,181732.981488491,1,2992874,2
5680,5710399.46439662,191119.390737613,1,4340830,1
5680,5707386.44020361,184893.479594261,1,5059004,5
5680,5703545.32701667,184166.001649906,1,5974459,1
5680,5708692.02934076,182603.131250735,1,6318936,2
5680,5709064.96995824,182199.257850828,1,7725415,5
5680,5704267.67978851,186005.951611935,1,8131096,6
5680,5703950.70211427,183770.421151252,1,9024255,2
5680,5708079.49298611,181554.220977972,1,9842491,2
5680,5706065.69153765,184496.218324149,1,10332322,2
5680,5708011.05941565,189166.885880711,1,10846065,1
5680,5703503.08992933,182967.787656129,1,14776523,2
5680,5706455.35164487,189512.215730961,1,14961051,4
5680,5708282.76239293,184211.454163324,1,14968857,5
5680,5708316.44076415,190536.772700962,1,15041969,2
5680,5710764.90805364,192377.065566542,1,15099310,5
5680,5710673.05046797,191312.530227885,1,15731940,8
5680,5710580.43987553,193399.14164156,1,16099422,2
5680,5708639.64261777,182221.520648762,1,16974080,2
5680,5707182.49787487,190834.749113167,1,17325286,1
5680,5705004.84294978,186178.181052621,1,17442488,2
5680,5705283.92622132,188628.467671735,1,17711602,1
5680,5708995.56095218,182138.762233071,1,17866332,3
5680,5703543.37342089,184034.453443041,1,18878501,2
5680,5703906.63508764,182941.190962741,1,18974910,2
5680,5704875.62199312,186052.746808743,1,19723704,2
5680,5704028.00794285,183227.255790184,1,20160219,3
5680,5703531.79666066,183994.30633313,1,21728942,4
5680,5704039.44384969,183767.992921908,1,22421413,2
5680,5707869.67514506,190378.697731155,1,22562898,2
5680,5705552.65921891,186739.143294612,1,23377151,1
5680,5705192.82237234,188177.677116786,1,24520618,3
5680,5711364.75189625,193078.91262878,1,26066219,2
5680,5703455.64481357,184750.557935285,1,26240982,1
5682,5706237.11749487,187753.226808314,1,2410721,1
5682,5705265.04450914,187979.013200907,1,6713998,1
5682,5707491.43140785,185812.886882236,0,6873147,3
5682,5707452.22899233,186951.67071808,1,8242464,2
5682,5704912.68187327,186254.900270591,1,11211463,2
5682,5705417.85575039,188469.510774734,1,12153518,2
5682,5710626.77804961,192405.390831852,0,12381353,1
5682,5706423.26888008,188060.053259974,1,15400051,1
5682,5707258.89219022,190073.393790099,1,16201336,5
5682,5705654.08021325,188095.413088643,1,18351036,2
5682,5709007.9149654,191110.947649294,1,18418742,2
5682,5709695.77672951,191603.488270042,1,18655887,2
5682,5705867.32850357,188064.716853228,1,20267118,1
5682,5705844.77153021,187728.951305717,1,24840577,5
5682,5705523.75806899,187352.634352466,1,24888477,2
5682,5709030.47512611,184754.491892148,0,9679307,2
5682,5708646.91055071,182785.34181465,0,25754649,2
5682,5704633.704165,186441.294745,1,1366637,2
5682,5710760.870742,191016.575512217,1,1546041,1
5682,5708242.10421648,189684.56360682,1,3731944,4
5682,5705281.31869948,187824.199520461,1,4863344,3
5682,5706417.37578914,183800.085453515,1,6105745,3
5682,5704188.71113993,182586.956147063,1,6995606,5
5682,5706638.32210854,189731.442095031,1,7643727,1
5682,5707568.48799809,183099.874767967,1,10200928,6
5682,5707205.7295706,189666.756331325,1,10870695,1
5682,5704508.22574325,184171.575586867,1,12057400,3
5682,5709701.10342006,191468.093340971,1,13127516,2
5682,5708946.29427875,181354.264138527,1,15191489,2
5682,5709326.65009334,181459.534210648,1,17167792,3
5682,5704073.22555415,184753.75506496,1,19605071,2
5682,5704015.63933582,183058.546172944,1,23303048,3
5682,5704151.07893741,184845.788204544,1,25518229,3
5682,5709167.33322609,183053.656603952,1,26369668,1
5693,5705377.85735191,188558.057927579,1,5672304,1
5693,5705849.01195201,187992.943479665,1,7132070,3
5693,5705582.62394961,189033.613621294,1,9897921,8
5693,5706835.40300169,189810.916135499,0,2564245,6
5693,5705451.51892519,188923.152603612,0,25981436,3
5693,5708144.70086407,191044.107215645,1,1795076,3
5693,5708253.3843573,191046.239171293,1,2606448,4
5693,5711184.26739732,191975.466102061,1,4486287,2
5693,5706820.76036419,190389.646405166,1,27082191,2
5694,5708999.0526751,184839.76400546,1,4411769,2
5694,5705991.14222514,187944.868932305,1,8288861,2
5694,5706867.76826791,189510.142291441,1,22958003,2
5694,5708258.64592443,191105.590748615,1,16213154,1
5694,5705308.71082513,188665.256548555,1,24289633,2
5697,5707507.78938154,186251.77570262,1,278995,4
5697,5704530.62448958,186098.536893479,1,1876300,2
5697,5708760.25205064,184957.916711279,1,2668937,2
5697,5708389.75718295,185283.067020139,1,7318353,3
5697,5709016.07853034,184678.488821404,1,9502555,2
5697,5708830.78786465,184735.947893315,1,13624939,2
5697,5707967.25218169,185029.131413851,1,14151154,1
5697,5708986.62607026,185142.487147557,1,14244155,5
5697,5707841.7363406,185392.177479554,1,21920508,5
5697,5708155.0756227,186292.394486165,1,22805528,5
5697,5704629.34920462,186438.23035119,0,25824166,3
5697,5704464.82094371,185980.704123108,0,27200156,2
5697,5705309.64770026,186255.662225223,0,27250879,3
5697,5707594.78382574,186288.656385037,1,157652,1
5697,5707464.05627322,184293.165001165,1,526896,3
5697,5708023.50321105,186031.434276067,1,1808871,5
5697,5708023.36485669,185672.891959897,1,2553495,1
5697,5709284.112757,182918.728752235,1,4832600,2
5697,5708122.35865304,184868.874988794,1,6153928,5
5697,5708028.14040271,184831.239581794,1,6702653,1
5697,5708583.65525384,185864.395919669,1,7239038,1
5697,5708272.18655077,186118.627521307,1,7666414,1
5697,5709208.36725254,182880.790349656,1,8206772,6
5697,5707527.48754337,184947.29906495,1,8291590,6
5697,5705581.18708281,182951.700262154,1,9458429,4
5697,5709353.17385183,184915.515815616,1,9529369,1
5697,5708822.47234574,183981.472914943,1,11247714,1
5697,5708499.05248587,184269.31645248,1,12576237,5
5697,5708172.60599764,182647.835189731,1,13832035,2
5697,5706076.07232958,183879.431078498,1,13852928,2
5697,5707816.91752693,184929.962271629,1,14203980,2
5697,5708583.07753528,182634.218612263,1,14800379,1
5697,5707379.56495128,186028.192268479,1,16181829,1
5697,5707632.63585763,185332.370418422,1,16964424,2
5697,5708108.99373546,184569.816645475,1,17510318,1
5697,5707947.09602659,185875.852895867,1,18507713,1
5697,5709014.84694005,185004.281699851,1,19763565,1
5697,5709617.46623594,191597.681371356,1,21847610,4
5697,5708263.36732002,189681.189768049,1,22691246,1
5697,5707785.33555235,186058.71354835,1,22734603,2
5697,5707885.22487683,186074.148049496,1,23210588,3
5697,5708275.52138677,184756.36863982,1,23409502,3
5703,5707751.10716231,190217.285621691,1,3279189,9
5703,5705746.12712352,187952.024895708,1,4075642,4
5703,5705696.23984949,189234.565356048,1,5460235,4
5703,5706400.91654731,189562.313461235,1,7672079,2
5703,5707187.40358767,186254.575607887,1,13568665,2
5703,5706139.58653678,189527.987824082,1,14914414,1
5703,5709086.61308819,184977.034204283,1,15075121,4
5703,5707254.39265816,186459.185094589,1,22450243,3
5703,5706346.99690546,189688.776853779,1,23193255,2
5703,5707210.29516539,190556.952958808,0,26051781,1
5703,5708856.56968078,191259.656604458,0,26612597,1
5703,5705681.82597636,188839.322426397,1,616235,2
5703,5705632.95336197,188993.58786196,1,1381033,2
5703,5705661.77628312,188337.854890528,1,3340966,3
5703,5707508.68068094,190326.263283669,1,3963246,2
5703,5706590.16518575,190248.100948334,1,6719308,5
5703,5709825.84650992,192260.704518413,1,6842632,4
5703,5705626.58361901,189019.469094663,1,7146255,5
5703,5707599.26032194,190443.431330773,1,10101247,1
5703,5709146.56638139,190505.186581527,1,12245005,2
5703,5708245.0517739,190923.687374922,1,13501484,2
5703,5706984.72144092,190185.095947964,1,13924162,1
5703,5707624.36476463,190814.530074382,1,14289007,3
5703,5708430.03849662,191067.397644517,1,14642532,2
5703,5708601.50701274,191218.557277494,1,18409512,2
5703,5706664.53009402,189447.793120469,1,18970220,3
5703,5710126.72312253,192009.238062478,1,19051631,4
5703,5707098.61940693,190535.928144947,1,21176112,3
5703,5707609.26216946,185772.203914971,1,22026388,5
5703,5709708.9502643,191588.771087256,1,22901181,1
5703,5706879.0555692,190432.317385221,1,23745521,9
5703,5709923.78354015,192205.692088995,1,24005784,2
5706,5708867.72324001,191151.477291117,1,1670755,6
5706,5708589.73287436,190170.107728771,1,13519871,3
5706,5704290.24270174,185949.843954867,1,24981865,1
5706,5705994.49034886,189232.13904763,0,26377622,2
5706,5709809.13057967,191503.220904003,0,26534674,3
5706,5706001.83539698,189138.553289142,0,27411150,4
5706,5705490.45690866,188617.364620184,0,27418355,2
5706,5706813.2198542,189887.517362031,0,27425662,2
5706,5707548.77236605,190245.302830195,1,559485,1
5706,5706874.48384461,189905.915018258,1,2421150,1
5706,5707446.24152689,190828.45983513,1,2560223,1
5706,5708526.04622961,191102.135714425,1,2592777,1
5706,5709308.67754377,191297.637622209,1,2709609,2
5706,5703342.83091414,182902.769564443,1,3097187,2
5706,5707397.44334396,190855.969651847,1,3710567,1
5706,5707428.52026477,190601.902531856,1,4035208,2
5706,5705710.21908857,188863.946618195,1,4995534,1
5706,5707328.58372871,190532.352521256,1,5103131,2
5706,5707002.80027784,190072.837107342,1,5159962,4
5706,5706550.46139455,189442.135484221,1,5586897,1
5706,5708538.72011945,191326.625146995,1,6335352,1
5706,5705202.22415657,188327.447210171,1,7705295,1
5706,5704125.36150017,185071.819677983,1,7890819,1
5706,5706841.53446724,190428.985279671,1,8148727,1
5706,5708607.3189841,191131.975955636,1,9641260,1
5706,5707687.30518621,190669.674187663,1,10358712,7
5706,5705951.92037584,189558.531495689,1,10597111,2
5706,5706169.46290249,189581.401902136,1,11698604,1
5706,5706449.45807933,189302.139668834,1,11757980,5
5706,5710137.12212019,191886.77995335,1,13638572,2
5706,5706727.59116884,189884.932408469,1,14202768,3
5706,5705574.67673858,188772.249795995,1,15720246,1
5706,5709957.32354716,192023.070910895,1,17722568,5
5706,5708927.20600769,182439.144452806,1,19218145,2
5706,5709831.75172013,192226.280120364,1,20689165,4
5706,5706840.75433687,190210.821251283,1,23496757,2
5706,5705271.53582287,188931.356525553,1,23837670,2
5706,5707168.01324534,190126.529962693,1,23924927,1
5706,5705604.69849433,188723.109268287,1,24864774,2
5706,5707885.52516637,190868.002801339,1,26498567,2
5709,5705815.4834324,187961.631815537,1,15123282,3
5709,5705944.6208276,187751.194129401,1,18816563,2
5709,5704459.76613634,185747.378054049,0,26121553,1
5709,5705275.45348987,189026.672949283,1,4153446,1
5709,5711807.05052594,193798.473285326,1,4381508,1
5709,5708084.75689877,191058.414378654,1,4892790,4
5709,5704080.542287,183032.354508328,1,8115416,1
5709,5708898.57520215,181300.707022592,1,9781957,2
5709,5708569.46564052,182889.975295236,1,10368818,3
5709,5709293.79205344,190895.859879128,1,11992030,2
5709,5703825.53123957,183999.654210481,1,12885195,2
5709,5709153.46698405,181609.746162022,1,13373807,1
5709,5708044.14730592,185875.720695576,1,14553634,3
5709,5705303.30816332,186049.549706301,1,18810347,10
5709,5706848.94248267,183368.354921141,1,19371910,2
5709,5703630.54697047,185108.423016833,1,21569599,3
5709,5706794.86488702,184519.748716884,1,22608216,1
5709,5704733.41727545,185145.562634452,1,24983460,2
5713,5708870.56949782,191175.191035893,1,10010404,3
5713,5708503.34338063,183902.508617821,1,10615257,1
5713,5705316.03200577,188620.104576763,1,11274851,1
5713,5703500.93282131,182868.505063325,1,18556143,4
5713,5706331.95026911,187927.987516863,1,24525671,1
5713,5704455.50358094,185765.124458068,0,27185795,3
5713,5704211.78021915,185891.720314751,1,9492062,1
5713,5707033.38939011,190190.557430762,1,17600749,2
5713,5705157.57906237,183667.048242644,1,18746332,1
5713,5705682.49895359,184089.488291219,1,19137385,3
5713,5709938.73622863,190807.954361672,1,20316404,2
5713,5710627.1182605,191318.387249727,1,22932058,1
5714,5707798.87997491,190904.983357111,1,3759879,1
5714,5709561.85897866,191576.743048472,1,12675654,1
5714,5707821.19674568,190658.298739693,1,19298636,2
5714,5708456.04901441,190806.415622553,1,22615079,3
5714,5707139.43286673,190768.52929986,1,23404301,2
5714,5705668.90758208,188509.733462198,1,4464957,6
5714,5706621.33405205,190342.737570725,1,8202489,4
5714,5706979.58817495,190767.837840254,1,11251018,5
5714,5709652.972493,191555.721482708,1,12070191,6
5714,5706703.22861148,189538.006116285,1,13254613,1
5714,5708521.82062857,182328.381104303,1,14886367,2
5714,5709174.61929067,191314.593682295,1,19447378,1
5714,5709760.89631288,191595.308937383,1,20461244,1
5714,5708206.62238159,190861.668960303,1,23298029,2
5714,5708595.14403185,191321.818992339,1,24399290,4
5714,5709030.27805352,191339.545092223,1,24710193,2
5717,5707620.63227246,184701.681133911,1,609621,7
5717,5708425.55381265,184175.960602527,1,1305845,3
5717,5706104.89642869,187918.275439451,1,1747690,1
5717,5708117.79542639,185083.73492728,1,2407167,3
5717,5705847.3519383,187692.232214551,1,3718073,1
5717,5708195.31012708,184996.545611164,1,3876269,3
5717,5705738.2640287,186819.654310339,1,4123431,3
5717,5708058.16914909,185586.319365655,1,9852683,1
5717,5708517.06257771,184180.994975529,1,10771785,4
5717,5707724.3625179,185097.617424829,1,12782157,3
5717,5708180.71649496,185995.448967221,1,13343160,3
5717,5705485.39224298,185877.917721899,1,14453425,2
5717,5708400.0441805,182389.922018587,1,14663086,1
5717,5706045.10068246,188049.109899732,1,15360230,4
5717,5708103.58982833,185551.458280446,1,15565110,1
5717,5708079.12800331,184597.284025117,1,15676831,2
5717,5705355.32154513,185876.750246419,1,18391267,2
5717,5708497.60656831,183710.077221613,1,19143699,1
5717,5708180.69642521,185614.689429418,1,19672355,2
5717,5707686.78311176,185459.34929252,1,20299200,3
5717,5705865.44936233,187627.561930487,1,22680469,5
5717,5705993.22411795,187939.275057124,1,23144732,3
5717,5707762.10493344,185462.89714215,1,24157601,1
5717,5706150.83266999,184778.193519282,1,24859143,1
5717,5708944.15153757,184518.289326211,0,20010490,4
5717,5707971.57654835,184555.163419176,0,26537077,4
5717,5708357.30745892,189739.194957016,0,26936016,4
5717,5710685.8616284,191356.567546837,0,26955090,2
5717,5704100.89376669,182510.873632969,0,27097204,2
5717,5708231.61262209,184317.742848112,1,29562,2
5717,5707402.87633471,184898.64737685,1,2052779,7
5717,5707835.79447382,186055.530897535,1,3117649,1
5717,5708988.42813139,183639.307188895,1,4362230,1
5717,5708362.98243056,182743.342294439,1,4869583,1
5717,5708032.38557795,185225.617022183,1,5280364,2
5717,5708170.86461517,185020.110393392,1,5545255,3
5717,5709315.8708711,190998.315864341,1,6322032,3
5717,5708399.57337443,184041.211340324,1,7691346,1
5717,5707492.09991609,186089.308831292,1,7696417,2
5717,5709146.05828778,184906.461461537,1,8412922,1
5717,5708903.40923054,184730.374407052,1,8476768,2
5717,5707457.40288296,185066.894284264,1,9286034,4
5717,5706925.93091011,190438.633759396,1,11635475,4
5717,5708264.58301788,185551.375462939,1,14899427,3
5717,5707724.03419284,185885.394359106,1,15291262,2
5717,5711424.81149182,193110.055495502,1,17095851,1
5717,5708000.12045005,185651.355009144,1,17141974,2
5717,5707637.59929959,184882.03909311,1,17266052,3
5717,5706540.03416323,183286.504100666,1,17636990,1
5717,5708211.02997905,189502.327080245,1,18242868,4
5717,5708423.12320343,184774.095173831,1,18402401,2
5717,5707653.49303571,185143.416682123,1,21135956,2
5717,5709031.13905978,183665.074834913,1,22316111,2
5717,5706818.34272804,184664.367947098,1,22567858,2
5717,5707600.12775745,185414.681552978,1,22674790,1
5717,5708336.74967604,185113.053098812,1,22714726,2
5717,5707380.78106812,186103.659515964,1,23028471,4
5717,5709255.09304467,184850.345363688,1,25608394,2
5726,5705259.23695635,188357.582081316,1,8410087,1
5726,5705718.54512313,188775.200133629,1,12195458,5
5726,5704370.29571135,185497.909043244,1,13755240,2
5726,5706004.31318188,188773.02180055,1,21276038,2
5726,5705809.86365685,188824.122202905,0,25634760,5
5726,5707509.66012379,190413.546523068,0,26354807,2
5726,5705939.98180056,185814.777792587,0,26948403,1
5726,5706053.43488442,185139.319686437,0,27151100,2
5726,5706234.51183076,188122.810925534,0,27213509,3
5726,5705898.91304853,187414.33599663,0,27222297,5
5726,5705939.18570751,184559.168450815,0,27430394,1
5726,5704521.77747525,184881.785217599,1,76928,4
5726,5706816.03293993,190056.983779524,1,1880289,2
5726,5707105.38134563,188749.973928672,1,3342321,1
5726,5709428.60830615,191561.389108165,1,3684636,4
5726,5706756.13743767,190113.974096301,1,4342781,2
5726,5707727.11588506,190818.484889316,1,5864787,2
5726,5707054.97787734,189919.603592286,1,6105536,2
5726,5705538.93095622,188931.404619112,1,6230915,3
5726,5705513.34677893,189016.319839192,1,10012999,1
5726,5708179.34805086,190898.981363063,1,11820616,2
5726,5709522.5304049,191637.69555824,1,13087120,1
5726,5707078.7757043,190637.200166519,1,14244094,3
5726,5705698.56621661,189033.368850253,1,14686881,2
5726,5706678.28295186,190434.532554157,1,17069972,2
5726,5707309.59710695,190325.857211312,1,18264896,2
5726,5705906.35464446,189269.907392286,1,19404326,3
5726,5707800.80881676,190447.876326506,1,19560129,2
5726,5705726.60739157,189233.060897051,1,21650938,2
5726,5706731.12905739,190019.373903968,1,22160564,4
5726,5708008.01394312,190908.571092006,1,24334692,3
5726,5706647.31922379,189893.348946505,1,24512469,2
5726,5707343.38796589,190735.163114781,1,24628231,2
5746,5707943.06967124,186220.647906638,1,13623894,4
5746,5708671.76767938,185237.090112897,1,18247252,3
5746,5707881.27657324,185519.570556911,1,20376671,3
5746,5704779.56272911,186405.546772355,1,22829723,4
5746,5704020.1499275,185553.694769572,1,23547552,3
5746,5709022.81017179,185037.615328787,1,24203818,4
5746,5705910.12156196,187802.741797875,1,24646585,2
5746,5708987.25223194,185031.373134021,1,24753110,2
5746,5705874.42635919,184166.55360814,0,26921786,2
5746,5708365.72116483,185970.931639791,1,1274307,1
5746,5708044.08499186,185788.969997753,1,7223311,2
5746,5707755.55518163,186028.972480412,1,7718709,3
5746,5708267.28184248,185489.234824922,1,10260660,6
5746,5705426.02508382,182698.293628735,1,12440477,5
5746,5708835.35088505,184806.114244599,1,13785310,4
5746,5704911.83860364,184526.105467622,1,14600284,5
5746,5703476.97579156,182916.387027862,1,15575055,1
5746,5706897.1186128,183934.060597827,1,16377098,2
5746,5706753.46856801,187010.918415369,1,17430880,2
5746,5709900.62069959,191431.010401536,1,17503466,1
5746,5707883.77721958,185168.405681896,1,18515828,2
5746,5709122.05116625,182698.164536177,1,19683778,4
5746,5709080.53058345,185122.483428981,1,20376991,6
5746,5704074.16848996,181641.099533168,1,22869197,4
5782,5708477.73297265,185009.847429891,1,106439,1
5782,5705450.58738234,186333.706382244,0,653404,3
5782,5706593.01164266,187211.835962319,1,1920041,1
5782,5705994.65262969,187251.199321077,1,2724451,7
5782,5705527.3146445,187282.979795116,1,3411694,1
5782,5706642.43896376,189707.281094408,1,3704972,2
5782,5705787.66447706,189247.612941397,1,4038945,1
5782,5708241.02130998,184667.441529843,1,4443505,2
5782,5707089.77512544,185711.082990737,1,4982328,1
5782,5709670.92250362,191565.7642236,1,6902313,3
5782,5711873.76330841,193822.156881699,1,7824069,8
5782,5705900.75406432,187649.224026378,1,7912171,1
5782,5711715.38728095,193746.927647902,1,8034600,4
5782,5707329.54526624,187044.207498895,0,8259289,1
5782,5710011.50213899,192017.735134318,1,8428316,4
5782,5706017.48086157,188122.731238503,1,8951750,2
5782,5708706.24439192,184486.702890372,1,9438615,2
5782,5710891.4189152,192528.352403148,1,9465899,1
5782,5706060.67917236,187783.826595218,1,9871851,2
5782,5704641.17940289,186469.385318102,1,10466520,3
5782,5707974.72119285,190187.192368158,1,11000411,2
5782,5708527.909733,181817.078645196,1,11800823,2
5782,5707132.61694643,185617.460273702,1,11815721,1
5782,5704833.719155,185498.308846135,1,12673885,4
5782,5705870.01084146,187817.300812375,1,13626260,2
5782,5707241.48599877,186045.876299187,1,14471218,4
5782,5707130.54337448,185627.445017148,1,14796737,1
5782,5709382.29342071,191484.397045209,1,16401993,4
5782,5705721.69075543,187054.321131514,0,17033705,2
5782,5709034.18106315,181849.862908975,1,17176187,1
5782,5705551.61543147,187406.186992666,1,17671868,1
5782,5706386.19817957,187029.146021835,0,21511455,2
5782,5708326.25218398,182789.808951428,0,21636664,3
5782,5706575.37144043,186010.059518154,1,21910315,1
5782,5706245.26812225,184574.658365398,1,22033387,1
5782,5706493.03033553,187838.958816264,1,22441122,3
5782,5710024.21100865,192187.01701314,1,22892111,2
5782,5705894.50295764,188726.508936562,1,23518753,3
5782,5707521.21007297,186589.745159483,1,23842851,1
5782,5708814.45602515,184538.723927996,1,24186588,5
5782,5707900.82406398,186383.261381232,1,24454817,3
5782,5706249.77954834,188310.961003772,1,24475980,3
5782,5706004.4956229,187922.217697484,1,24608678,3
5782,5705579.40926334,187817.657552169,1,24674570,1
5782,5708213.04032326,182759.309739261,1,24922713,3
5782,5705843.48249594,187630.646126668,0,24941112,1
5782,5704266.32724618,184844.898571272,1,3392425,2
5782,5710624.1444741,191119.328055945,1,7268627,3
5782,5707909.53862222,185075.231699683,1,7305012,1
5782,5709506.21292999,191304.474979308,1,9703196,3
5782,5706786.19699121,182187.089006723,1,11625900,1
5782,5707138.99034823,184528.06442881,1,11758384,4
5782,5704389.50707041,183774.841472882,1,16533352,2
5782,5710549.81506284,191086.229325004,1,18168271,3
5782,5707866.13382367,183316.655965515,1,19244395,3
5782,5704748.76168515,185988.528612373,1,20635692,1
5782,5709103.3476794,181822.148524081,1,20765012,2
5782,5706811.5859588,184555.51383977,1,22875322,7
5782,5704228.56470973,186075.373143537,1,23834655,1
5782,5704159.05263291,184989.678906553,1,26367249,5
5782,5703906.25102421,182050.838294401,1,27081997,2
5813,5705523.10267417,184161.959215586,1,637769,2
5813,5704236.83895186,183453.113966066,0,743829,1
5813,5706051.59762026,187697.851763045,1,769647,1
5813,5705970.78202828,187976.529221854,1,2372124,3
5813,5705856.16353827,187927.023315585,1,3461555,2
5813,5706802.78591499,188221.600802147,1,3635401,1
5813,5708922.35219018,181876.498442851,1,4125701,2
5813,5705462.43866654,183709.549518323,0,5678044,5
5813,5705615.63020325,185808.819061409,1,5855476,3
5813,5705372.52978359,182806.007252093,0,7154963,3
5813,5706113.89769468,187737.263735111,0,9238223,2
5813,5705894.6590042,184805.830894718,1,11023362,1
5813,5705238.22167751,185133.740428009,0,12220969,2
5813,5705140.11424092,185301.441140829,0,12679928,4
5813,5703930.43855163,182567.104256755,0,14753137,2
5813,5705261.27422899,183651.786269307,0,15823788,3
5813,5704749.08255895,184982.648670679,0,16529824,3
5813,5705749.77558256,187907.611744375,1,19239461,1
5813,5709695.30362046,191617.58691778,1,19288433,2
5813,5704866.49554736,183707.496624273,0,20573460,1
5813,5706258.89771518,187877.195413108,0,21093369,6
5813,5706308.1823806,183720.54974676,0,22015574,5
5813,5709276.89213439,191110.66129423,0,22287689,4
5813,5705772.19891105,183374.296401282,0,23060924,5
5813,5706452.91360254,186280.503959221,0,23486606,1
5813,5704036.58786814,182272.703407685,1,24030153,1
5813,5709604.71003854,191532.500193161,0,1165484,2
5813,5705720.2682837,188965.613006501,0,1452812,2
5813,5705899.91462305,182903.016539993,0,1556343,6
5813,5705997.42811816,183807.753962124,0,1715038,2
5813,5704764.36839813,183460.236959239,0,1787343,2
5813,5707094.92697123,184520.691116848,0,2214393,1
5813,5705793.94902248,182830.742631986,0,3199546,3
5813,5705226.14680101,183817.421901608,0,3491346,3
5813,5706137.96558057,185655.399155587,0,3871086,5
5813,5706298.09123109,187469.834468457,0,4878024,2
5813,5706178.37144732,185192.188446914,0,5014927,2
5813,5705040.79777834,184508.716273577,0,5262282,1
5813,5706423.01428496,186894.614580886,0,7377690,2
5813,5706157.8325359,188300.730353455,0,7762839,3
5813,5707403.3812493,185356.445918216,0,7771435,3
5813,5707162.16645359,186832.591771152,0,8482719,5
5813,5707359.30771103,186915.55576056,0,9272763,1
5813,5707038.16762989,187020.286391239,0,9358892,2
5813,5706885.77219861,186839.00215474,0,9891462,11
5813,5707385.49091317,187031.127389489,0,10197391,1
5813,5706748.55228123,186852.677399054,0,11418136,1
5813,5707262.43710631,186983.760156891,0,12293418,1
5813,5707114.71840397,186360.451000964,0,13965290,1
5813,5706987.79582478,186792.268256535,0,14239283,4
5813,5708983.47201926,181532.607217061,0,14458211,3
5813,5708937.09749841,181900.497810076,0,16362516,2
5813,5705288.92044706,186179.590347376,0,16469039,4
5813,5704626.45121509,184841.589113104,0,18107113,3
5813,5704775.29969752,185220.588424998,0,18505425,3
5813,5704545.11054892,184208.485973574,0,18802912,2
5813,5704634.17328185,185278.4622594,0,18900015,1
5813,5704486.4937748,185914.330111716,0,19459065,8
5813,5704212.42643094,184131.384292093,0,20132596,2
5813,5705202.48940618,186120.714831057,0,20256492,2
5813,5708593.84272467,182198.090793906,0,20661495,4
5813,5709017.62858717,182178.68382532,0,21236818,2
5813,5708825.41812376,182209.075297292,0,21501043,1
5813,5709075.91774762,181644.760881693,0,21897664,1
5813,5708985.24428101,181329.252525873,0,22201906,6
5813,5708500.5405914,182351.015897097,0,22734057,2
5813,5709092.6273358,181312.406401207,0,23008845,5
5813,5704673.2744196,183790.346421671,0,23100687,1
5813,5703975.21605825,182766.493953245,0,24358523,1
5813,5703928.79514858,183033.3907189,0,24462011,3
5813,5703908.62293418,182805.336034032,0,24493705,3
5813,5704045.73569016,183690.711834121,0,24589963,2
5813,5704176.62455548,183289.32128293,0,24625806,1
5813,5705752.0454538,183169.785520671,1,1886062,2
5813,5709802.27116831,192135.761058153,1,2781775,1
5813,5709163.32173325,181827.765413031,1,3077186,2
5813,5705288.17495375,188884.028445727,1,3636620,1
5813,5704081.26746052,183874.340735103,1,3808010,1
5813,5709133.40215689,181929.800708295,1,3851930,1
5813,5706963.76805995,190517.051630731,1,3995765,1
5813,5704214.22536661,183646.467839422,1,4004122,4
5813,5708921.76431472,184675.500711184,1,6165253,2
5813,5709234.07870249,181383.368623176,1,6330082,1
5813,5704041.64009128,184968.067519484,1,6716195,1
5813,5703945.85068409,183034.861467519,1,7956026,1
5813,5704526.34904324,186209.305286694,1,8786300,1
5813,5709192.06794973,181547.796538165,1,9423824,1
5813,5708248.71781977,186008.217951989,1,9484926,1
5813,5707034.41387537,189398.368237625,1,11382014,3
5813,5703459.18443838,184053.298408433,1,12658469,1
5813,5708130.42170855,190171.324770805,1,12682630,4
5813,5706473.84145064,183954.949792854,1,13064019,1
5813,5704539.69266255,186204.519804551,1,14104488,2
5813,5706592.88722426,184304.093030246,1,16313996,1
5813,5704057.63539292,182001.280351874,1,17043055,2
5813,5706384.62863297,189965.608691037,1,17986843,4
5813,5703841.89725774,182612.60872485,1,20547668,3
5813,5708895.86981124,181489.756863468,1,20624905,4
5813,5704521.5003296,183540.635542519,1,21390116,1
5813,5703374.08876897,182583.732453619,1,23283071,1
5813,5708666.15821612,184634.164622079,1,23540988,4
5813,5707496.70304241,190635.193143428,1,23610628,3
5813,5710460.15919233,190903.077486458,1,24030842,2
5813,5709630.4509165,191605.055778206,1,24793608,2
5814,5705959.27810065,188090.209703557,0,632249,2
5814,5705533.87507203,184810.07616921,0,697467,2
5814,5707431.43642815,185972.191570828,1,3716743,4
5814,5706886.19143867,186720.655470369,1,5535240,3
5814,5708860.32045739,181772.309061289,0,6610602,2
5814,5705715.16169993,185322.547091187,1,6996096,1
5814,5707652.57858532,184211.906436607,1,12555281,3
5814,5706525.7690729,183516.530588388,0,14914619,1
5814,5707384.95606342,184616.73167212,1,17886447,8
5814,5708739.42604022,182625.542170927,1,20652927,6
5814,5707483.07025047,189030.586135196,0,20803322,3
5814,5706157.94816532,185014.053702024,0,21751979,1
5814,5707651.6479899,185088.016520835,0,23172378,3
5814,5707711.55229046,184705.906806414,1,23278524,2
5814,5709357.97613946,191571.067550229,1,23410308,2
5814,5706040.98182117,188001.961041876,1,25622396,3
5814,5705738.3199983,189101.290470655,0,4601380,4
5814,5706116.53045266,188991.921013218,0,6274091,3
5814,5708583.11120487,182913.772245101,0,6605746,3
5814,5708068.13726287,186151.248948738,0,6785731,1
5814,5709104.54253366,190458.153310366,0,10028972,1
5814,5707894.49969695,188954.119473803,0,10416140,3
5814,5703955.30455066,182647.93819635,0,11763771,1
5814,5703913.7466981,182895.561206891,0,15379923,1
5814,5704492.93776324,183162.928008167,0,16451289,2
5814,5704041.98143165,183603.038101955,0,17017788,3
5814,5703877.90834028,182648.315865784,0,17286408,2
5814,5704958.32496695,186418.072528999,0,18477992,1
5814,5704712.93380003,186459.743074694,0,19261525,3
5814,5705278.36474123,187253.587567525,0,19703472,2
5814,5704767.24831208,186634.033907895,0,20334561,2
5814,5705202.33048049,187862.038019668,0,21201089,1
5814,5705471.98818179,186994.343367556,0,22182546,5
5814,5705976.81124067,185222.293492062,0,23776301,3
5814,5704993.47517683,184147.770185101,0,24483634,2
5814,5705819.51754634,188082.128028691,0,24530075,2
5814,5706678.94097553,185348.609086039,0,24752312,2
5814,5707284.10691875,190792.148767367,1,192640,2
5814,5706165.14785629,189750.262037007,1,282754,5
5814,5707404.31284598,190202.510909029,1,803883,1
5814,5707904.97537188,190940.553546074,1,1378435,5
5814,5707821.25628722,190840.548241156,1,4726289,2
5814,5707321.05609609,190262.421045759,1,5296065,5
5814,5705621.31229818,182979.9750698,1,6098533,3
5814,5707202.143986,190130.301446795,1,6329085,2
5814,5706755.01347185,190784.625682267,1,7617407,3
5814,5705681.0261482,189247.40377902,1,8566126,5
5814,5707103.9320276,190377.248584924,1,8761149,6
5814,5710460.841799,191108.811322073,1,9397343,2
5814,5707607.23197623,190848.905459062,1,9591977,1
5814,5707381.10490228,189938.866338245,1,10534275,4
5814,5708810.0390411,191342.518988267,1,10622971,5
5814,5708294.03918923,190995.000814471,1,10804989,2
5814,5705216.7326777,188459.737083391,1,11439331,2
5814,5707140.8351336,190388.350430844,1,11773379,3
5814,5708858.42731181,191215.71111594,1,12013372,2
5814,5707928.27997864,189451.378831957,1,13988824,1
5814,5707764.24115015,190779.822513839,1,14370255,1
5814,5705530.54708979,188376.456980364,1,14387200,2
5814,5707046.43799941,190077.087565595,1,15046790,1
5814,5707019.96861837,190505.246895036,1,15301451,5
5814,5707108.96159222,190022.630618456,1,18824421,1
5814,5709439.31531595,191637.555468827,1,19918587,2
5814,5705616.70902719,188609.232342889,1,20819959,3
5814,5709762.30663499,191560.644357946,1,21160851,2
5814,5706498.855793,189097.859955404,1,22213966,1
5814,5705376.88345754,188484.575788058,1,22422234,1
5814,5705976.91074,189321.396252244,1,23781724,4
5814,5705648.02696941,188919.17467739,1,23815020,7
5814,5705315.0462318,188246.354398881,1,23979831,3
5816,5705252.37634209,187242.612935682,0,1714297,2
5816,5707638.0576023,190615.128363746,1,4305398,2
5816,5706026.09561054,187668.523759549,1,4989019,2
5816,5703926.87146232,182164.904803748,0,8161298,2
5816,5704218.03128563,185007.734758978,1,9171638,2
5816,5704031.50224792,185481.456259918,1,9597319,1
5816,5704104.11546823,183506.83773738,1,9958071,4
5816,5708303.3922532,182429.049455621,1,10100405,2
5816,5705197.40953946,186152.952497958,1,12803162,6
5816,5707822.06404624,189218.691888045,0,14633272,4
5816,5706170.77962486,187428.796182189,1,14739556,6
5816,5705624.71513107,186871.999144474,1,16788702,2
5816,5705827.26174055,187651.074406304,1,16943859,6
5816,5710770.65631699,192538.159042975,1,16957624,1
5816,5706137.42385281,187489.149630233,1,17875830,2
5816,5704094.42312394,182611.619502164,0,19322731,1
5816,5706170.73707542,185034.66577876,0,20874069,2
5816,5704136.39247995,186144.610569989,1,22349434,2
5816,5705034.90814919,184853.436206969,0,22422564,1
5816,5707805.5411705,185018.357223285,1,23351263,3
5816,5704849.11471566,183432.051194749,0,23746757,2
5816,5710208.7647463,191736.313409222,0,23818390,6
5816,5706259.19905263,189422.478344551,1,23934159,6
5816,5704238.78070803,182839.517567759,0,6216404,4
5816,5703999.1738006,182770.507686819,0,13889822,4
5816,5706546.07304412,189063.919351551,1,1004580,2
5816,5707082.66579211,188719.027382161,1,1087108,6
5816,5708898.69685067,181438.282298942,1,1974433,8
5816,5710749.35554586,191049.649655109,1,2831019,3
5816,5709599.37987094,191439.703724805,1,2947784,2
5816,5708463.88086736,185022.027018105,1,4660629,4
5816,5703829.62535192,184777.734422422,1,8577956,2
5816,5704069.48743542,185427.046442522,1,12222595,2
5816,5703630.36001604,184525.824622028,1,20449285,2
5816,5707568.00492065,189711.130844824,1,23709078,2
5816,5704047.4096426,182725.002778427,1,24474436,4
11465,5709147.34404636,184531.979286474,1,1036136,5
11465,5705860.82713241,187713.724828143,1,14215323,1
11465,5706793.06797873,189875.372166582,1,16828803,2
11465,5705525.73071286,187004.098445866,0,26323566,1
11465,5705010.33002988,187612.479331384,0,27229600,4
11465,5705626.89673545,188937.585549666,1,518811,1
11465,5707087.86050078,190032.357210769,1,11240745,3
11465,5706055.42113789,188912.270190928,1,13037495,2
11465,5710149.36013214,191981.057287625,1,20803323,7
11465,5709967.30935729,192180.387859291,1,25512375,3
19923,5708599.15399392,191344.445969549,1,5386569,2
19923,5706073.01634444,183864.546722393,0,27187723,4
19923,5706527.19431187,184883.880916355,0,27205736,3
19923,5705336.21464078,184652.161390504,0,27224256,3
19923,5706945.0649636,189858.844319,1,1960818,1
19923,5709483.95735167,191278.406758621,1,3449255,1
19923,5706308.7339191,189641.57521967,1,7300721,4
19923,5706720.26484775,187189.075865088,1,8722401,1
19923,5706677.45274779,189840.366276824,1,10597112,1
19923,5707573.48182646,190751.628161072,1,11590774,1
19923,5706540.42899108,189923.8777651,1,19727748,1
19923,5706840.60396767,190144.171117241,1,21367073,4
19923,5708332.45056964,191156.238700451,1,23469798,4
19923,5705950.68576778,189486.968748774,1,24190540,1
19923,5709329.30582255,191507.89044465,1,24277078,2
19923,5709408.9965492,191269.832245431,1,26243309,3
19923,5708545.3062581,190128.557989677,1,27080023,6
19973,5706568.46347215,189319.712832998,0,227621,1
19973,5705830.57229935,187677.191405807,0,2104264,3
19973,5706147.81890128,185300.931502047,1,3436813,3
19973,5706801.41695928,190040.700035175,1,4688622,3
19973,5707175.94403149,190193.03904696,1,6758610,2
19973,5706906.02856968,190112.874013279,1,11176576,3
19973,5709160.76423265,191223.202592985,1,18317074,1
19973,5708197.80586976,190984.520715151,1,19824767,2
19973,5706837.94711477,190174.362656788,1,21373164,1
19973,5708542.15229084,182494.928976387,1,22468830,3
19973,5706973.17272069,190404.566198793,1,24906059,4
19973,5708308.15422392,191020.804552895,1,238792,2
19973,5706138.11928023,189727.842485287,1,1534220,5
19973,5707192.59876524,188568.555924923,1,1989535,1
19973,5705560.09136657,189231.146475655,1,6372685,12
19973,5706276.30537908,189163.796573271,1,8581112,4
19973,5707826.38839406,190548.494167798,1,11337628,2
19973,5707146.67735691,190153.799037043,1,18863384,4
19973,5709460.73598351,191599.227204461,1,23043324,1
19973,5703726.92673792,184936.440435005,1,24949471,2
19981,5707206.658753,185679.748735775,1,1411911,1
19981,5704027.21169966,182408.544278685,1,1464738,2
19981,5706027.08081752,187918.910056463,0,2461760,2
19981,5705856.23785789,187831.243159714,1,4653139,1
19981,5710967.74991313,192563.84649112,1,6534969,1
19981,5705343.3871224,187828.865770293,1,7244819,3
19981,5703957.20670573,181979.008380635,0,8113595,1
19981,5705755.95717253,187751.994220986,1,8120120,1
19981,5708569.25700507,181517.670136312,1,8415126,2
19981,5706327.00545193,186849.084951437,0,9749903,5
19981,5706032.72644329,183809.335494743,1,11133826,2
19981,5704366.82477733,183402.0594499,0,11594788,2
19981,5706130.24618947,187449.814853673,1,11886635,2
19981,5706006.22780886,188127.666921944,0,12578273,1
19981,5706150.50122952,184878.281373491,1,13171907,2
19981,5704292.32306555,182511.24672242,0,13246163,1
19981,5705454.73712609,186174.003260591,1,14953296,3
19981,5708407.04639995,182464.202055043,0,16412577,1
19981,5704485.91310671,185380.688956656,0,17566639,1
19981,5711253.14693222,193209.965110529,1,17723752,3
19981,5705699.40985862,187494.639641818,0,21390712,3
19981,5706887.81138955,185097.630996623,1,21515350,2
19981,5707736.09714377,185275.029610362,1,22984199,1
19981,5704533.70549762,183766.926852159,0,23026377,1
19981,5704649.77500069,184730.100455651,0,23891591,4
19981,5704195.05228335,184664.380831319,0,24500351,3
19981,5708844.79674473,182267.078384134,1,24550019,2
19981,5707758.10860408,188986.964604661,0,22369811,2
19981,5704507.67431681,186151.416999481,1,9581044,3
19981,5708704.26315325,189397.389957411,1,13460683,3
19983,5703578.910732,183779.378343897,1,2115536,3
19983,5705948.9866325,187696.842874212,0,2748648,2
19983,5706845.4853851,187012.058656625,1,3443017,1
19983,5704148.78602636,185317.957630151,1,4171179,2
19983,5703369.06091038,182624.747637886,1,4326083,2
19983,5704038.63844586,184346.884568684,1,5458201,6
19983,5704029.23468597,183638.189802416,1,6440319,2
19983,5705993.24268648,188029.81084443,1,6981977,6
19983,5704298.36082159,185974.950741271,1,7610113,2
19983,5707279.10657971,188448.993732293,1,8602158,4
19983,5704327.16000737,183694.944568822,1,8668425,6
19983,5704127.33363449,186147.259901828,1,10941705,4
19983,5706065.56556267,188133.714820871,1,11493793,1
19983,5705939.56535856,187956.524929965,1,14866336,6
19983,5703503.21922288,184295.313034794,1,17479519,3
19983,5703814.14862736,185094.855983188,1,17932774,4
19983,5706064.00429786,187830.83265266,1,18526694,4
19983,5703868.89942691,183940.728688669,1,19351716,2
19983,5703791.01926947,183918.884615846,1,19736097,1
19983,5703504.53390295,184818.294393721,1,22731912,2
19983,5703659.43331939,183590.992833203,1,24155073,2
19983,5703802.59611198,183586.621406142,1,25622810,1
19983,5706259.4763911,188768.223708409,0,14224424,2
19983,5708426.77404877,190349.963321033,0,14407807,2
19983,5710744.82266036,192543.932187291,0,17327991,5
19983,5707485.19617175,189296.298291059,0,25855228,1
19983,5703675.04045805,184613.866463691,1,968242,4
19983,5704173.62878782,181639.335269544,1,2392034,4
19983,5703622.66631484,184146.725065005,1,2437847,2
19983,5703580.54209992,185003.260291269,1,3298485,4
19983,5704180.29735948,185273.232189829,1,3591043,1
19983,5703603.24809088,184724.195548341,1,4189940,2
19983,5703471.99842206,184083.241520091,1,4276500,3
19983,5703987.53880159,183916.300813064,1,5308279,5
19983,5703587.21829652,184940.621116051,1,5398928,3
19983,5704289.4350222,186040.753920074,1,5409893,2
19983,5704182.19248066,185896.03590396,1,5570373,5
19983,5704072.47730014,185746.48126949,1,7010182,2
19983,5704079.03681405,185617.945233463,1,7148482,4
19983,5703747.89879093,184336.333279572,1,7563332,4
19983,5705179.49589769,185001.659264322,1,7791709,1
19983,5704253.0673932,186018.214015842,1,8275170,1
19983,5703542.45809166,184256.876936168,1,8631849,2
19983,5703884.5993465,184636.412579511,1,8798740,5
19983,5703597.56330928,185196.843383309,1,9226916,2
19983,5703804.46619132,183839.476563673,1,9911654,2
19983,5704128.20975629,184945.998908517,1,10209613,2
19983,5704664.00011236,186410.721590791,1,10610392,1
19983,5703967.15954823,184602.682640002,1,10989660,1
19983,5703998.2522361,183907.224666834,1,11004930,3
19983,5703931.77503466,185592.263131703,1,11465858,2
19983,5703620.76165591,184593.000967867,1,13085276,3
19983,5703839.06855228,183989.14177261,1,13362644,1
19983,5704044.38163772,184595.726288021,1,13590962,1
19983,5704144.69415112,184653.955015098,1,13626442,4
19983,5705463.78340088,183407.322284675,1,13746817,1
19983,5703943.98234895,184722.363737866,1,14086894,2
19983,5705506.80179357,189053.265741205,1,14210741,2
19983,5704018.78534771,184938.695338891,1,14772033,6
19983,5703932.58956538,185585.734418489,1,15034292,3
19983,5703829.57655937,185288.680190896,1,15604324,4
19983,5704193.85833814,185985.942524087,1,15918190,1
19983,5704104.81822407,185150.354727451,1,16382230,1
19983,5707416.29713248,186829.467366997,1,16444453,1
19983,5703700.46937214,183949.050473722,1,16820492,3
19983,5704076.61312613,185866.132290354,1,17001324,6
19983,5703492.87761347,184318.6186341,1,17192911,4
19983,5704103.16165017,185893.435863019,1,17275579,2
19983,5703556.58013427,184680.494218301,1,17306323,2
19983,5704273.49166886,185726.253417778,1,17433728,2
19983,5703635.82794567,183977.286384489,1,19194108,3
19983,5703523.60353725,184084.64750569,1,19509686,2
19983,5704083.97006303,184301.99062578,1,19674000,2
19983,5704020.00946304,184791.561184722,1,20042292,1
19983,5703598.1122649,184036.622525578,1,20455978,5
19983,5703788.15542444,184014.687168499,1,20783983,3
19983,5703589.70029282,184122.257902081,1,20976314,4
19983,5703837.53324046,184593.781787389,1,21424114,2
19983,5704069.08805256,184761.484220797,1,22060103,2
19983,5703599.22009058,183955.703619941,1,22456712,1
19983,5704000.40677621,184624.868570779,1,26065580,1
19983,5709242.10074285,190918.543786877,1,26303427,2
20016,5709124.69169747,184801.211502546,1,420161,2
20016,5708353.13817322,184312.699174155,1,1677162,1
20016,5703806.1912283,185487.523859081,1,6518038,2
20016,5708226.91959363,186059.791167432,1,7516991,1
20016,5708086.23552486,186068.675421589,1,8105524,1
20016,5708865.60511014,184725.656547013,1,11304590,4
20016,5708902.11730585,184749.196432846,1,14841926,2
20016,5706155.74589467,187943.030233902,1,15474256,6
20016,5709087.2913256,184864.451140346,1,16894493,2
20016,5708497.4747567,185150.065354563,1,18438212,2
20016,5705863.1143172,187794.160710393,1,19393342,3
20016,5708976.38667455,181534.798810975,1,20607894,2
20016,5708831.94959382,184703.198139452,1,22132384,1
20016,5705889.76593322,187724.691666976,1,24207385,2
20016,5705784.10213538,184704.323577484,1,24881598,1
20016,5705356.17970053,187421.955238594,0,19972278,5
20016,5705341.65966682,187348.326035376,0,26984864,4
20016,5708216.70434631,185718.470708568,1,532183,1
20016,5708309.13258297,185970.455017256,1,692390,3
20016,5707998.33602062,185572.124363042,1,793854,2
20016,5709222.73662983,181515.529163946,1,1090440,3
20016,5708602.49396588,182669.005602605,1,1320506,2
20016,5708784.54432303,184806.618431813,1,1412169,4
20016,5708036.1664443,185611.835652899,1,1591519,1
20016,5707598.955927,185173.345640095,1,2250469,1
20016,5709255.07962289,184770.46400623,1,2898585,2
20016,5708608.09477489,184076.891436307,1,3055161,3
20016,5706639.93102523,183270.606237177,1,3322510,2
20016,5708086.78354217,184563.756776875,1,3508003,1
20016,5709032.49955736,183707.851111041,1,3644913,2
20016,5707266.62697626,189340.297268366,1,4070386,2
20016,5708316.81173224,185592.790801958,1,5450011,2
20016,5708014.36685474,186059.569069616,1,5683870,2
20016,5708483.08433164,184605.414165753,1,6627060,1
20016,5707380.94487946,186018.339305205,1,6627544,1
20016,5709108.01217387,182516.411143618,1,7519208,5
20016,5708285.4986803,185729.005827614,1,7924799,2
20016,5708391.19028949,185449.833823644,1,9743110,1
20016,5707801.46247921,186302.585849538,1,9806150,1
20016,5707787.55580063,184231.497637555,1,11152403,1
20016,5707765.85223679,184987.592203298,1,11356901,2
20016,5708380.37365904,185406.952554374,1,11424842,3
20016,5708716.57709703,184372.82702689,1,11750307,2
20016,5708089.46147655,184567.049502541,1,12366571,3
20016,5708137.25856506,185861.806437071,1,14007721,6
20016,5707633.85099026,185097.181242997,1,14142782,2
20016,5707705.06236625,185614.242462002,1,14162802,3
20016,5707850.99512998,185127.475423153,1,14384546,1
20016,5709198.53864901,182830.011738195,1,14847431,3
20016,5708097.37604056,184918.24935822,1,15070953,5
20016,5708484.63087726,185483.478555691,1,17062005,3
20016,5708196.78960174,182783.034301603,1,17533003,5
20016,5708693.19687839,182897.834170806,1,17667965,3
20016,5708977.03318918,184962.140491525,1,19347125,1
20016,5707382.37670229,184914.647232703,1,19568154,2
20016,5704042.57440553,185511.625740908,1,21655066,1
20016,5705718.47400175,182425.89168869,1,22635566,1
20016,5707913.26520246,186044.969543461,1,23310035,3
20016,5708879.58645049,185087.667338177,1,23944316,2
20016,5708513.73314339,185527.37712887,1,23949689,4
20016,5704710.3037242,186479.424072144,1,24569328,1
20025,5705905.15653184,185914.976590283,1,940495,1
20025,5704603.2280948,183759.719237089,1,2705813,2
20025,5707256.06653834,182027.341821672,1,3754547,1
20025,5704491.02961261,184572.763412135,1,4780306,2
20025,5709392.5631854,191641.765566205,1,5116069,2
20025,5707044.86611,183673.628467293,1,7113222,4
20025,5704802.2738158,184449.124688967,0,8325518,2
20025,5703502.49885482,184917.481009887,0,9226850,1
20025,5707761.71680371,185614.63232368,1,11001622,4
20025,5707729.69258671,185109.014829244,1,12430733,3
20025,5704091.02987027,182517.774939544,0,13563755,2
20025,5706947.77049666,187443.469411149,0,14118721,4
20025,5705504.02572711,185913.039608917,0,15349172,3
20025,5706959.32207237,186235.430111844,0,15581996,5
20025,5708488.91760046,189824.740689651,0,15953119,9
20025,5705896.54238207,187638.530808032,1,17123216,4
20025,5704702.46658728,183362.481133588,1,17816456,3
20025,5704184.63433469,185479.407609838,1,17875648,2
20025,5706751.25556143,184482.801244882,0,17920326,3
20025,5707196.08243853,187243.32980866,0,18279883,3
20025,5705973.2011313,188015.210629402,1,19038122,1
20025,5704800.54861666,183746.892901179,1,20762512,4
20025,5707570.19428691,186356.515128258,1,23761698,3
20025,5706492.32191447,184288.871117785,0,12115234,2
20025,5705858.57885221,183527.16649169,0,12825374,2
20025,5706267.22549615,184184.406692589,0,14818417,6
20025,5705467.67531793,183124.002453906,0,14866804,5
20025,5706154.54594892,183628.076912665,0,15183674,4
20025,5705578.85309024,184287.168052342,0,19938245,6
20025,5706596.77252198,184352.402620194,0,21082011,1
20025,5705752.9447893,182967.018029721,0,22993126,1
20025,5704091.04609259,182944.6634281,1,594317,2
20025,5708948.1588554,181603.908787271,1,1167336,2
20025,5707657.64633341,189328.151191692,1,1612794,2
20025,5705414.61716469,189060.420230975,1,2190691,2
20025,5704875.53763336,186270.137171418,1,2300130,2
20025,5708936.49894932,184418.810008204,1,2505651,2
20025,5707469.68948693,185275.165935338,1,4578115,1
20025,5708939.96564928,185178.790039719,1,7383699,1
20025,5704606.86931399,186229.021700083,1,7917866,3
20025,5708524.58811337,190644.365357287,1,8309748,3
20025,5704405.80401807,184079.108106142,1,8701276,1
20025,5707871.97263691,185197.764586134,1,9469044,1
20025,5706344.33496841,189482.479066574,1,12336158,2
20025,5704551.41165322,184003.013009188,1,12387041,2
20025,5707138.27967783,190106.269345421,1,12624328,4
20025,5704133.91768151,183487.236667834,1,13557800,1
20025,5704172.29474175,185249.932333564,1,13721065,1
20025,5708183.16246719,189961.729774653,1,13742652,1
20025,5706433.19590324,183644.731519587,1,14645304,1
20025,5707257.7288619,184465.392623421,1,14808782,2
20025,5708230.04687146,190722.338169476,1,15373914,5
20025,5708259.93259533,189547.961593219,1,16489875,3
20025,5709078.17434247,181169.032193012,1,16627709,2
20025,5708512.65025125,185703.7106688,1,16863345,2
20025,5707459.54717687,189641.542288245,1,17231531,3
20025,5706656.9637708,183501.475944588,1,17540094,2
20025,5709188.52966134,182691.065675111,1,17699284,1
20025,5703896.72023811,182938.71623235,1,17798063,2
20025,5708919.20017005,182758.141311343,1,18403628,2
20025,5704356.968392,183536.2861874,1,19734632,3
20025,5703510.00999607,182887.648449845,1,19747590,3
20025,5710762.63475631,191043.518058329,1,20278551,2
20025,5707968.79429947,189476.7642805,1,21088574,4
20025,5710696.02303659,191303.690856426,1,21497739,2
20025,5707797.66650022,186062.945947477,1,21704177,3
20025,5703641.88746586,185098.89580605,1,21919895,3
20025,5708084.49674639,184460.361979168,1,22981642,3
20025,5707902.18179688,190297.851925019,1,23343106,4
20025,5708152.04978458,189478.541257373,1,24412942,1
20025,5705821.43691855,183152.774696971,1,24719538,5
20048,5706286.54314767,183821.127812933,1,135451,1
20048,5706089.42229908,188109.258337484,1,1378347,2
20048,5708590.42618939,181932.833723485,1,1862357,1
20048,5706382.51687611,184580.562749786,0,1932511,4
20048,5706824.90428315,189565.846254208,1,2207554,1
20048,5705965.34118315,188145.832907106,1,2595971,1
20048,5706090.42551547,187942.198655324,1,2633920,2
20048,5707658.14175109,185496.158075885,1,2665082,2
20048,5705835.59789811,187669.836077236,1,3864841,1
20048,5709069.26306288,181516.38340574,1,4215141,2
20048,5705942.3112333,187874.684759608,0,4357497,4
20048,5704107.11671915,183268.862521068,1,5212723,2
20048,5705782.99434962,188000.124225561,1,5322936,6
20048,5708098.29183128,184893.934593249,0,5397947,2
20048,5707310.45631799,189334.322524508,1,5648488,4
20048,5706095.06576709,182887.056543523,0,5692609,3
20048,5707118.24832684,185193.620023391,0,6269657,1
20048,5707327.80185102,185339.887474288,1,6343818,4
20048,5705889.69398936,187389.980280499,1,6411013,1
20048,5704212.96157759,183172.093645007,1,6920906,1
20048,5705879.94008774,183790.354638287,1,6962290,1
20048,5706084.75556555,187958.069636577,1,7736661,2
20048,5707101.34800217,185521.794540098,1,7993192,2
20048,5705921.2044121,187815.420533462,1,8488487,1
20048,5707687.86323321,185256.741521253,1,8517418,2
20048,5706162.6456336,186045.015698965,1,8966646,1
20048,5705868.72263622,189195.158301768,1,9379155,5
20048,5707147.55744912,184712.931434991,1,10127037,2
20048,5708430.09934772,184758.921001661,1,10253507,2
20048,5704338.84635032,184224.196586195,1,10396100,2
20048,5709031.945379,181393.048043867,1,10896097,1
20048,5711918.34088972,193818.693375092,1,11263981,5
20048,5708968.16903485,181578.401120122,0,12349599,3
20048,5708588.3867094,181618.909845359,1,12803161,1
20048,5706712.84323252,185488.843591807,1,12932790,1
20048,5704654.390588,183490.642766455,0,12988140,5
20048,5706211.65955749,187782.467644418,0,14121126,2
20048,5704087.17774858,182401.359293333,0,14241756,3
20048,5703980.53797342,183295.684745515,1,14338633,2
20048,5706525.49201248,188578.698268054,1,14784141,3
20048,5706300.11685446,185390.61009979,1,14797437,1
20048,5708983.19603114,184001.067825518,1,15428300,4
20048,5705984.65515988,187708.09293658,1,15627522,6
20048,5708928.97753792,181615.454216312,1,16474026,4
20048,5708326.17001392,185131.391173169,1,17616950,3
20048,5705502.83184594,184699.703872655,1,19079608,4
20048,5706636.52881221,184944.506441615,1,19715871,2
20048,5705323.27244014,184244.124309334,0,19996853,4
20048,5705566.90903722,184893.378237377,1,21437088,3
20048,5706065.68704343,187936.255762157,1,21533900,1
20048,5705867.12239685,188109.892266545,1,21923684,1
20048,5707421.72117217,184614.358903606,1,22578658,3
20048,5708778.19441368,182081.303800556,1,23144397,3
20048,5704249.5186071,184102.894366105,1,23718187,3
20048,5708173.29407252,190439.684434727,1,23744785,2
20048,5707854.10020315,185140.158524255,1,24620341,3
20048,5705919.43073446,187853.77008263,1,24790390,4
20048,5707692.30531808,190582.863901996,1,24875355,3
20048,5708962.76411029,184689.556668556,0,4188310,1
20048,5707482.39696507,186586.567823861,0,4303678,2
20048,5708472.29233644,182723.568379533,0,6207177,6
20048,5708999.30183289,184697.832561937,1,382086,4
20048,5707912.26529943,190920.9245076,1,1184309,2
20048,5709014.49295994,182438.591882946,1,2718542,1
20048,5708737.66807506,184645.491851727,1,5270180,1
20048,5704983.06219634,185049.896395051,1,5342316,1
20048,5706548.04043864,183783.262023041,1,5653977,4
20048,5705525.12845998,188939.751001228,1,8089543,2
20048,5704266.55262132,182619.09469459,1,13576787,3
20048,5704900.45404899,184617.497219148,1,19486345,1
20048,5709204.30710587,181575.276171751,1,19631108,2
20048,5707093.93050934,184131.835358148,1,24024604,5
20048,5707939.17959084,185496.760820222,1,24324941,2
20085,5707342.23280538,189698.788160777,1,1218614,9
20085,5706046.24734661,187850.914146782,1,1664375,1
20085,5708931.61197213,181659.057491845,1,9890098,1
20085,5709150.00936755,182427.063241592,1,10155842,1
20085,5708969.84571446,181715.890306521,1,10439710,4
20085,5707298.6187416,186744.561050958,1,13156690,2
20085,5706257.66058616,186603.012444002,1,14115078,6
20085,5706807.20807622,183637.881857794,0,15887091,1
20085,5708469.45299995,184586.805787275,1,16434408,1
20085,5706439.8756989,185090.309990448,1,17410362,1
20085,5706784.62663446,188952.965462359,0,20439034,1
20085,5708648.84229775,181475.027535096,0,21608768,1
20085,5705948.86050304,187639.235001299,0,22550283,1
20085,5705488.34089285,182867.967361851,1,22901203,1
20085,5706526.93561622,184519.671989076,0,24081948,3
20085,5705361.66947718,183219.740994089,1,24453864,2
20085,5708094.40441425,181659.419031434,0,5341991,3
20085,5704088.69510278,184792.52435691,1,4666685,1
20085,5709292.56896581,183010.260410961,1,6098881,1
20085,5704556.45568367,184751.448739926,1,9223446,1
20085,5706505.30523393,184582.934668333,1,11665885,4
20085,5704728.28876455,185269.303348233,1,14131790,5
20085,5707814.28192058,189328.449139398,1,21017058,1
20096,5707120.88084838,185425.033921127,0,5451702,5
20096,5703725.80711521,184654.294709769,1,6566120,4
20096,5707336.14370029,190509.606421521,1,7519034,1
20096,5708482.42450393,190317.519854433,0,9157615,4
20096,5708360.42066322,189994.31387697,1,13950934,2
20096,5708400.47578988,190287.324200139,1,21844028,1
20096,5705786.95238713,187775.048003265,1,22976625,4
20096,5706012.85544873,187713.709862648,1,23901023,1
20096,5708612.35500243,182310.46536175,0,11369466,1
20096,5708859.93108732,181354.894432989,0,26946899,3
20096,5707574.7040731,189647.324720186,1,2295989,1
20096,5706804.89646914,188424.265337914,1,4977248,2
20096,5709336.34548235,191057.715388638,1,6483401,2
20096,5707384.12129516,189102.681374506,1,6945536,2
20096,5707532.44701252,189749.122039243,1,11992619,2
20096,5708853.82577373,190408.444130456,1,12898469,4
20096,5707479.61328796,189706.266998341,1,15902905,3
20096,5710084.61038542,191576.174277139,1,19544388,1
20096,5710153.43852,191655.722945031,1,19745578,10
20096,5706515.55375645,188352.829256427,1,19820649,3
20100,5706903.73236737,190563.367306772,0,59204,5
20100,5705399.07258754,188761.720770416,1,768425,2
20100,5707624.67364228,190519.713909831,1,839157,4
20100,5709964.74915361,192003.168293754,1,1642955,2
20100,5707903.51594401,190626.886158918,1,7495044,2
20100,5707503.50732347,189272.694515998,1,9226876,1
20100,5705694.82328801,188667.45623571,1,11756765,3
20100,5707380.49684973,190823.191109218,1,12008005,5
20100,5707602.6593232,190399.171467131,1,23463701,1
20100,5708566.24549943,182333.066501622,1,23851864,3
20100,5708503.2856395,191274.477573326,1,24429622,2
20100,5706060.86915451,188350.161794505,0,25737607,1
20100,5706094.52381452,184851.814942387,0,12754751,1
20100,5705743.84641395,184570.004099475,0,27097478,1
20100,5705732.84604624,188585.051316389,1,2584145,3
20100,5709094.12753773,182124.906187434,1,3719377,4
20100,5707590.77273535,190033.92192251,1,4340799,6
20100,5705681.91042387,188572.766078648,1,6117938,5
20100,5709779.97158456,192114.970660641,1,7010975,4
20100,5708819.15067944,190969.080023411,1,8150391,3
20100,5707991.32073071,190878.40591251,1,10311643,2
20100,5706660.71035786,190053.205122848,1,10431900,2
20100,5706349.48839559,189813.171745254,1,10551083,2
20100,5706903.71133772,189941.775394928,1,11327274,4
20100,5710090.80395924,191858.062706804,1,11508287,1
20100,5705979.39843091,189507.765110619,1,13081457,3
20100,5705779.48124025,188500.966405687,1,13584922,6
20100,5708462.531482,191187.320001261,1,15000247,1
20100,5706897.93897868,190022.410751824,1,15738627,2
20100,5705324.6513686,188320.80787228,1,19441690,2
20100,5710629.11946028,192639.106786335,1,22946270,1
20100,5707567.42735486,190224.778990446,1,23621846,1
20100,5706614.62536234,189784.361077162,1,24727204,3
20100,5706506.76232299,189150.43380093,1,26133321,3
20129,5709016.69643616,185029.511572811,1,1872737,1
20129,5707503.14211897,186293.77505879,1,2056064,1
20129,5707367.81496007,189776.268177213,1,3177547,1
20129,5707291.75331825,186764.184141911,1,4357540,6
20129,5709176.92942809,182384.457339653,1,5548548,1
20129,5705762.59852432,187896.937577103,1,6055665,2
20129,5708073.19504508,185533.278947467,1,7190561,2
20129,5709018.41529116,191313.299996581,1,7760471,1
20129,5709233.68964438,191320.400358913,1,10473811,2
20129,5708523.56102337,184410.8450115,1,10712476,4
20129,5706090.34507132,188093.956943448,1,11795090,5
20129,5703821.84774909,184602.631948162,1,16099749,3
20129,5706108.72010768,188332.227929505,1,16247445,3
20129,5705912.05983741,187874.453422857,1,16345655,1
20129,5709031.60966843,185016.385007068,1,17842270,2
20129,5706001.78641656,187830.298228077,1,19576833,3
20129,5706078.88248016,187650.034646777,1,21659485,2
20129,5706054.00667553,187837.573480498,1,22855218,4
20129,5707880.42507502,185752.636382505,1,23421188,5
20129,5709723.8885518,191302.089722769,1,5004055,3
20129,5709220.24185171,181978.436084482,1,24537729,9
20137,5708442.40105401,185249.816030729,1,854680,4
20137,5708859.71783691,181980.523941141,1,1433775,4
20137,5707527.70858887,184133.70017127,1,1987092,2
20137,5708454.81571247,182346.807068186,1,2716009,5
20137,5707247.7576541,185883.176825807,1,3514811,3
20137,5705872.82005307,187898.451976919,1,4051685,1
20137,5705623.83600865,186031.554379911,1,4321295,3
20137,5708705.01268014,181984.657195941,0,4657016,1
20137,5708758.4028431,181900.243032288,1,5620146,1
20137,5708159.66337318,182648.172155866,0,5774596,1
20137,5705941.39799634,187775.572314524,1,5828287,1
20137,5708606.95708116,182240.462282744,1,6135201,2
20137,5709171.95405351,181338.756205752,1,6194351,4
20137,5708426.71329245,182183.659150409,1,6211519,2
20137,5709129.36689349,181770.1897408,1,6815936,2
20137,5706073.12966098,187827.078100143,1,7092000,4
20137,5705974.12974755,188158.42800093,1,7584318,4
20137,5708375.91230556,182077.998121073,1,7656268,4
20137,5708604.73459372,182117.757940341,1,7658228,10
20137,5707186.24916208,185116.912762906,1,7795636,2
20137,5709156.43092678,182280.038027318,1,8066748,2
20137,5708897.51813173,181499.604363302,0,8332660,1
20137,5706400.91610906,188126.521916933,1,8376655,2
20137,5708943.15448281,181754.124038096,1,8837582,3
20137,5709161.12179455,181986.222593918,1,8964640,2
20137,5706177.86883994,186916.63674061,1,10580621,1
20137,5706095.20951269,187571.031058142,1,10657511,2
20137,5708601.02956524,182296.392720552,0,10953850,2
20137,5706110.30059437,187725.156533194,1,10959489,2
20137,5706205.58302188,187357.178161841,1,11207483,1
20137,5706084.59077375,187668.184849773,0,12633496,2
20137,5708902.64759071,182370.646945557,1,13305562,5
20137,5708019.15539774,185492.446616855,1,14538473,6
20137,5708885.3020532,181637.98912504,1,15289337,1
20137,5708946.37325291,181509.463021019,1,15447815,4
20137,5708923.18300281,182291.8466384,1,15502512,1
20137,5708548.64123409,181749.66023647,1,15833148,2
20137,5708947.6421439,182404.831880786,1,16237852,2
20137,5707686.87800195,185229.883391909,1,16270144,7
20137,5708080.78093884,184698.140976356,1,16384190,1
20137,5708716.87458388,182026.612969615,1,16593576,5
20137,5708624.62664926,181934.040784161,1,17269026,1
20137,5706083.17406808,187328.354083304,1,17318508,6
20137,5708732.32201277,181817.993752394,1,17371235,1
20137,5709156.30476851,181386.6257208,1,17550808,4
20137,5708809.21719113,181992.573649855,1,17659307,2
20137,5708375.8174034,182294.080234236,1,18083932,1
20137,5709069.41680208,182414.789958018,1,18858564,1
20137,5708428.66426075,185141.245333282,1,20138581,3
20137,5708479.57757244,182484.446517168,1,20318923,1
20137,5708490.59689485,182281.167520384,1,20706134,5
20137,5706088.89015768,187960.580684863,1,20884489,2
20137,5709238.94347915,182141.72105751,1,21418321,2
20137,5706034.86434064,187851.256707535,0,22098501,6
20137,5708832.24143169,182057.133239484,1,22135615,1
20137,5708592.97193259,181919.265402761,0,22964366,1
20137,5708333.29426347,182250.575402369,1,23445623,2
20137,5708859.08460387,181794.57080869,1,23651559,8
20137,5708418.35951424,181810.051531308,1,24822942,1
20137,5708251.48497932,182136.545289051,0,25708004,1
20137,5708978.41685002,181918.383512076,0,20086171,5
20137,5709076.23837443,181535.248574851,1,16731,2
20137,5708774.01246098,182080.441182461,1,1763161,2
20137,5708862.72386672,181336.479340833,1,4464515,2
20137,5708874.82818986,181743.355362875,1,4954172,2
20137,5709015.54920545,181330.369184707,1,8480101,3
20137,5709106.46239108,182107.826134788,1,9689486,1
20137,5709317.68907075,181392.106533789,1,10394058,1
20137,5708502.89429543,182295.548698017,1,10465729,2
20137,5708835.64980305,182207.622012901,1,18440147,1
20137,5708922.84492025,181657.264253046,1,18651125,3
20137,5705437.50651154,188981.752007907,1,19655417,4
20137,5708898.0223686,181161.282548547,1,20918334,3
20137,5709081.30009922,181705.721374479,1,21463852,3
20137,5708868.27983184,181952.435696305,1,23296203,2
20137,5709135.61196713,182025.698263479,1,24833556,1
20140,5707151.64648453,190432.695458068,0,118520,1
20140,5705970.73510879,189211.414387258,1,1228314,1
20140,5705843.8979116,188220.739104483,1,2910850,1
20140,5707270.99094713,190566.074871634,1,6120660,2
20140,5706590.12127811,190004.085047434,1,8582226,3
20140,5707791.47220296,190471.141439787,1,9713837,4
20140,5705970.93859867,189048.623800412,1,11556353,3
20140,5709455.76615044,190866.108552282,1,11946080,4
20140,5706738.64384228,190099.734981217,1,16552722,4
20140,5705978.24538045,187828.236027451,1,19977009,3
20140,5706469.6390818,184030.820526938,0,4432866,3
20140,5706372.63520443,184090.202043591,0,20775015,2
20140,5705896.87432892,182904.151523669,0,23881966,2
20140,5707269.27590218,190501.317778841,1,1910933,2
20140,5706940.87469675,190393.920141252,1,2453986,3
20140,5706880.58022843,189963.848159909,1,3175950,2
20140,5706829.90544042,189517.849353963,1,4891884,2
20140,5705573.99661673,188821.11953259,1,6370366,2
20140,5708210.1035737,189788.898688285,1,8215781,2
20140,5705193.96527911,188448.531366218,1,9700948,3
20140,5707935.53475211,190530.926445405,1,9792945,1
20140,5705595.45360269,189206.906849158,1,11097852,6
20140,5710125.36977405,191962.292710059,1,11348390,6
20140,5706920.86577062,190144.109166971,1,13987641,4
20140,5708665.96367046,191205.81785657,1,17646382,2
20140,5704186.16267901,185797.882454036,1,19470007,3
20140,5706749.90103604,190380.93535929,1,19746921,2
20140,5707236.09045382,190201.214971926,1,22583097,2
20140,5705407.71101876,188900.165316109,1,23595902,5
20140,5709173.30921812,191257.108121945,1,24586002,2
20173,5703916.80719231,184531.596908969,1,53320,11
20173,5706238.87141191,188439.119952017,1,1216293,3
20173,5706522.88512709,183999.69658275,1,3224204,2
20173,5705867.21684185,187893.934961016,1,3899338,3
20173,5706822.00533136,188879.630028706,1,6130849,3
20173,5704263.26663862,182559.732641738,0,6667286,2
20173,5704328.71412378,182613.425227582,0,7357541,4
20173,5703797.97116391,183651.954366308,1,7571217,4
20173,5703720.02785852,183657.305075348,1,7690185,8
20173,5703556.15406946,184281.812745166,1,7691058,2
20173,5704121.10674594,186018.593795134,1,8209321,1
20173,5704098.36446581,182668.739538842,1,8572970,1
20173,5703980.07806444,185055.91625382,1,8892789,7
20173,5705848.32106239,187704.403077887,1,9148809,2
20173,5704524.34385271,184014.430058353,0,9566750,3
20173,5703753.85792204,185039.238653103,1,9581182,4
20173,5706280.3816763,189526.398038771,1,10341252,2
20173,5703731.57941636,184259.437962209,1,11136697,2
20173,5705820.89357271,187757.692228833,1,11699256,2
20173,5704066.50714417,183556.988344582,1,11717857,6
20173,5707812.46414813,185365.28824791,1,11976389,2
20173,5705996.16490596,187800.972865627,1,12253727,5
20173,5707561.65487174,184476.231130493,1,12307400,3
20173,5704091.25730883,184877.920876665,1,12323023,2
20173,5704104.06359252,182836.490149141,0,12467099,2
20173,5706124.3335857,187785.549559276,1,14520475,1
20173,5704695.03960969,186591.148152056,1,14886324,6
20173,5706151.7565428,187898.061338915,1,15697637,1
20173,5709424.45451929,191372.644498482,1,16110260,2
20173,5705792.36692222,187660.162681199,1,17030308,10
20173,5706280.31636982,187740.862134894,1,17143871,2
20173,5703988.2025029,184391.654335969,1,17303597,1
20173,5703544.65675135,184626.297856188,1,18149798,1
20173,5704026.64941184,181974.904852334,1,18413775,2
20173,5705793.86257063,187841.138334475,1,19512608,10
20173,5705966.10419904,187811.540844887,1,20583475,1
20173,5706048.41373702,187979.707712145,1,21182650,1
20173,5706017.35902182,188000.929066446,1,21577668,2
20173,5705748.3650429,187885.0010117,1,22391642,4
20173,5703915.21782089,184195.294406301,1,22400941,3
20173,5703709.43061044,183759.19698232,1,22649746,5
20173,5704693.14446284,186030.64508625,1,22669298,4
20173,5703863.14203935,182517.798756267,1,22712589,2
20173,5704150.83013968,183788.898920596,1,23066515,4
20173,5704050.21598661,184960.578645944,1,23127146,2
20173,5706083.81556616,187819.744186713,1,23702208,1
20173,5709030.70513687,184965.178549844,1,23926800,3
20173,5704079.33326119,183178.612061079,1,25535541,2
20173,5707856.66895594,185436.276106222,1,25767948,3
20173,5704285.53979113,182952.227845349,0,312038,3
20173,5711402.5435796,193061.624089121,0,8590433,1
20173,5710764.37932058,191373.50625942,0,11432159,1
20173,5708122.69117754,181635.202933765,0,15102004,1
20173,5706689.39332636,181713.424490931,0,19312290,2
20173,5707561.02403784,184081.741540431,0,23646946,1
20173,5708949.20531729,182165.936787423,0,24887682,4
20173,5704052.62950476,183107.591918968,1,436296,3
20173,5704610.33061274,183831.478065665,1,1108698,6
20173,5703432.13164669,182895.635227374,1,2470262,6
20173,5706699.17605409,185104.188359574,1,2864763,2
20173,5703918.87243315,182853.502797567,1,3790190,2
20173,5704157.65173717,183174.97021491,1,4865942,3
20173,5703981.67736678,183035.5161163,1,5399006,2
20173,5704096.89326306,182187.171994514,1,6273356,3
20173,5704146.35473166,183270.635196665,1,7444799,1
20173,5703899.15789865,183102.050835999,1,8236416,2
20173,5704082.68357044,181637.655133682,1,8576256,1
20173,5703436.71716592,182785.156366097,1,8681737,3
20173,5704036.25689253,183039.131468269,1,9013355,1
20173,5704125.19735551,183604.161984243,1,9414285,1
20173,5704180.99139718,183535.843045386,1,9770402,1
20173,5704542.55135231,181853.824449599,1,10364856,3
20173,5703887.87298944,182858.540943383,1,12032023,1
20173,5707325.97207232,186999.096981539,1,13638742,4
20173,5703954.54943185,183545.374876111,1,13838564,2
20173,5704000.1310814,183062.384661834,1,15280855,2
20173,5703886.53565152,182801.382533991,1,16396470,3
20173,5703885.82625801,182672.998398603,1,16443618,3
20173,5704486.71077462,183831.842386379,1,16633420,3
20173,5703343.45827682,182639.287607189,1,16638425,2
20173,5704220.38964622,182607.262390439,1,19345270,2
20173,5703995.73425776,182850.941392257,1,19758988,1
20173,5704131.27811671,182500.769574032,1,22021609,4
20173,5704188.14959416,182896.426587805,1,22370512,1
20173,5703381.34366774,182936.608104895,1,22438070,9
20173,5703745.1723964,183491.490377202,1,22490016,1
20173,5703436.88682474,182964.689809068,1,22883396,2
20173,5703507.69283704,182715.993448564,1,23310864,2
20173,5704138.67855356,183278.372402903,1,25767196,3
20181,5706716.82478209,183373.480948658,0,44092,1
20181,5704430.43352061,184224.186645271,1,463806,6
20181,5706899.1579254,186916.410016174,1,1426206,1
20181,5705946.14949669,187591.384199593,0,3093644,1
20181,5705689.44296208,184506.71210002,1,3410130,6
20181,5706006.11524007,184752.286380454,1,4599034,4
20181,5707386.91532524,187017.337695456,0,4858924,5
20181,5707630.36732796,190814.711089496,0,5895259,1
20181,5705887.74731347,182963.859023752,0,6080485,3
20181,5709232.49861702,190900.492528772,1,6788992,1
20181,5707239.01345132,187098.980697177,0,7267044,2
20181,5708629.57798192,189738.302178542,1,7418469,1
20181,5707186.09705029,189901.271374638,0,8884472,2
20181,5706278.36849142,187662.429194681,0,9104039,2
20181,5706035.4529444,187981.20923633,1,9807620,2
20181,5708373.76235845,189671.476647511,1,10256132,3
20181,5707100.82257601,185448.080407848,0,11837352,2
20181,5707579.69368464,185562.804722329,1,12685702,3
20181,5707149.50121298,184806.222635551,1,13933690,2
20181,5705976.3218149,187797.946945366,0,14741178,1
20181,5704374.52333761,183722.398501596,1,15194593,1
20181,5706852.55578609,183243.963340999,0,15532129,3
20181,5706350.81985767,183894.140821605,1,17139984,3
20181,5706739.16058031,183440.708061072,0,18785439,1
20181,5706411.27059326,186945.987420931,1,20821524,1
20181,5704915.78331534,185262.669922817,0,21998213,2
20181,5706810.11185358,185330.119231233,1,22713385,4
20181,5708523.87040834,182060.439566025,0,24333942,3
20181,5705706.98506086,188048.187658551,1,24905053,7
20181,5704870.17192212,186102.648755433,0,1247824,2
20181,5704514.14194522,185042.468228571,0,2769619,3
20181,5704323.42388645,185578.818660374,0,7271324,3
20181,5704542.15579113,184083.409575135,0,7818711,3
20181,5705069.38835548,185070.178632407,0,7871633,3
20181,5704449.28017459,184032.378532274,0,10019500,3
20181,5704863.65654188,186040.324533731,0,12731145,5
20181,5704615.46467097,185799.171327955,0,13471714,4
20181,5706632.43418902,183158.092389221,0,17581344,2
20181,5706842.41714972,183394.024997178,0,19616991,4
20181,5706873.0058943,182793.396157249,0,21038700,4
20181,5704005.70392267,183362.813157238,0,22173317,2
20181,5704016.79836213,183232.879737518,0,22546925,5
20181,5704490.21021995,183529.504993904,0,23332054,1
20181,5704088.57753393,182935.691373419,0,23347748,2
20181,5703904.99248782,183101.780609598,0,23723067,6
20181,5703461.77519905,182798.426315102,0,24675635,1
20181,5709038.94719152,182219.48409928,1,1833085,6
20181,5708191.60124114,190327.618363832,1,2034564,1
20181,5708829.45768045,182477.794499904,1,2643428,2
20181,5705846.31617457,184190.752219238,1,3977778,3
20181,5711876.56726259,193892.472333593,1,6194575,2
20181,5708950.71382337,181685.679736897,1,7035739,1
20181,5710713.24457876,191201.705210092,1,9216024,2
20181,5703564.62327415,183764.791481928,1,9524745,4
20181,5703405.9764205,182874.570935353,1,9913041,3
20181,5707714.01848542,189262.541080952,1,10535845,3
20181,5704837.05762298,186105.84734278,1,11025100,6
20181,5703620.26631882,183686.127416204,1,11096054,2
20181,5704786.7076269,183508.236813896,1,12275621,2
20181,5706947.61390967,183766.944030328,1,12435409,1
20181,5707391.9440696,186387.662195051,1,16984301,2
20181,5704483.06294013,184811.869535266,1,21233249,3
20181,5704362.09550813,184290.700909379,1,22269415,6
20181,5704397.60601726,184021.631330832,1,23462657,1
20212,5706799.7175878,187992.905999698,0,1502651,2
20212,5706512.6637837,186177.080471292,1,1854434,4
20212,5707802.7924211,183988.727421804,1,5596178,2
20212,5710010.34765715,192191.34282519,0,5808986,2
20212,5704159.91267387,184827.929951298,1,5957331,3
20212,5704039.66891844,182721.727164655,1,7440044,3
20212,5706374.60077766,186237.308345504,1,8081714,2
20212,5706250.61738788,184875.866884658,1,12552594,3
20212,5705994.2452261,188087.931796566,1,12878239,4
20212,5708301.02510492,185233.519906125,1,15000956,2
20212,5706179.38552977,183719.874510783,1,16268348,4
20212,5705911.14298677,187628.032817241,1,18326534,1
20212,5707623.19281963,184630.260261023,1,19428016,5
20212,5707832.92843034,190719.051747185,1,19753656,4
20212,5704356.68563157,184700.276653032,0,22151644,1
20212,5706762.06660273,186015.41814893,0,22537295,4
20212,5705299.2790987,187447.700559389,0,3409342,1
20212,5707018.78506114,183565.962572318,0,12156336,5
20212,5707037.06345808,183530.728755679,0,24765291,2
20212,5706543.24573018,187849.771048478,1,8323476,3
20212,5709110.0785426,181852.687718411,1,11168005,3
20212,5708740.33632408,190795.642807054,1,13875747,2
20212,5704021.19766715,185766.643231902,1,13934533,5
20212,5704435.3730598,184188.451623242,1,14044702,2
20212,5705271.04421364,186209.5872838,1,15197760,2
20212,5709039.24346113,181807.20675229,1,15278952,2
20212,5708380.93898418,189765.699185795,1,17555171,3
20212,5705213.28286336,188297.126494144,1,18252765,2
20212,5707969.78974857,189523.533100158,1,20034411,3
20212,5708943.10602601,181787.743401791,1,21692183,1
20212,5704412.69258567,185904.737585464,1,21712474,3
20212,5707136.99987406,190113.540620956,1,23483201,5
20212,5709183.1224867,181983.193879968,1,23623505,1
20212,5709045.83632067,181495.232123102,1,23955703,3
20212,5708226.40631289,189528.240471504,1,24017992,2
20218,5705987.26184767,187725.197482342,1,641805,4
20218,5705547.29416481,185935.397754516,1,1652253,2
20218,5705903.1663957,187685.711092558,1,1946932,2
20218,5704871.00464311,185933.132716826,0,4441380,1
20218,5707231.11792029,185101.29606957,0,5470405,2
20218,5704777.7959634,184576.124269754,1,7166516,2
20218,5709340.87982548,190765.297908161,1,7729528,2
20218,5705981.51547661,187413.555062658,1,9203449,2
20218,5705475.11897264,184509.368934097,1,9509899,9
20218,5706320.06834762,188168.323912818,1,11575126,9
20218,5707155.62857687,190239.769948691,1,12121834,4
20218,5705802.31225583,187819.333103146,1,13663330,3
20218,5706055.30215294,187653.199301015,1,15217026,2
20218,5711883.32974969,193971.627641166,1,15254089,4
20218,5708292.7679598,185836.853409435,1,17139178,1
20218,5705181.17584517,184814.998036114,0,19607697,3
20218,5706007.23166955,184023.53980909,1,19624832,4
20218,5704918.52239596,185074.888025817,1,19702828,1
20218,5706064.82078327,186232.485688617,1,21620479,1
20218,5705847.31121576,187684.40547325,1,23198263,3
20218,5706811.61489262,183593.549290501,1,23757590,4
20218,5707597.75973963,186738.777209868,1,24629864,1
20218,5707282.16732626,190138.528819619,0,1518916,4
20218,5704608.64705026,185051.522352986,1,14782504,5
20218,5706930.03454041,190618.142399559,1,17063475,1
20274,5706090.46986402,187633.828747611,1,1031521,1
20274,5706047.01968287,187733.25329427,1,1611411,2
20274,5705916.48215418,187702.522695442,1,3016293,1
20274,5705857.36494577,187592.319295877,1,4262742,4
20274,5706232.88957966,187389.468775197,1,7300676,2
20274,5707727.20534397,190318.924177799,1,8283318,3
20274,5705331.78233555,185224.063639691,1,9486132,1
20274,5705274.45319169,186445.538597153,1,12189674,5
20274,5705846.21034357,187732.405966522,1,13645212,4
20274,5706076.43568808,187677.178117031,1,15032844,2
20274,5709105.85725722,190244.327940846,1,15995228,3
20274,5708569.22970909,185644.778014305,1,18646101,1
20274,5703997.76445662,182159.062467013,1,20424279,1
20274,5704030.30011139,182239.966293254,1,20523382,4
20274,5706107.62886891,187059.146336931,1,21020360,2
20274,5705787.05580982,188035.892817743,0,24695803,1
20274,5704253.55213794,183602.93174141,0,8337145,3
20274,5703735.00237678,183681.01621035,0,15195655,6
20274,5704227.38417505,183688.416750777,0,20475570,1
20274,5707596.09324474,183743.795672016,1,171645,5
20274,5703841.74257456,183650.19092293,1,1250030,1
20274,5704500.75794467,183796.261307511,1,1257149,1
20274,5704088.80700398,183526.633475461,1,1736741,3
20274,5704161.18914178,182469.95086814,1,2344932,1
20274,5703898.30526343,182677.2805663,1,3129628,4
20274,5703986.02858321,182741.275381921,1,3468932,2
20274,5703430.07120666,182536.139238026,1,4133254,2
20274,5703625.66367417,184058.32474751,1,4165495,1
20274,5703460.21157761,182912.188862926,1,4225062,2
20274,5704033.91726866,182782.346311416,1,8614447,1
20274,5704209.23842099,182594.246314555,1,10454259,4
20274,5704527.9695062,183799.999268756,1,10722515,3
20274,5704002.92915221,182898.221571293,1,12454620,6
20274,5705463.97492458,182668.745803278,1,12844219,2
20274,5704538.93331571,183341.240706477,1,14353153,2
20274,5704132.55534167,182519.51033312,1,16391140,10
20274,5703629.09707247,183610.282143506,1,16580875,6
20274,5703675.92479074,183454.782542984,1,17819683,1
20274,5707181.6784233,186319.723868143,1,18370994,1
20274,5704048.19378932,182784.252323216,1,19732757,2
20274,5706728.49428149,186039.450332253,1,20158988,2
20274,5704159.08017478,182320.62193233,1,20658007,2
20274,5703944.96363035,182674.349953325,1,23310492,4
20274,5704240.13074778,182535.804283449,1,24313683,1
20274,5704543.2386228,183703.588191162,1,24703369,3
