"","rbd","alu_no_vul","mrun","ptje_mate4b_alu","ptje_lect4b_alu","PRIORITARIO_ALU","PREFERENTE_ALU","BEN_SEP","latitud_gps","longitud_gps","sep","latitud","longitud","zona"
"1",5569,0,4204709,210.57,207.26,1,0,1,-38.73976459,-72.62034094,1,706824.554571209,5709412.76156946,4
"2",5569,0,5940134,266.79,274.1,1,0,1,-38.7379861,-72.58503908,1,709898.367792805,5709529.75828337,4
"3",5569,0,5953633,205.62,247.18,1,0,1,-38.7388298,-72.59226358,1,709267.899364293,5709452.66688508,4
"4",5569,0,10940939,222.01,221.04,1,0,1,-38.73825328,-72.59431193,1,709091.526740716,5709521.33645167,4
"5",5569,0,11053992,277.51,304.76,1,0,1,-38.73694329,-72.62143349,1,706737.724367434,5709728.3584512,4
"6",5569,0,11703315,315.59,336.83,0,1,1,-38.73982459,-72.62641048,1,706296.790591292,5709419.80520721,4
"7",5569,0,12799989,245.11,192.44,0,1,1,-38.73892514,-72.58235677,1,710128.779706907,5709419.3794985,4
"8",5569,0,14156666,269.69,269.35,1,0,1,-38.735938,-72.59337008,1,709180.156664648,5709776.15080337,4
"9",5569,0,14996511,256.11,295.42,0,1,1,-38.73953327,-72.58699216,1,709724.064046195,5709362.520246,4
"10",5569,0,17594346,312,293.5,1,0,1,-38.7437946,-72.61425608,1,707341.815905434,5708951.70937863,4
"11",5569,0,17971530,196.85,218.52,1,0,1,-38.72897936,-72.62544888,1,706411.608583091,5710621.31501654,4
"12",5569,0,18873769,247.97,259.82,1,0,1,-38.73305727,-72.6219423,1,706704.702069782,5710160.80553154,4
"13",5569,0,19624959,269.38,355.47,0,1,1,-38.7369618,-72.62317708,1,706586.104458487,5709730.24217556,4
"14",5569,0,19704384,227.47,264.66,1,0,1,-38.73217529,-72.6200461,1,706872.089237967,5710254.40879816,4
"15",5569,0,23996337,234.91,326.47,1,0,1,-38.74233493,-72.60563747,1,708095.182399305,5709094.14585723,4
"16",5569,0,24873974,190.36,261.8,0,1,1,-38.73068234,-72.62451563,1,706487.837403551,5710430.2013035,4
"17",5569,1,9138082,307.56,270.9,0,0,0,-38.73860067,-72.58502715,0,709897.604696083,5709461.52122022,4
"18",5569,1,25638170,254.88,200,0,0,0,-38.72638916,-72.61890324,0,706988.149026144,5710894.00935194,4
"19",5569,1,5418269,227.85,272.02,0,0,0,-38.73260392,-72.62282226,0,706629.511812837,5710213.10881456,4
"20",5569,1,25501377,227.71,226.68,0,0,0,-38.7375316,-72.62413754,0,706500.971871176,5709669.16987441,4
"21",5569,1,190508,216.17,189.67,0,0,0,-38.73819557,-72.5896652,0,709495.620314559,5709517.11224953,4
"22",5569,1,24874597,278.5,305.5,0,0,0,-38.74683301,-72.63033777,0,705935.268908974,5708650.80978046,4
"23",5575,0,1044175,237.78,316.37,1,0,1,-38.73830241,-72.61503276,1,707290.19509893,5709563.03205875,4
"24",5575,0,1448606,171.12,230.47,0,1,1,-38.74029838,-72.60853522,1,707849.213050034,5709326.76417669,4
"25",5575,0,2482519,286.83,252.23,1,0,1,-38.73701033,-72.60752939,1,707946.185023769,5709689.41040379,4
"26",5575,0,2542763,164.64,161.43,1,0,1,-38.7289274,-72.61573282,1,707256.449343754,5710605.12260473,4
"27",5575,0,4358111,227.03,188.3,1,0,1,-38.74219841,-72.61291484,1,707463.017830942,5709125.8254922,4
"28",5575,0,5358932,245.7,313.02,1,0,1,-38.73099033,-72.62350847,1,706574.507712851,5710393.74541851,4
"29",5575,0,5711475,223.46,212.64,1,0,1,-38.73280287,-72.62079277,1,706805.367719579,5710186.44332379,4
"30",5575,0,6180126,281.1,266.83,0,1,1,-38.74412601,-72.61571433,1,707214.106842849,5708918.23105702,4
"31",5575,0,6691734,191.36,271.36,1,0,1,-38.73544756,-72.59548434,1,708997.795401578,5709835.41481886,4
"32",5575,0,7358178,199.14,290.67,0,1,1,-38.74513859,-72.6276345,1,706175.101912588,5708832.77951851,4
"33",5575,0,7394292,236.34,270.95,1,0,1,-38.74564099,-72.63352716,1,705661.482707477,5708790.28337013,4
"34",5575,0,7445054,217.35,185.64,1,0,1,-38.73420651,-72.62331194,1,706582.323280978,5710036.3478934,4
"35",5575,0,9042999,252.05,288.54,1,0,1,-38.73593663,-72.59431578,1,709097.951455231,5709778.46441736,4
"36",5575,0,11606807,259.47,209.6,1,0,1,-38.73670818,-72.59536965,1,709004.088943563,5709695.23984365,4
"37",5575,0,11959421,224.95,236.8,1,0,1,-38.73703724,-72.58131236,1,710225.104437777,5709626.51407551,4
"38",5575,0,12190006,153.71,176.2,1,0,1,-38.73760263,-72.62598571,1,706340.111278876,5709665.45594382,4
"39",5575,0,13663295,259.72,348.53,1,0,1,-38.74215282,-72.63087604,1,705901.934684098,5709171.46143056,4
"40",5575,0,13860951,230.36,269.58,0,1,1,-38.74003491,-72.62882896,1,706085.961058029,5709401.91273952,4
"41",5575,0,15916030,340.03,293.46,0,1,1,-38.7386125,-72.62512558,1,706411.971005565,5709551.4334914,4
"42",5575,0,16425667,262,310.75,0,1,1,-38.73477857,-72.60963724,1,707769.42389096,5709941.8955305,4
"43",5575,0,16873257,338.49,325.76,0,1,1,-38.73699272,-72.62063182,1,706807.269197143,5709721.0607306,4
"44",5575,0,17556655,216.93,269.5,1,0,1,-38.74059825,-72.61273649,1,707483.153781503,5709303.01837103,4
"45",5575,0,17933781,240.13,278.38,1,0,1,-38.74459219,-72.59322618,1,709167.401933736,5708815.31440105,4
"46",5575,0,18705251,314.4,310.15,0,1,1,-38.74573207,-72.63407062,1,705613.985320911,5708781.39628649,4
"47",5575,0,19255832,262.55,324.83,0,1,1,-38.73452882,-72.59694157,1,708873.795929763,5709940.71084464,4
"48",5575,0,19734596,315.7,242.09,1,0,1,-38.7321599,-72.61864071,1,706994.309426702,5710252.93881487,4
"49",5575,0,20759602,230.69,262.94,1,0,1,-38.73249984,-72.60739569,1,707970.895395542,5710189.71328816,4
"50",5575,0,20852940,184.52,252.22,1,0,1,-38.74140414,-72.60951517,1,707760.825738247,5709206.26464907,4
"51",5575,0,22903812,212.5,188.52,0,1,1,-38.74341707,-72.63022227,1,705955.127237388,5709029.67463981,4
"52",5575,0,23302430,174.32,154.43,0,1,1,-38.73607943,-72.62225851,1,706668.498302826,5709826.09942966,4
"53",5575,0,23778474,259.06,321.59,1,0,1,-38.74318037,-72.6148198,1,707294.594676101,5709021.15852164,4
"54",5575,0,23827551,221.36,193.25,0,1,1,-38.74408656,-72.61396184,1,707366.546121383,5708918.63863737,4
"55",5575,0,23840811,157.97,206.23,1,0,1,-38.74117781,-72.61266994,1,707487.260320884,5709238.54369262,4
"56",5575,0,24175614,295.68,242.11,0,1,1,-38.74521513,-72.62220173,1,706647.08594096,5708812.02676786,4
"57",5575,0,24721706,169.69,217.95,1,0,1,-38.74377008,-72.61402658,1,707361.834931738,5708953.91062418,4
"58",5575,0,24817277,263.82,306.46,0,1,1,-38.73758565,-72.62486496,1,706437.583648007,5709664.81247673,4
"59",5575,1,11569745,204.11,214.11,0,0,0,-38.7311511,-72.56257448,0,711871.359321081,5710236.58558104,11
"60",5578,0,127770,247.21,279.36,1,0,1,-38.74204995,-72.61359405,1,707404.409547381,5709143.8426393,4
"61",5578,0,161308,257.63,311.05,0,1,1,-38.73584477,-72.59925608,1,708668.761418334,5709799.93779668,4
"62",5578,0,182383,290.88,306.23,1,0,1,-38.74387407,-72.62726745,1,706210.644620223,5708972.29755121,4
"63",5578,0,219532,234.58,292.76,1,0,1,-38.736921,-72.61649915,1,707166.720655949,5709719.67191948,4
"64",5578,0,257433,293.48,309.22,1,0,1,-38.73260572,-72.6210361,1,706784.78311322,5710208.87429284,4
"65",5578,0,333240,316.86,264.48,0,1,1,-38.74110999,-72.62995797,1,705984.732489188,5709285.13537002,4
"66",5578,0,777256,339.35,327.47,1,0,1,-38.74527678,-72.62456843,1,706441.19994261,5708810.52778366,4
"67",5578,0,1100163,228.94,290.41,0,1,1,-38.73733365,-72.61990994,1,706869.036511904,5709681.59007517,4
"68",5578,0,1139057,328.72,344.44,1,0,1,-38.73685884,-72.58914928,1,709544.376244373,5709664.29126572,4
"69",5578,0,1319599,298.85,318.78,0,1,1,-38.73716523,-72.61865207,1,706978.866346051,5709697.43784792,4
"70",5578,0,1359147,301.06,337.17,1,0,1,-38.73735901,-72.62852099,1,706120.427715631,5709698.20887882,4
"71",5578,0,1416055,261.83,265.66,1,0,1,-38.7391178,-72.62840028,1,706125.861707448,5709502.73428803,4
"72",5578,0,1452914,234.58,260.39,1,0,1,-38.73921602,-72.58618547,1,709795.114577264,5709395.88163526,4
"73",5578,0,2407862,283.18,268.65,1,0,1,-38.74143201,-72.5894527,1,709504.629485706,5709157.42090085,4
"74",5578,0,2517606,251.71,266.72,0,1,1,-38.73673816,-72.62274744,1,706624.096927641,5709754.09318276,4
"75",5578,0,2734669,293.77,283.55,0,1,1,-38.73505552,-72.61467607,1,707330.59403758,5709922.5868751,4
"76",5578,0,2762772,303.86,282.42,0,1,1,-38.73990083,-72.62646896,1,706291.487773853,5709411.47541755,4
"77",5578,0,2947842,351.33,289.62,1,0,1,-38.73680473,-72.62178169,1,706707.855739844,5709744.52348979,4
"78",5578,0,3016665,332.65,340.68,0,1,1,-38.73967606,-72.59128763,1,709350.262390989,5709356.50986542,4
"79",5578,0,3100704,250.44,333.84,1,0,1,-38.73840915,-72.59420054,1,709100.75467901,5709503.78226642,4
"80",5578,0,3335303,276.21,288.61,0,1,1,-38.73634106,-72.58628384,1,709794.980268155,5709715.19222953,4
"81",5578,0,3429791,254.76,199.54,1,0,1,-38.74595584,-72.63371754,1,705644.031668889,5708755.76710836,4
"82",5578,0,3519898,316.91,340.68,0,1,1,-38.73542379,-72.62285848,1,706618.233765445,5709900.22186832,4
"83",5578,0,4008292,271.87,228.74,1,0,1,-38.72686167,-72.61337116,1,707467.744886034,5710829.04063488,4
"84",5578,0,4322366,285.48,325.23,0,1,1,-38.74385557,-72.63212703,1,705788.306265365,5708985.29313019,4
"85",5578,0,4490668,265.58,266.32,1,0,1,-38.74550647,-72.62787255,1,706153.352549503,5708792.48607403,4
"86",5578,0,4814697,248.77,263.97,0,1,1,-38.72959936,-72.62017901,1,706867.968837776,5710540.60382962,4
"87",5578,0,4827024,259.07,238.56,1,0,1,-38.74057317,-72.61931242,1,706911.623294486,5709320.69411965,4
"88",5578,0,4920761,341.54,365.28,0,1,1,-38.73695579,-72.62466771,1,706456.544560417,5709734.27366913,4
"89",5578,0,5479848,314.98,316.9,1,0,1,-38.74059715,-72.63017859,1,705967.029718645,5709342.55058159,4
"90",5578,0,5711883,231.63,282.33,1,0,1,-38.73875069,-72.62432482,1,706481.179531034,5709534.28941399,4
"91",5578,0,5946246,345.65,314.6,0,1,1,-38.74041408,-72.60902371,1,707806.416019137,5709315.03257276,4
"92",5578,0,5973538,266.07,309.85,1,0,1,-38.72758002,-72.6148297,1,707338.861489126,5710752.61854615,4
"93",5578,0,6361233,249.57,323.75,1,0,1,-38.74197246,-72.61278533,1,707474.929313952,5709150.6093694,4
"94",5578,0,6632526,291.26,239.1,1,0,1,-38.73377792,-72.6215201,1,706739.326321808,5710079.86899801,4
"95",5578,0,6634205,305.96,297.44,0,1,1,-38.74172182,-72.61459807,1,707318.087763469,5709182.53649463,4
"96",5578,0,7367862,273.58,303.31,1,0,1,-38.7335578,-72.61592091,1,707226.710169452,5710091.63428653,4
"97",5578,0,7918102,285.53,328.16,0,1,1,-38.74497497,-72.63062839,1,705915.349808185,5708857.68223002,4
"98",5578,0,8065805,255.69,303.15,0,1,1,-38.73556377,-72.62382987,1,706533.387738111,5709886.87892319,4
"99",5578,0,8249973,297.58,345.98,0,1,1,-38.73951945,-72.60763416,1,707929.797026365,5709411.16812325,4
"100",5578,0,8349155,305.3,352.31,1,0,1,-38.74114868,-72.59463834,1,709054.705639334,5709200.72905665,4
"101",5578,0,8381898,262.7,348.78,0,1,1,-38.73474189,-72.60380253,1,708276.745948788,5709932.70190581,4
"102",5578,0,8744735,249.55,249.37,1,0,1,-38.74334534,-72.58921101,1,709520.042760685,5708944.51138969,4
"103",5578,0,9101516,308.12,303.95,0,1,1,-38.73449816,-72.60365008,1,708290.706886884,5709959.40582261,4
"104",5578,0,9190389,315.07,318.68,0,1,1,-38.74312121,-72.6138251,1,707381.22562742,5709025.47022152,4
"105",5578,0,9249426,307.8,304.34,1,0,1,-38.73077918,-72.61316296,1,707474.507310702,5710393.77585706,4
"106",5578,0,9381180,255.53,252.23,0,1,1,-38.74145956,-72.60100035,1,708500.795432735,5709180.74327779,4
"107",5578,0,9637106,286.61,261.62,0,1,1,-38.74776128,-72.63445473,1,705574.776625035,5708557.04373492,4
"108",5578,0,9718598,202.64,205.18,1,0,1,-38.73736319,-72.62057847,1,706810.8376783,5709679.8227837,4
"109",5578,0,10067612,260.38,277.72,0,1,1,-38.74311616,-72.61414652,1,707353.302264254,5709026.75924916,4
"110",5578,0,10192665,278.81,276.66,1,0,1,-38.74438158,-72.62134668,1,706723.810141456,5708902.60830997,4
"111",5578,0,10197316,309.15,289.01,1,0,1,-38.73986011,-72.61283424,1,707476.794246895,5709385.1641417,4
"112",5578,0,10480141,298.94,302.34,1,0,1,-38.73563457,-72.62607115,1,706338.350547551,5709884.07753755,4
"113",5578,0,10630580,260.46,284.36,0,1,1,-38.74409614,-72.62812662,1,706135.327188104,5708949.58689677,4
"114",5578,0,11207362,268.98,298.98,0,1,1,-38.74158163,-72.58565252,1,709834.513947685,5709132.10583417,4
"115",5578,0,11229461,241.93,218.3,1,0,1,-38.73874474,-72.6211593,1,706756.36161468,5709527.80132026,4
"116",5578,0,11494806,230.76,294.73,0,1,1,-38.74768107,-72.63518991,1,705511.108890436,5708567.59786774,4
"117",5578,0,11620646,289.7,215.01,0,1,1,-38.73759293,-72.59544547,1,708994.917763804,5709597.21686727,4
"118",5578,0,11646848,296.82,319.63,1,0,1,-38.74426397,-72.6164494,1,707149.816246092,5708904.58394475,4
"119",5578,0,11820201,298.63,302.57,1,0,1,-38.73156647,-72.61461759,1,707345.77097875,5710309.69380509,4
"120",5578,0,12266947,243.55,235.3,1,0,1,-38.74592432,-72.62469405,1,706428.415534555,5708738.94267273,4
"121",5578,0,12610754,294.72,209.41,1,0,1,-38.73918667,-72.62749429,1,706204.416839627,5709493.04916634,4
"122",5578,0,13164186,245.39,294.56,1,0,1,-38.7429469,-72.62840716,1,706114.248963336,5709077.76965892,4
"123",5578,0,13175392,280.04,259.41,1,0,1,-38.73463547,-72.59603185,1,708952.56799997,5709926.79702475,4
"124",5578,0,13591247,290.49,323.24,1,0,1,-38.7369314,-72.62066505,1,706804.557538147,5709727.94156083,4
"125",5578,0,13719954,332.19,307.02,1,0,1,-38.7351473,-72.61585152,1,707228.146495269,5709915.06320204,4
"126",5578,0,13728398,306.84,315.47,0,1,1,-38.73593075,-72.62515883,1,706416.804928121,5709849.14774721,4
"127",5578,0,13840864,249.81,288.87,1,0,1,-38.73674485,-72.5879491,1,709649.039483103,5709674.19345824,4
"128",5578,0,14026120,254.65,282.24,1,0,1,-38.74326159,-72.61461642,1,707312.037537489,5709011.68329219,4
"129",5578,0,14046386,186.54,237.52,0,1,1,-38.73437182,-72.62499836,1,706435.244691968,5710021.80656788,4
"130",5578,0,14406398,282.64,238.83,1,0,1,-38.74182231,-72.6287036,1,706091.716915332,5709203.25230219,4
"131",5578,0,15261054,254.08,223.7,0,1,1,-38.73647195,-72.62387376,1,706526.955238312,5709786.18185975,4
"132",5578,0,15296872,272.75,232.67,0,1,1,-38.73393509,-72.62646447,1,706309.051502771,5710073.58439449,4
"133",5578,0,15328131,312.45,311.81,0,1,1,-38.73197038,-72.62489006,1,706451.576309029,5710288.09058755,4
"134",5578,0,15446303,334.01,337.39,0,1,1,-38.73283701,-72.61169043,1,707596.562330008,5710162.04372347,4
"135",5578,0,15705559,299.39,307.74,1,0,1,-38.73007624,-72.61443243,1,707366.178866143,5710474.67045579,4
"136",5578,0,16237673,325.23,298.99,0,1,1,-38.7439072,-72.62746613,1,706193.28013438,5708969.06835999,4
"137",5578,0,16549170,280.73,308.28,1,0,1,-38.73594785,-72.59437155,1,709093.070663127,5709777.34658337,4
"138",5578,0,16790556,376.61,270.51,0,1,1,-38.72849793,-72.61932685,1,706945.232578326,5710660.92149522,4
"139",5578,0,17025417,275.99,316.58,0,1,1,-38.74474001,-72.59174827,1,709295.428534417,5708795.52805296,4
"140",5578,0,17768777,239.44,224.64,0,1,1,-38.73090221,-72.61859349,1,707002.046516476,5710392.41920656,4
"141",5578,0,17786219,243.81,302.55,0,1,1,-38.7458064,-72.62615208,1,706302.02763884,5708755.3192965,4
"142",5578,0,18026821,208.73,223.14,1,0,1,-38.73762748,-72.62901237,1,706076.941377358,5709669.51905006,4
"143",5578,0,18027886,264.44,288.59,1,0,1,-38.74298542,-72.60066852,1,708525.198197027,5709010.63567625,4
"144",5578,0,18583596,331.99,353.01,0,1,1,-38.74043154,-72.59502893,1,709022.846308597,5709281.21508644,4
"145",5578,0,18671280,244.4,313.63,0,1,1,-38.73420211,-72.62625702,1,706326.316750458,5710043.48094076,4
"146",5578,0,18752602,302.64,345.23,0,1,1,-38.73978699,-72.61347774,1,707421.07002241,5709394.73857652,4
"147",5578,0,18821450,240.62,253.97,1,0,1,-38.74358903,-72.61373983,1,707387.283211845,5708973.35487651,4
"148",5578,0,18825619,241.32,340.68,1,0,1,-38.73285129,-72.61204951,1,707565.305076815,5710161.27338886,4
"149",5578,0,19003382,222.18,225.77,0,1,1,-38.74817152,-72.63355569,1,705651.738590813,5708509.49169534,4
"150",5578,0,19351545,279.84,249.95,1,0,1,-38.73936353,-72.62770422,1,706185.659778166,5709473.89311852,4
"151",5578,0,19848700,334.19,320.73,1,0,1,-38.73750201,-72.58301627,1,710075.623966786,5709578.8438729,4
"152",5578,0,20078006,316.38,270.16,0,1,1,-38.72988548,-72.61673425,1,707166.618470089,5710501.05569213,4
"153",5578,0,20807837,296.75,302.39,1,0,1,-38.73709792,-72.58393841,1,709996.648566004,5709625.80971425,4
"154",5578,0,20822828,285.9,293.38,1,0,1,-38.73495765,-72.62342587,1,706570.254261432,5709953.23836975,4
"155",5578,0,20954775,287.18,255.29,1,0,1,-38.73825847,-72.59035552,1,709435.429181094,5709511.71152177,4
"156",5578,0,21014633,298.59,267.2,0,1,1,-38.74605403,-72.62432141,1,706460.43045105,5708723.70560896,4
"157",5578,0,21212992,261.76,257.37,1,0,1,-38.73774252,-72.61522851,1,707274.79869697,5709625.61610921,4
"158",5578,0,21538611,314.01,322.57,0,1,1,-38.72734585,-72.61831581,1,707036.45775723,5710786.50055846,4
"159",5578,0,22003144,263.57,292.91,1,0,1,-38.74055893,-72.59150859,1,709328.476283171,5709259.02782569,4
"160",5578,0,22585787,265.06,272.6,1,0,1,-38.73898641,-72.60669159,1,708013.277200348,5709468.18627388,4
"161",5578,0,22598432,319.25,340.72,1,0,1,-38.74309074,-72.62823967,1,706128.393461541,5709061.42793757,4
"162",5578,0,22601176,230.19,215.93,1,0,1,-38.73631983,-72.59406787,1,709118.383971479,5709735.36745658,4
"163",5578,0,22931956,314.87,340.68,0,1,1,-38.73736949,-72.62433243,1,706484.497732244,5709687.60179635,4
"164",5578,0,22945544,254.67,237.88,0,1,1,-38.73921285,-72.59448487,1,709073.693965656,5709415.2313647,4
"165",5578,0,23580028,255.29,240.52,1,0,1,-38.74143703,-72.60867464,1,707833.791412675,5709200.70521535,4
"166",5578,0,23665428,288.06,277.9,1,0,1,-38.73684717,-72.62184944,1,706701.843956623,5709739.96625394,4
"167",5578,0,23811751,293.7,304.77,0,1,1,-38.74198737,-72.62857233,1,706102.652362655,5709184.63708614,4
"168",5578,0,24310250,253.23,286.83,1,0,1,-38.73937044,-72.6265226,1,706288.352034107,5709470.46273247,4
"169",5578,0,24392776,380.6,374.08,0,1,1,-38.7442571,-72.58874953,1,709557.488019299,5708842.26026173,4
"170",5578,0,24452572,292.77,272.61,1,0,1,-38.73928673,-72.61470039,1,707316.239075617,5709453.03212708,4
"171",5578,0,24564850,303.36,258.82,0,1,1,-38.73548726,-72.62404623,1,706514.800133834,5709895.85886587,4
"172",5578,1,12913456,278.03,292.98,0,0,0,-38.73684938,-72.59321537,0,709190.945178045,5709674.64531994,4
"173",5578,1,10536121,265.33,254.02,0,0,0,-38.73106096,-72.61110946,0,707652.21303588,5710357.84421036,4
"174",5578,1,5015690,374.17,369.22,0,0,0,-38.71694523,-72.55221019,0,712814.550820707,5711789.21934315,11
"175",5578,1,200733,309.45,323.27,0,0,0,-38.7336527,-72.57151625,0,711086.633031002,5709979.60361877,11
"176",5578,1,10212398,288.82,311.98,0,0,0,-38.75031399,-72.60715411,0,707940.192661182,5708212.01928048,14
"177",5578,1,3634787,290.58,310.91,0,0,0,-38.72372179,-72.62580325,0,706395.936110707,5711205.63491059,3
"178",5578,1,7772048,279.5,263.52,0,0,0,-38.75194475,-72.61891024,0,706913.736016542,5708057.68469432,13
"179",5578,1,16160529,315.02,303.42,0,0,0,-38.75284471,-72.61591676,0,707171.295370887,5707951.02468922,13
"180",5578,1,12609978,372.35,311.22,0,0,0,-38.75169191,-72.6116257,0,707547.566088356,5708069.24310717,13
"181",5578,1,1143824,321.42,311.84,0,0,0,-38.75180423,-72.61850932,0,706948.985850411,5708072.37362901,13
"182",5578,1,13409290,328.97,340.94,0,0,0,-38.75237064,-72.62845106,0,706083.321614581,5708031.95542601,13
"183",5578,1,16691456,329.11,347.6,0,0,0,-38.75374096,-72.63288879,0,705693.707511591,5707889.85662977,13
"184",5578,1,24883594,267.66,245.87,0,0,0,-38.75360281,-72.63206678,0,705765.543088161,5707903.34060778,13
"185",5578,1,1400734,236.14,197.19,0,0,0,-38.75352962,-72.62627096,0,706269.454261496,5707898.40940652,13
"186",5578,1,188079,306.4,255.84,0,0,0,-38.75299972,-72.63799002,0,705252.497694629,5707983.58407059,13
"187",5578,1,19201672,297.58,325.86,0,0,0,-38.75229741,-72.63560825,0,705461.507551678,5708056.18403593,13
"188",5578,1,14470688,326.99,313.6,0,0,0,-38.74610357,-72.61179263,0,707549.249053724,5708689.85699777,13
"189",5578,1,19286304,256.84,301.69,0,0,0,-38.7516782,-72.61301304,0,707427.031959464,5708073.91174812,13
"190",5578,1,13678520,276.71,323.48,0,0,0,-38.75216037,-72.61048833,0,707645.05694528,5708014.66858789,13
"191",5578,1,7598559,298.84,336.07,0,0,0,-38.75110104,-72.6177378,0,707018.070906969,5708148.67295389,13
"192",5578,1,8147110,298.87,262,0,0,0,-38.74220398,-72.6260385,0,706322.273354191,5709154.88508076,4
"193",5578,1,10393541,268.26,295.5,0,0,0,-38.73804023,-72.62924461,0,706055.566661568,5709624.23224879,4
"194",5578,1,11611004,238.98,268.11,0,0,0,-38.72954189,-72.61838499,0,707024.101212634,5710542.92532615,4
"195",5578,1,1476493,305.96,335,0,0,0,-38.72642123,-72.61965387,0,706922.796148723,5710892.14740679,4
"196",5578,1,11283827,256.28,334.43,0,0,0,-38.74270813,-72.61285201,0,707467.003189206,5709069.11059586,4
"197",5578,1,24914299,289.32,274.37,0,0,0,-38.73966326,-72.60783317,0,707912.080833706,5709395.65929559,4
"198",5578,1,1856394,258.35,333.39,0,0,0,-38.74414221,-72.60557685,0,708095.202426559,5708893.42268797,14
"199",5580,0,406020,246.77,225.37,0,1,1,-38.74073697,-72.61402274,1,707370.946912112,5709290.5383722,4
"200",5580,0,644668,190.46,299.29,1,0,1,-38.74210802,-72.59998912,1,708586.806489134,5709106.46730732,4
"201",5580,0,1148102,241.56,265.69,1,0,1,-38.73095615,-72.62016396,1,706865.361662239,5710389.98385922,4
"202",5580,0,1164045,284.2,285.64,0,1,1,-38.73369427,-72.62159105,1,706733.399796193,5710089.3133519,4
"203",5580,0,1415465,197.89,334.78,1,0,1,-38.7314227,-72.61811781,1,707041.896467878,5710333.57548271,4
"204",5580,0,1859533,206.57,254.22,1,0,1,-38.74383151,-72.59164222,1,709307.30040975,5708896.11770384,4
"205",5580,0,1864825,222.38,199.18,1,0,1,-38.74287277,-72.59102564,1,709363.695065373,5709001.11514081,4
"206",5580,0,1938751,354.08,327.63,1,0,1,-38.74555675,-72.62933084,1,706026.457221732,5708790.19084207,4
"207",5580,0,2225201,203.73,212.9,0,1,1,-38.73715391,-72.61976945,1,706881.767824205,5709701.22124309,4
"208",5580,0,2848460,265.64,314.07,1,0,1,-38.7407927,-72.58521885,1,709874.520549504,5709218.67263221,4
"209",5580,0,3012644,253.34,298.67,1,0,1,-38.73927781,-72.60837035,1,707866.504714755,5709439.65990771,4
"210",5580,0,3777128,252.8,191.21,1,0,1,-38.7423486,-72.62479324,1,706430.096475686,5709136.02514709,4
"211",5580,0,3905289,346.58,307.52,0,1,1,-38.74124348,-72.59841849,1,708725.847091165,5709198.83832261,4
"212",5580,0,4042880,221.03,267.97,1,0,1,-38.7426546,-72.61467317,1,707308.861065174,5709079.18002177,4
"213",5580,0,4211463,340.62,306.97,1,0,1,-38.72820024,-72.62256831,1,706664.28428229,5710701.28607682,4
"214",5580,0,4976979,242.96,324.42,0,1,1,-38.73974031,-72.58611214,1,709799.953784922,5709337.52375872,4
"215",5580,0,5164102,311.03,374.08,1,0,1,-38.73575982,-72.62513041,1,706419.767769499,5709868.05462986,4
"216",5580,0,5277053,228.16,256.27,1,0,1,-38.74042926,-72.62402301,1,706502.57723663,5709347.3088144,4
"217",5580,0,5748859,280.26,300.34,1,0,1,-38.74074488,-72.62114627,1,706751.723221198,5709305.78222422,4
"218",5580,0,5936886,359.4,367.65,0,1,1,-38.74222934,-72.62619436,1,706308.652761777,5709152.42192679,4
"219",5580,0,6034754,287.87,300.93,1,0,1,-38.74396405,-72.62353796,1,706534.550270129,5708953.89799934,4
"220",5580,0,6314315,173.04,257.09,1,0,1,-38.73479919,-72.61864537,1,706986.282158486,5709960.02247137,4
"221",5580,0,6358016,225.37,225.32,1,0,0,-38.73726842,-72.62468743,1,706453.929704449,5709699.62031334,4
"222",5580,0,6469118,264.69,277.96,0,1,1,-38.72863214,-72.62440955,1,706502.965556696,5710657.50715929,4
"223",5580,0,7157296,308.64,333.52,0,1,1,-38.74061987,-72.62926808,1,706046.108940643,5709337.97883723,4
"224",5580,0,7306910,245.18,224.46,1,0,1,-38.74862696,-72.634798,1,705542.457603588,5708461.73590611,4
"225",5580,0,7748434,220.45,245.28,1,0,1,-38.72730369,-72.61428306,1,707387.18539827,5710782.04899214,4
"226",5580,0,7806874,250.99,269.35,0,1,1,-38.74288937,-72.60376601,1,708256.241071688,5709028.35157497,4
"227",5580,0,7894758,255.93,240.45,1,0,1,-38.74173191,-72.62964727,1,706009.951292488,5709215.41081873,4
"228",5580,0,8231673,260.68,254.15,0,1,1,-38.7375502,-72.62577794,1,706358.323079051,5709670.80642188,4
"229",5580,0,8686519,278.61,312.52,1,0,1,-38.74220441,-72.60952295,1,707757.829044479,5709117.4625146,4
"230",5580,0,9220718,262.56,179.38,1,0,1,-38.73686865,-72.60444152,1,708215.019046621,5709698.11283774,4
"231",5580,0,9743690,199.13,264.43,1,0,1,-38.73282514,-72.62024633,1,706852.807071393,5710182.73655964,4
"232",5580,0,9819292,242.92,314.96,0,1,1,-38.7406147,-72.59959396,1,708625.502497624,5709271.30609167,4
"233",5580,0,10267568,268.08,313.36,1,0,1,-38.7416902,-72.58551939,1,709845.768000825,5709119.75054677,4
"234",5580,0,10268564,155.31,247.42,1,0,1,-38.73648731,-72.61723151,1,707104.311403799,5709769.4638123,4
"235",5580,0,10424905,241.91,249.56,0,1,1,-38.72790505,-72.61412514,1,707399.17513298,5710714.94798604,4
"236",5580,0,10764870,256.76,283.69,1,0,1,-38.73158062,-72.62138422,1,706757.476891839,5710323.43360089,4
"237",5580,0,11049657,222.27,259.62,1,0,1,-38.73793341,-72.59067495,1,709408.612082789,5709548.52027838,4
"238",5580,0,11530148,266.62,261.97,1,0,1,-38.73395556,-72.62104579,1,706780.046403103,5710059.08155622,4
"239",5580,0,11727407,239.08,261.57,1,0,1,-38.73050085,-72.62435133,1,706502.643740383,5710449.97356879,4
"240",5580,0,11909457,259.89,192.4,0,1,1,-38.73910016,-72.62572137,1,706358.77717286,5709498.65349779,4
"241",5580,0,12443660,126.69,156.78,1,0,1,-38.73332598,-72.62143078,1,706748.394719416,5710129.82663727,4
"242",5580,0,12587036,322.28,290.75,0,1,1,-38.74634593,-72.62729781,1,706200.891287336,5708698.02157424,4
"243",5580,0,12652620,240.64,234.57,0,1,1,-38.74628666,-72.63096017,1,705882.742669807,5708712.84845094,4
"244",5580,0,13016926,269.75,308.9,1,0,1,-38.73704399,-72.62690464,1,706261.839306828,5709729.52957305,4
"245",5580,0,13320204,248.11,254.49,0,1,1,-38.7359524,-72.61730891,1,707099.128897406,5709829.00709193,4
"246",5580,0,13404519,240.64,319.75,1,0,1,-38.73840126,-72.62111244,1,706761.425989405,5709565.81725619,4
"247",5580,0,13491887,213,259.55,1,0,1,-38.72947362,-72.6113525,1,707635.682222164,5710534.56991054,4
"248",5580,0,13526933,228.9,285.94,1,0,1,-38.73592963,-72.62531723,1,706403.038591988,5709849.62937193,4
"249",5580,0,13901562,289.74,297.96,1,0,1,-38.73720085,-72.62514536,1,706414.317647794,5709708.15285259,4
"250",5580,0,14262330,173.45,277,1,0,1,-38.73667869,-72.59534876,1,709005.990886747,5709698.46514612,4
"251",5580,0,14693179,217.08,241.57,0,1,1,-38.73590809,-72.62628949,1,706318.582968618,5709854.21273504,4
"252",5580,0,14879425,251.99,231.05,1,0,1,-38.74301176,-72.60314836,1,708309.571930334,5709013.36165168,4
"253",5580,0,15031565,175.16,179.79,1,0,1,-38.73345297,-72.62556074,1,706389.002374435,5710125.05545066,4
"254",5580,0,15209909,233.49,273.95,1,0,1,-38.74118932,-72.6174626,1,707070.635546554,5709248.12435504,4
"255",5580,0,15354916,295.53,327.41,1,0,1,-38.74263105,-72.63038855,1,705942.933451722,5709117.28691466,4
"256",5580,0,15886409,286.24,341.51,0,1,1,-38.74277289,-72.60080967,1,708513.547832336,5709034.54555649,4
"257",5580,0,16038796,310.37,345.13,1,0,1,-38.7405255,-72.6248576,1,706429.75441765,5709338.51079608,4
"258",5580,0,16646470,327.5,306.42,1,0,1,-38.73035141,-72.62019776,1,706864.168468805,5710457.17850118,4
"259",5580,0,17286822,205.5,227.95,1,0,1,-38.74244401,-72.5951661,1,709005.052599905,5709058.16935986,4
"260",5580,0,17610942,329.41,362.13,0,1,1,-38.74118162,-72.59899444,1,708675.963965813,5709207.01783022,4
"261",5580,0,17878367,206.4,240.61,1,0,1,-38.74570851,-72.62933648,1,706025.530586267,5708773.36015576,4
"262",5580,0,18368101,234.78,233.47,1,0,1,-38.73463921,-72.61780239,1,707060.025042102,5709975.87097128,4
"263",5580,0,18490293,306.76,364.9,1,0,1,-38.73729956,-72.62158747,1,706723.311512159,5709689.16500751,4
"264",5580,0,18595148,249.76,312.51,1,0,1,-38.73399034,-72.61904336,1,706954.020263402,5710050.69451432,4
"265",5580,0,19242799,290.48,317.86,1,0,1,-38.7388342,-72.61679873,1,707135.148711746,5709508.00963949,4
"266",5580,0,19544252,351.93,374.08,1,0,1,-38.74242837,-72.5888699,1,709552.374114177,5709045.50249044,4
"267",5580,0,19765457,325.37,302.25,1,0,1,-38.74345226,-72.61444331,1,707326.532570223,5708990.12906857,4
"268",5580,0,19929429,242.28,274.59,1,0,1,-38.72700168,-72.61507469,1,707319.234724073,5710817.36175965,4
"269",5580,0,20203556,293.17,315.82,1,0,1,-38.73076445,-72.60927392,1,707812.645660111,5710386.58626752,4
"270",5580,0,20311614,319.67,328.53,1,0,1,-38.74072277,-72.62126595,1,706741.384038049,5709308.50659218,4
"271",5580,0,20531211,221.75,160.5,1,0,1,-38.73222868,-72.62574147,1,706376.816240106,5710261.34317477,4
"272",5580,0,20536332,324.6,284.25,1,0,1,-38.74265587,-72.58821571,1,709608.571848171,5709018.75415337,4
"273",5580,0,20612586,278.84,306.19,1,0,1,-38.72786411,-72.61354871,1,707449.407827511,5710718.18531014,4
"274",5580,0,20816071,236.86,263.11,0,1,1,-38.74196749,-72.58893669,1,709547.91650651,5709096.8074673,4
"275",5580,0,20852455,308.61,282.2,0,1,1,-38.73853235,-72.59723489,1,708836.630368139,5709497.03886486,4
"276",5580,0,21147125,221.88,321.21,0,1,1,-38.74281843,-72.59947998,1,708628.993327088,5709026.45976076,4
"277",5580,0,21215700,299.01,327.35,1,0,1,-38.74392384,-72.63199972,1,705799.175867196,5708977.42967495,4
"278",5580,0,21372517,309.14,325.24,1,0,1,-38.73932083,-72.59001456,1,709461.962355749,5709393.02221909,4
"279",5580,0,21576386,237.11,264.15,1,0,1,-38.74494914,-72.62898228,1,706058.500690911,5708856.84261443,4
"280",5580,0,22157491,229.23,290.63,1,0,1,-38.73919075,-72.59660992,1,708889.037407776,5709422.53803549,4
"281",5580,0,22367558,343.08,302.44,1,0,1,-38.72664894,-72.61763807,1,707097.393400191,5710862.3150233,4
"282",5580,0,22536244,294.02,308.39,0,1,1,-38.73462779,-72.60958833,1,707774.112786491,5709958.51912021,4
"283",5580,0,23221206,249.67,295.49,1,0,1,-38.74161173,-72.62599696,1,706327.589489165,5709220.523455,4
"284",5580,0,23775408,331.08,321.2,1,0,1,-38.73825922,-72.62249068,1,706642.030549946,5709584.69545643,4
"285",5580,0,23786797,157.53,236.83,1,0,1,-38.746625,-72.63426847,1,705594.226275641,5708682.73739217,4
"286",5580,0,24078376,268.37,319.27,0,1,1,-38.73018706,-72.61734789,1,707112.399392262,5710468.97321313,4
"287",5580,0,24146753,303.59,255.85,1,0,1,-38.74356478,-72.61464376,1,707308.783872475,5708978.09502738,4
"288",5580,0,24753785,246.76,172.96,1,0,1,-38.74441259,-72.62551087,1,706361.774381629,5708908.56798394,4
"289",5580,0,24899222,237.92,240.37,1,0,1,-38.72868802,-72.61990196,1,706894.684952159,5710641.12433198,4
"290",5580,1,18206279,278.31,303.72,0,0,0,-38.7458095,-72.63280086,0,705724.126749077,5708769.94792248,4
"291",5580,1,25641056,224.56,242.55,0,0,0,-38.7324195,-72.59174555,0,709331.652634476,5710162.94515398,12
"292",5580,1,25604681,289.65,346.51,0,0,0,-38.69842409,-72.53694261,0,714197.411482033,5713809.23773551,12
"293",5580,1,25606697,267.12,287.92,0,0,0,-38.72452788,-72.56203346,0,711937.97389506,5710970.43022934,12
"294",5580,1,11123135,346.87,368.75,0,0,0,-38.7218887,-72.56352598,0,711816.005359257,5711266.80229154,12
"295",5580,1,25574474,303.98,299.45,0,0,0,-38.71428385,-72.55586249,0,712504.857821825,5712093.0852077,12
"296",5580,1,11525957,239.29,304.19,0,0,0,-38.75837566,-72.6578656,0,703509.87385937,5707431.33867618,1
"297",5580,1,3745535,202.12,266.25,0,0,0,-38.75090532,-72.63900137,0,705170.60233588,5708218.30406427,1
"298",5582,0,66065,159.36,175.32,1,0,1,-38.7329044,-72.58408185,1,709996.466754743,5710091.56780014,12
"299",5582,0,2271537,138.08,184.29,1,0,1,-38.71678147,-72.55806265,1,712306.146152238,5711820.98503981,12
"300",5582,0,2590388,211.97,262.42,1,0,1,-38.72341063,-72.56467611,1,711711.511081173,5711100.54771391,12
"301",5582,0,3099943,171.52,209.67,1,0,1,-38.718722,-72.56407774,1,711777.383992278,5711619.54403219,12
"302",5582,0,5655327,224.53,257.18,1,0,1,-38.72795765,-72.57458534,1,710836.580095772,5710618.75989194,12
"303",5582,0,8715163,252.28,189.6,0,1,1,-38.70582285,-72.5498196,1,713055.454959777,5713018.10810872,12
"304",5582,0,10004818,240.06,252.28,1,0,1,-38.72279481,-72.56257945,1,711895.625416818,5711164.04416397,12
"305",5582,0,10724432,256.7,331.76,1,0,1,-38.7182424,-72.55797926,1,712309.071937619,5711658.64616607,12
"306",5582,0,10886097,240.29,221.23,1,0,1,-38.69961243,-72.53802777,1,714099.4832268,5713679.88412885,12
"307",5582,0,11304603,254,260.2,1,0,1,-38.73013721,-72.5745825,1,710830.416496939,5710376.84896274,12
"308",5582,0,12631908,303.51,298.58,1,0,1,-38.72028638,-72.56004701,1,712123.231528687,5711436.5833337,12
"309",5582,0,12708544,230.68,303.88,1,0,1,-38.71611779,-72.56013281,1,712128.102167657,5711899.44483816,12
"310",5582,0,12761026,232.39,296.27,1,0,1,-38.72042873,-72.56264981,1,711896.500156711,5711426.81310646,12
"311",5582,0,15881959,208.5,182.16,1,0,1,-38.73529443,-72.58131133,1,710230.306468163,5709819.94219423,12
"312",5582,0,16062033,254.64,246.18,1,0,1,-38.71204845,-72.55526368,1,712563.553023562,5712339.79711442,12
"313",5582,0,17958181,113.43,205.19,1,0,1,-38.73062264,-72.57568017,1,710733.561458135,5710325.50053765,12
"314",5582,0,18009624,179.65,182.32,0,1,1,-38.71730411,-72.55901386,1,712221.888699942,5711765.18414886,12
"315",5582,0,18622586,285.7,238.37,1,0,1,-38.73468085,-72.59351133,1,709171.546996956,5709916.00161389,12
"316",5582,0,19690764,216.45,298.63,1,0,1,-38.73395933,-72.58975345,1,709500.332473562,5709987.48422954,12
"317",5582,0,21361616,209.46,236.02,0,1,1,-38.72343676,-72.56456607,1,711721.001358539,5711097.3930524,12
"318",5582,0,24646271,163.8,173.1,0,1,1,-38.73530593,-72.57900885,1,710430.42832464,5709813.37317057,12
"319",5582,1,25621064,235.52,224.61,0,0,0,-38.75166315,-72.64115859,0,704980.948225468,5708139.03123935,1
"320",5582,1,22467107,310.11,293.04,0,0,0,-38.70923673,-72.65816446,0,703623.456075851,5712885.75249532,6
"321",5582,1,10558175,289.2,231.22,0,0,0,-38.71032764,-72.66484519,0,703039.405638612,5712779.51378645,6
"322",5583,0,2494264,259.82,289.22,1,0,1,-38.73237575,-72.57055631,1,711173.845412654,5710119.11465455,11
"323",5583,0,3212379,239.11,260.92,1,0,1,-38.73063709,-72.56190938,1,711930.700054825,5710292.09436773,11
"324",5583,0,5916911,287.93,302.7,1,0,1,-38.71660007,-72.55152094,1,712875.507844205,5711825.92524936,11
"325",5583,0,6940269,223.84,232.49,0,1,1,-38.74325208,-72.57892446,1,710414.429901597,5708931.25339648,11
"326",5583,0,7568548,279.06,267.48,1,0,1,-38.72360991,-72.55723429,1,712357.951025067,5711061.18928854,11
"327",5583,0,10027538,299.1,329.59,1,0,1,-38.7298278,-72.56231043,1,711898.226630365,5710382.84454965,11
"328",5583,0,11610905,286.94,276.5,1,0,1,-38.72970121,-72.56277719,1,711858.02190497,5710397.97522222,11
"329",5583,0,12311232,187.84,250.52,1,0,1,-38.73795101,-72.56888863,1,711302.385067774,5709496.47824138,11
"330",5583,0,12781360,217.48,259.02,1,0,1,-38.73038019,-72.56710345,1,711479.904633921,5710332.62358067,11
"331",5583,0,16093733,317.46,242.48,0,1,1,-38.73845977,-72.57205745,1,711025.429691801,5709447.32549563,11
"332",5583,0,16350365,282.22,289.82,1,0,1,-38.74286908,-72.57593489,1,710675.411974104,5708966.8815093,11
"333",5583,0,16455720,223.45,279.07,1,0,1,-38.73126846,-72.56693734,1,711491.724749342,5710233.65247974,11
"334",5583,0,16674214,271.63,229.73,0,1,1,-38.73732433,-72.57516167,1,710758.929497165,5709580.50066472,11
"335",5583,0,17407727,197.09,176.62,1,0,1,-38.73803655,-72.57512286,1,710760.208469864,5709501.36350595,11
"336",5583,0,18795648,325.26,271.98,1,0,1,-38.73561247,-72.57053561,1,711166.108187903,5709759.83023806,11
"337",5583,0,19630260,228.46,382.59,0,1,1,-38.7433521,-72.57704019,1,710577.918211265,5708915.81688088,11
"338",5583,0,19733661,202.02,171.32,1,0,1,-38.72659982,-72.55838986,1,712248.628097718,5710732.02593121,11
"339",5583,0,20437508,242.03,259.4,1,0,1,-38.72845526,-72.56361104,1,711789.21027036,5710538.19074406,11
"340",5583,0,20741074,214.18,171.93,1,0,1,-38.72553777,-72.55599942,1,712459.603602569,5710844.35402745,11
"341",5583,0,20955673,166.65,131.01,0,1,1,-38.70868224,-72.54772864,1,713228.79959332,5712695.88275655,11
"342",5583,0,21750188,280.67,235.27,1,0,1,-38.71326393,-72.54966164,1,713047.090771624,5712191.87096094,11
"343",5583,1,25629278,275.86,340.66,0,0,0,-38.73220728,-72.5582638,0,712242.984023463,5710109.37270358,11
"344",5585,0,1745474,282.67,299.4,1,0,1,-38.71690484,-72.61451858,1,707396.785429122,5711936.7187513,3
"345",5585,0,4315551,229.81,290.07,1,0,1,-38.71096739,-72.63439262,1,705685.720825181,5712640.53513495,3
"346",5585,0,5494899,231.66,266.44,1,0,1,-38.72007156,-72.6249802,1,706478.006224269,5711608.90557858,3
"347",5585,0,5917282,290.53,295.87,1,0,1,-38.71950639,-72.62813637,1,706205.207813689,5711678.74674349,3
"348",5585,0,5964111,273.9,302.61,1,0,1,-38.71712191,-72.62280951,1,706675.244867683,5711931.37866105,3
"349",5585,0,7248822,208.57,221.64,1,0,1,-38.71758919,-72.61061635,1,707734.111084355,5711851.91648128,3
"350",5585,0,10674849,238.05,249.71,1,0,1,-38.70969439,-72.64379621,1,704871.628042765,5712802.90515146,3
"351",5585,0,11289688,207.23,242.42,0,1,1,-38.72066382,-72.61067898,1,707719.758960165,5711510.81490756,3
"352",5585,0,11874569,205.08,307.78,1,0,1,-38.71101501,-72.6348052,1,705649.706661031,5712636.17680927,3
"353",5585,0,12234250,271.23,274.44,1,0,1,-38.72582671,-72.62425259,1,706524.69308338,5710968.51868466,3
"354",5585,0,14338774,256.02,244.76,0,1,1,-38.70938542,-72.65164294,1,704190.151131958,5712854.72578453,3
"355",5585,0,16129374,253.85,259.97,1,0,1,-38.72273178,-72.61211511,1,707588.903601954,5711284.55652331,3
"356",5585,0,18271995,238.87,264.8,1,0,1,-38.72331945,-72.61755366,1,707114.350092105,5711231.65374269,3
"357",5585,0,22460350,270.89,313.78,1,0,1,-38.71693139,-72.61640771,1,707232.444526806,5711938.05049284,3
"358",5585,0,23389569,237.7,306.85,0,1,1,-38.71092149,-72.63783356,1,705386.630806117,5712653.35438873,3
"359",5588,0,871565,172.8,207.85,1,0,1,-38.75572864,-72.63176806,1,705785.39583759,5707666.72884017,2
"360",5588,0,2242049,179.62,264.86,1,0,1,-38.75674365,-72.63591514,1,705422.082878625,5707563.39835619,2
"361",5588,0,2931986,255.68,312.57,0,1,1,-38.75650003,-72.63567617,1,705443.549115707,5707589.9002698,2
"362",5588,0,5075903,289.74,289.03,1,0,1,-38.75763802,-72.62919087,1,706003.873804856,5707449.01045553,2
"363",5588,0,6881796,279.4,240.6,0,1,1,-38.75884859,-72.62492302,1,706371.272559386,5707305.0309103,2
"364",5588,0,9539672,228.22,233.37,1,0,1,-38.75850597,-72.63963923,1,705093.398838486,5707376.16146274,2
"365",5588,0,13008945,196.66,226.34,1,0,1,-38.75560264,-72.62872002,1,706050.648057596,5707673.85090365,2
"366",5588,0,13118243,257.15,293.33,1,0,1,-38.75734699,-72.62072296,1,706740.59808613,5707462.20366887,2
"367",5588,0,14002775,226.83,272.01,1,0,1,-38.76039373,-72.62937741,1,705979.736107221,5707143.58202359,2
"368",5588,0,14769877,202.5,246.55,1,0,1,-38.75561392,-72.62753842,1,706153.302668071,5707669.936353,2
"369",5588,0,16296479,180.03,244.75,0,1,1,-38.76098326,-72.63138625,1,705803.474976113,5707082.6743134,2
"370",5588,0,18293179,287.57,335.69,1,0,1,-38.76018108,-72.62739066,1,706152.995488992,5707162.70684368,2
"371",5588,0,20156720,205.29,191.23,1,0,1,-38.75591163,-72.61875808,1,706915.499427139,5707617.06709248,2
"372",5588,0,20485288,274.22,345.88,0,1,1,-38.75832344,-72.63357767,1,705620.681416439,5707382.80943465,2
"373",5588,0,21611763,284.39,266.56,1,0,1,-38.75701466,-72.63822227,1,705220.80834885,5707538.49906549,2
"374",5588,0,23455163,267.04,281.22,0,1,1,-38.75557637,-72.61913172,1,706883.996784756,5707655.12193642,2
"375",5588,0,24806595,247.85,207.17,1,0,1,-38.76078065,-72.62865117,1,706041.732471974,5707099.0028783,2
"376",5588,1,25608679,258.43,246.29,0,0,0,-38.70615045,-72.54919893,0,713108.45942164,5712980.30401013,12
"377",5588,1,17799018,236.93,315.35,0,0,0,-38.6972983,-72.53450274,0,714412.984927807,5713928.47687028,12
"378",5589,0,891692,219.03,193.12,1,0,1,-38.73459323,-72.62600557,1,706347.049521248,5709999.50474889,4
"379",5589,0,1100646,343.03,313.63,1,0,1,-38.73079615,-72.6235288,1,706573.299922871,5710415.34274193,4
"380",5589,0,2157391,257.86,320.86,0,1,1,-38.74370273,-72.62717378,1,706219.279517172,5708991.10292877,4
"381",5589,0,2216287,297.65,284.75,1,0,1,-38.74603355,-72.62800357,1,706140.448032452,5708734.28227039,4
"382",5589,0,3534605,251.19,145.45,0,1,1,-38.72908256,-72.62538467,1,706416.893675942,5710609.71635099,4
"383",5589,0,3773007,267.25,320.24,1,0,1,-38.74623138,-72.62793109,1,706146.178506752,5708712.16237926,4
"384",5589,0,4741790,224.13,205.05,1,0,1,-38.73503411,-72.61698771,1,707129.704484392,5709930.19836549,4
"385",5589,0,6703610,245.17,304.16,1,0,1,-38.74800265,-72.63380082,1,705630.918081823,5708528.7851138,4
"386",5589,0,6928776,283.03,309.06,1,0,1,-38.73291077,-72.60899781,1,707830.426026825,5710147.74528075,4
"387",5589,0,7987571,203.77,214.32,1,0,1,-38.7356522,-72.6283815,1,706137.462536992,5709887.32815388,4
"388",5589,0,8146080,269.83,306.58,1,0,1,-38.74241538,-72.59397248,1,709108.887473163,5709058.61939583,4
"389",5589,0,9798500,191.87,174.03,0,1,1,-38.73884477,-72.60232018,1,708393.676658782,5709473.95902233,4
"390",5589,0,11250362,284.63,254.43,1,0,1,-38.72790339,-72.62221984,1,706695.435633915,5710733.44554878,4
"391",5589,0,11583878,233.63,234.26,0,1,1,-38.74495575,-72.63063833,1,705914.541083823,5708859.83777288,4
"392",5589,0,11745030,207.38,263.57,1,0,1,-38.73061655,-72.62387327,1,706543.870822272,5710436.05351256,4
"393",5589,0,12041324,282.65,212.7,1,0,1,-38.73650816,-72.60008771,1,708594.537321159,5709728.20610466,4
"394",5589,0,13873693,180.12,286.76,1,0,1,-38.73855584,-72.6213085,1,706743.937287812,5709549.10391319,4
"395",5589,0,14111991,290.49,321.63,1,0,1,-38.7316939,-72.61978131,1,706896.49793134,5710307.23817157,4
"396",5589,0,15549193,299.43,321.59,1,0,1,-38.7410674,-72.61389664,1,707380.951619826,5709253.57905023,4
"397",5589,0,16116572,234,273.29,0,1,1,-38.73692594,-72.62451014,1,706470.327775685,5709737.2310825,4
"398",5589,0,16915933,261.58,279.33,0,1,1,-38.74160148,-72.60959079,1,707753.680469461,5709184.5341373,4
"399",5589,0,16978987,293.82,323.31,1,0,1,-38.7265718,-72.61713125,1,707141.679435712,5710869.72956396,4
"400",5589,0,17713849,215.05,319.87,0,1,1,-38.73449105,-72.62244815,1,706656.593122617,5710002.81721442,4
"401",5589,0,17805152,212.96,192.48,0,1,1,-38.73758792,-72.59502821,1,709031.203724246,5709596.81973565,4
"402",5589,0,17973515,248.07,367.65,1,0,1,-38.73725296,-72.6048605,1,708177.481477746,5709656.41265772,4
"403",5589,0,19911227,255.94,251.28,1,0,1,-38.74349225,-72.60007797,1,708575.053841337,5708953.03768093,4
"404",5589,0,20083483,231.63,247.4,0,1,1,-38.73812165,-72.58453668,1,709941.642857485,5709513.56123464,4
"405",5589,0,20661636,241.38,303.39,1,0,1,-38.73648055,-72.59594991,1,708954.311508656,5709721.82920712,4
"406",5589,0,20963700,250.51,308.21,1,0,1,-38.72908631,-72.61574716,1,707254.743217609,5710587.51813935,4
"407",5589,0,21134567,270.56,336.18,1,0,1,-38.73671763,-72.61723588,1,707103.265932149,5709743.91116014,4
"408",5589,0,21525260,223.96,250.81,0,1,1,-38.73448812,-72.62600305,1,706347.571207435,5710011.1648981,4
"409",5589,0,21689478,256.95,241.92,0,1,1,-38.74402049,-72.61379446,1,707381.285914792,5708925.59215572,4
"410",5589,0,22807441,197.15,218.56,1,0,1,-38.74250152,-72.61323898,1,707433.96553216,5709092.9191332,4
"411",5589,0,23219317,231.85,219.85,1,0,1,-38.74244301,-72.58771127,1,709653.041330525,5709041.22312645,4
"412",5589,0,23996309,168.41,152.6,1,0,1,-38.73142931,-72.61070302,1,707686.479683662,5710316.03975371,4
"413",5589,0,24351399,220.75,254.7,0,1,1,-38.73975981,-72.62758901,1,706194.534103091,5709429.65157952,4
"414",5589,0,24374142,347.54,326.21,0,1,1,-38.74492552,-72.63042017,1,705933.590010506,5708862.70184666,4
"415",5589,1,21719342,281.57,174.86,0,0,0,-38.69448751,-72.52835364,0,714956.235713218,5714226.02528643,9
"416",5589,1,1022243,213.4,296.89,0,0,0,-38.69905975,-72.54838798,0,713200.05323891,5713765.39715537,9
"417",5589,1,12259340,305.6,244.67,0,0,0,-38.69853861,-72.5485023,0,713191.658523687,5713823.50345322,9
"418",5589,1,13044675,251.16,343.77,0,0,0,-38.71498533,-72.57038471,0,711239.994536732,5712048.84147751,9
"419",5589,1,19078773,195.78,250.26,0,0,0,-38.72256934,-72.57345434,0,710950.762740967,5711214.18963676,9
"420",5589,1,25633742,284.34,304.31,0,0,0,-38.7532186,-72.66316737,0,703063.764790237,5708015.48700007,8
"421",5589,1,24929136,318.17,321.06,0,0,0,-38.75371859,-72.6632343,0,703056.5305763,5707960.14342305,8
"422",5589,1,8695266,307.24,270.01,0,0,0,-38.74967889,-72.64829592,0,704366.306343007,5708375.22785689,8
"423",5589,1,4063475,266.08,241.15,0,0,0,-38.70915367,-72.66565716,0,702972.118673124,5712911.60816948,6
"424",5589,1,13145245,261.13,324.77,0,0,0,-38.71321652,-72.65553671,0,703840.658301083,5712438.20406099,6
"425",5589,1,25640789,268.08,274.78,0,0,0,-38.70976644,-72.66186048,0,703300.545333191,5712835.1756864,6
"426",5589,1,19601024,233.9,238.1,0,0,0,-38.71029601,-72.66196664,0,703289.812885102,5712776.63662139,6
"427",5589,1,13882367,315.76,274.47,0,0,0,-38.71081448,-72.65956066,0,703497.565351622,5712713.74871285,6
"428",5589,1,25522689,312.31,320.19,0,0,0,-38.71193144,-72.66021016,0,703437.917621125,5712591.22532732,6
"429",5590,0,1031753,267.88,346.73,0,1,1,-38.75716434,-72.63244496,1,705722.445657554,5707508.90739351,2
"430",5590,0,1826389,203.53,241.77,1,0,1,-38.75646604,-72.61785247,1,706992.598904913,5707553.48541266,2
"431",5590,0,2439439,143.53,180.59,0,1,1,-38.75667249,-72.63539433,1,705467.547317632,5707570.12632312,2
"432",5590,0,2911310,259.82,213.1,1,0,1,-38.75793613,-72.62912895,1,706008.39722608,5707415.78458902,2
"433",5590,0,4968169,258.31,263.46,1,0,1,-38.75565776,-72.63120871,1,705834.209816611,5707673.33695649,2
"434",5590,0,5022006,186.95,244.59,1,0,1,-38.75933892,-72.63502446,1,705492.038796774,5707273.35600512,2
"435",5590,0,5129692,225.99,246.02,0,1,1,-38.75973927,-72.62887279,1,706025.470238422,5707215.08206016,2
"436",5590,0,5383274,195.23,238.28,0,1,1,-38.75997187,-72.62971483,1,705951.627906296,5707191.16301093,2
"437",5590,0,7687317,294.52,265.87,1,0,1,-38.75553947,-72.62019672,1,706791.54923026,5707661.62581508,2
"438",5590,0,7715801,229.38,267.13,1,0,1,-38.75950924,-72.62688213,1,706199.12116348,5707236.12609172,2
"439",5590,0,7888026,198.63,204.2,1,0,1,-38.75487859,-72.62134139,1,706693.978688446,5707737.56251223,2
"440",5590,0,10557633,302.93,260.42,1,0,1,-38.75800674,-72.63838526,1,705203.801192789,5707428.75675457,2
"441",5590,0,10612361,254.29,306.54,1,0,1,-38.7548578,-72.62280807,1,706566.575249968,5707743.18338204,2
"442",5590,0,11532567,184.76,242.88,1,0,1,-38.76159915,-72.62580762,1,706286.47554281,5707001.74942047,2
"443",5590,0,13953689,235.33,332.19,1,0,1,-38.76118902,-72.63644385,1,705363.387016399,5707071.20701956,2
"444",5590,0,14579559,176.32,231.8,1,0,1,-38.75841973,-72.63938056,1,705116.124651631,5707385.15288601,2
"445",5590,0,14954941,225.53,312.61,1,0,1,-38.75762067,-72.62395542,1,706458.898357154,5707439.1305943,2
"446",5590,0,15100117,244.93,234.05,0,1,1,-38.75849626,-72.63601618,1,705408.274995037,5707369.1082242,2
"447",5590,0,16022483,259.84,338.56,1,0,1,-38.75820952,-72.63477339,1,705517.09822989,5707398.14069706,2
"448",5590,0,19076660,165.58,277.56,1,0,1,-38.75931094,-72.62110885,1,706701.394041697,5707245.10228626,2
"449",5590,0,19134052,151.63,193.37,1,0,1,-38.75651496,-72.63542543,1,705465.296570157,5707587.67998251,2
"450",5590,0,20155386,140.74,246.56,1,0,1,-38.75786114,-72.6364993,1,705368.112561176,5707440.68328731,2
"451",5590,0,20980833,273.57,296.36,1,0,1,-38.76112189,-72.63545843,1,705449.210871325,5707076.44428119,2
"452",5590,0,21578546,190.71,174.07,1,0,1,-38.76036461,-72.63419009,1,705561.601469984,5707157.64252046,2
"453",5590,0,22356621,268.57,293.83,0,1,1,-38.75958228,-72.63087536,1,705851.898089563,5707237.01534801,2
"454",5590,0,23798977,140.23,182.87,1,0,1,-38.75669519,-72.6392063,1,705136.208047893,5707576.16361059,2
"455",5592,0,4893082,278.14,283.65,0,1,1,-38.74683472,-72.58946498,1,709487.764100188,5708557.81473961,14
"456",5592,0,7705626,254.21,221.1,1,0,1,-38.74596073,-72.59741502,1,708799.323781791,5708672.99255631,14
"457",5592,0,8452066,297.29,287.72,1,0,1,-38.74502547,-72.59872941,1,708687.80495971,5708779.79397662,14
"458",5592,0,12860634,289.94,231.83,1,0,1,-38.74927523,-72.60545469,1,708090.909993295,5708323.44404466,14
"459",5592,0,12891593,316.95,321.25,0,1,1,-38.74883542,-72.60554765,1,708084.108135374,5708372.46891446,14
"460",5592,0,18004024,339.13,328.2,1,0,1,-38.74984281,-72.60662191,1,707987.815263452,5708263.10439382,14
"461",5592,0,18072217,338.03,329,1,0,1,-38.74465759,-72.60777703,1,707902.468693383,5708841.22436617,14
"462",5592,0,18649627,265.36,215.06,1,0,1,-38.74691737,-72.59002978,1,709438.432142885,5708549.93486324,14
"463",5592,0,18786849,222.59,234.18,1,0,1,-38.75018776,-72.60664757,1,707984.583500774,5708224.8776091,14
"464",5592,0,19200010,318.53,301.95,0,1,1,-38.74858733,-72.60596173,1,708048.839469722,5708400.94564804,14
"465",5592,0,21629846,247.52,229.24,0,1,1,-38.74496077,-72.60486364,1,708154.815932728,5708800.95027746,14
"466",5592,0,22667454,205.34,260.33,1,0,1,-38.75049304,-72.60636679,1,708008.100133444,5708190.35689103,14
"467",5592,0,23496879,273.62,332.5,1,0,1,-38.75017645,-72.60755488,1,707905.760218292,5708228.1954751,14
"468",5592,1,12274762,270.18,308.53,0,0,0,-38.74570106,-72.5990667,0,708656.52061056,5708705.58127482,14
"469",5592,1,25735516,225.84,255.13,0,0,0,-38.74482576,-72.60685679,0,707981.966559304,5708820.46790426,14
"470",5596,0,1055147,330.3,338.89,0,1,1,-38.72739124,-72.61750946,1,707106.430357435,5710779.63839671,4
"471",5596,0,1335197,294.91,365.91,0,1,1,-38.74035754,-72.58957317,1,709497.299363883,5709276.94964649,4
"472",5596,0,1575616,176.74,347.5,1,0,1,-38.73082519,-72.61458032,1,707351.155365356,5710391.88182821,4
"473",5596,0,2350126,322.46,333.39,0,1,1,-38.74197954,-72.60492168,1,708158.432445054,5709131.9613079,4
"474",5596,0,2653482,256.25,267.6,0,1,1,-38.73809401,-72.61999787,1,706859.198142138,5709597.39876276,4
"475",5596,0,2811066,314.93,299.89,1,0,1,-38.74830478,-72.63417948,1,705597.140009017,5708496.10373306,4
"476",5596,0,2952644,346.99,374.08,1,0,1,-38.7271761,-72.62056616,1,706841.303090775,5710810.42899907,4
"477",5596,0,2999049,198.57,323.87,0,1,1,-38.74061743,-72.59495952,1,709028.337429583,5709260.42503606,4
"478",5596,0,3268219,312.73,382.99,1,0,1,-38.74331378,-72.62861061,1,706095.509674735,5709037.50909129,4
"479",5596,0,3897370,138.83,160.25,1,0,1,-38.72750296,-72.61866949,1,707005.255307493,5710769.86345461,4
"480",5596,0,4864973,376.61,374.08,0,1,1,-38.73483387,-72.62221523,1,706675.852465189,5709964.24260553,4
"481",5596,0,5137334,218.92,312.39,0,1,1,-38.74242663,-72.61404302,1,707364.294127327,5709103.05368739,4
"482",5596,0,5856707,268.23,227.62,1,0,1,-38.74151402,-72.59303715,1,709192.819480213,5709156.52090131,4
"483",5596,0,6081786,253.59,299.05,1,0,1,-38.74408657,-72.61542603,1,707239.279738423,5708921.95535157,4
"484",5596,0,6193873,222.04,296.95,0,1,1,-38.73390353,-72.60838606,1,707880.727842842,5710036.17206061,4
"485",5596,0,6565818,253.78,292.12,1,0,1,-38.73713932,-72.62521667,1,706408.296066337,5709715.14274614,4
"486",5596,0,6579317,235.43,289.49,0,1,1,-38.72792908,-72.61902855,1,706972.808592584,5710723.38181308,4
"487",5596,0,6963353,299.89,322.1,0,1,1,-38.73630836,-72.59340618,1,709175.937509918,5709735.12800486,4
"488",5596,0,6989518,295.93,192.93,1,0,1,-38.72937495,-72.61831405,1,707030.750657074,5710561.293003,4
"489",5596,0,7127852,272.75,326.64,0,1,1,-38.72758552,-72.62148674,1,706760.087285979,5710767.06895536,4
"490",5596,0,7820935,241.12,284.5,0,1,1,-38.73456933,-72.62144639,1,706743.451158152,5709991.8662693,4
"491",5596,0,7824107,307.3,317.58,0,1,1,-38.74518692,-72.62498648,1,706405.122882656,5708821.44437295,4
"492",5596,0,7920713,343.08,346.03,0,1,1,-38.74452065,-72.62365683,1,706522.613743918,5708892.39093838,4
"493",5596,0,7961648,259.48,306.87,0,1,1,-38.72787977,-72.61529966,1,707297.136705483,5710720.41481877,4
"494",5596,0,8370201,266.63,245.53,0,1,1,-38.74632132,-72.62716044,1,706212.901827375,5708700.44332098,4
"495",5596,0,8514158,256.05,265.35,1,0,1,-38.74057042,-72.61932657,1,706910.401267892,5709321.03133464,4
"496",5596,0,8518271,303.49,284.62,0,1,1,-38.73133718,-72.61997152,1,706880.991736873,5710347.2594681,4
"497",5596,0,8796555,293.14,318.14,1,0,1,-38.74463484,-72.61556297,1,707225.791201612,5708861.41458313,4
"498",5596,0,8810767,233.52,279.97,1,0,1,-38.72799231,-72.62210684,1,706705.003330961,5710723.3213773,4
"499",5596,0,8879840,287.69,335.94,1,0,1,-38.73168407,-72.62658992,1,706304.624985184,5710323.70084979,4
"500",5596,0,9117652,215.32,192.43,1,0,1,-38.74552087,-72.62028569,1,706812.74139119,5708773.76374881,4
"501",5596,0,10205312,253.62,262.93,1,0,1,-38.73555782,-72.62190578,1,706700.665137642,5709883.19459933,4
"502",5596,0,10511046,259.82,281.17,1,0,1,-38.73297774,-72.62194778,1,706704.455037131,5710169.6447013,4
"503",5596,0,10573473,243.59,198.05,1,0,1,-38.74297623,-72.61408955,1,707358.659094787,5709042.16056959,4
"504",5596,0,11253985,236.68,268.26,1,0,1,-38.74239686,-72.61761556,1,707053.850370035,5709114.44911292,4
"505",5596,0,12049204,256.43,233.64,1,0,1,-38.73913283,-72.61463587,1,707322.292746393,5709469.96685435,4
"506",5596,0,12085226,325.5,341.98,0,1,1,-38.7263776,-72.6179872,1,707067.823604628,5710893.2201879,4
"507",5596,0,12201888,220.52,284.81,0,1,1,-38.74300566,-72.61322911,1,707433.363896983,5709036.94364562,4
"508",5596,0,12547075,238.95,312.31,1,0,1,-38.73677121,-72.62188736,1,706698.766733553,5709748.48248853,4
"509",5596,0,12577033,249.64,296.99,1,0,1,-38.7377883,-72.62492746,1,706431.566955545,5709642.46197962,4
"510",5596,0,12869567,266.6,208.13,0,1,1,-38.74264174,-72.60404156,1,708233.009703363,5709056.46259992,4
"511",5596,0,15285197,275.41,275.83,1,0,1,-38.73936361,-72.60797468,1,707900.649486393,5709429.23819747,4
"512",5596,0,15313468,372.35,324.02,0,1,1,-38.73816854,-72.62732189,1,706222.332641171,5709605.65973631,4
"513",5596,0,16229777,294.54,282.76,0,1,1,-38.72876001,-72.62072968,1,706822.517000179,5710635.00533043,4
"514",5596,0,16334718,234.65,340.86,1,0,1,-38.73654273,-72.62137978,1,706743.548816012,5709772.69405007,4
"515",5596,0,16416256,185.59,175.12,1,0,1,-38.7366719,-72.58705119,1,709727.307020491,5709680.23224423,4
"516",5596,0,16700537,256.2,295.5,0,1,1,-38.73925469,-72.59445435,1,709076.224854708,5709410.51790451,4
"517",5596,0,17626340,220.22,292.17,1,0,1,-38.7321302,-72.62049872,1,706832.871427889,5710260.43633003,4
"518",5596,0,18033880,259.34,250.8,0,1,1,-38.73011428,-72.62303023,1,706618.608712548,5710489.89580364,4
"519",5596,0,18233297,246.43,273.95,1,0,1,-38.74270874,-72.60517756,1,708134.072610115,5709051.61146815,4
"520",5596,0,18437686,228.8,270.12,1,0,1,-38.73698513,-72.59395379,1,709126.359386963,5709661.26674804,4
"521",5596,0,18700599,234.82,202.41,1,0,1,-38.73787699,-72.62716157,1,706237.10771824,5709637.65662279,4
"522",5596,0,18751481,321.41,278.74,0,1,1,-38.74376934,-72.59354823,1,709141.811681533,5708907.37684969,4
"523",5596,0,18956748,250.71,324.16,1,0,1,-38.73409922,-72.62539555,1,706401.501624927,5710052.95758298,4
"524",5596,0,18993638,291.68,305.29,0,1,1,-38.72853268,-72.61891695,1,706980.768197322,5710656.13771428,4
"525",5596,0,19169213,236.73,251.08,1,0,1,-38.73218919,-72.62565374,1,706384.556625836,5710265.52818819,4
"526",5596,0,20368710,194.6,253.93,1,0,1,-38.7359889,-72.62652729,1,706297.678622679,5709845.78004881,4
"527",5596,0,22054857,268.66,349.02,1,0,1,-38.73186817,-72.62050739,1,706832.873826775,5710289.53783575,4
"528",5596,0,22057564,225.96,260.72,0,1,1,-38.74426019,-72.59122801,1,709342.050935131,5708847.59176081,4
"529",5596,0,22103431,303.25,297.45,1,0,1,-38.7458416,-72.63381306,1,705636.057285164,5708768.6609717,4
"530",5596,0,22293937,217.47,246.43,1,0,1,-38.74113491,-72.6235237,1,706543.945031666,5709267.86373501,4
"531",5596,0,22365815,214.72,147.31,0,1,1,-38.74329492,-72.61283285,1,707466.969473899,5709003.94093541,4
"532",5596,0,22412463,239.21,255.77,1,0,1,-38.73702133,-72.62501629,1,706426.054479707,5709727.78605054,4
"533",5596,0,23034437,295.34,341.17,1,0,1,-38.73700913,-72.58950996,1,709512.583518309,5709648.43689477,4
"534",5596,0,23090885,166.05,201.72,0,1,1,-38.73894192,-72.60738251,1,707953.347680459,5709474.69467978,4
"535",5596,0,23514479,198.58,248.93,0,1,1,-38.7414875,-72.62721564,1,706222.016766578,5709237.05900576,4
"536",5596,0,24252104,271.18,319.18,0,1,1,-38.73641733,-72.59153936,1,709337.900083857,5709718.76430764,4
"537",5596,0,24348571,159.7,154.11,0,1,1,-38.74210463,-72.62547457,1,706371.57710165,5709164.63974157,4
"538",5596,0,24513402,310.91,352.32,0,1,1,-38.73222681,-72.62713801,1,706255.415467161,5710264.69935342,4
"539",5596,0,24748985,245.21,243.63,1,0,1,-38.7456378,-72.62749897,1,706185.445183103,5708777.06823039,4
"540",5596,1,23490901,261.71,254.25,0,0,0,-38.71978048,-72.62799198,0,706216.974164109,5711648.00113532,3
"541",5596,1,20152957,217.77,247.5,0,0,0,-38.75423053,-72.66331462,0,703048.098874514,5707903.50327415,8
"542",5596,1,14423319,250.74,369.22,0,0,0,-38.71939579,-72.62630048,0,706365.154840951,5711686.88444702,3
"543",5596,1,13851352,343,339.56,0,0,0,-38.71544245,-72.61945068,0,706972.148424631,5712110.18753609,3
"544",5596,1,11512460,296.53,325.15,0,0,0,-38.70854004,-72.62738957,0,706301.681733596,5712894.18137482,3
"545",5596,1,22660512,339.96,358.45,0,0,0,-38.7107594,-72.6334769,0,705765.947768861,5712661.56148518,3
"546",5596,1,13116891,250.85,342.57,0,0,0,-38.72402701,-72.61928522,0,706961.75812539,5711157.04080469,3
"547",5596,1,24722154,264.25,296.17,0,0,0,-38.71322192,-72.65035545,0,704291.18588235,5712426.05545085,3
"548",5596,1,2514002,272.85,339.5,0,0,0,-38.75759405,-72.64259376,0,704839.254488796,5707483.9940727,1
"549",5596,1,12299314,242.9,216.32,0,0,0,-38.76172621,-72.65139502,0,704062.62767726,5707045.05373976,1
"550",5596,1,14217043,225.76,215.2,0,0,0,-38.75633597,-72.65194098,0,704030.542591925,5707644.51745623,1
"551",5596,1,25787406,316.46,331.73,0,0,0,-38.76127846,-72.64850349,0,704315.171668366,5707088.29209208,1
"552",5596,1,1141383,245.15,311.13,0,0,0,-38.76127229,-72.65129361,0,704072.733633395,5707095.20661417,1
"553",5596,1,17260559,257.6,237.67,0,0,0,-38.76036136,-72.65134262,0,704071.070871464,5707196.41723997,1
"554",5596,1,3872462,253.55,301.01,0,0,0,-38.75531101,-72.64974457,0,704224.34196771,5707753.37255263,1
"555",5596,1,17864540,269.98,312.67,0,0,0,-38.76053884,-72.65301584,0,703925.164279456,5707180.45157764,1
"556",5596,1,17377980,177.17,239.27,0,0,0,-38.75285669,-72.63871931,0,705189.526212351,5708001.09478712,1
"557",5596,1,18417312,186.68,236.66,0,0,0,-38.75385655,-72.62967622,0,705972.570978438,5707869.79817193,13
"558",5596,1,17687439,151.83,215.95,0,0,0,-38.74978125,-72.62985192,0,705969.019908038,5708322.4995219,13
"559",5597,0,1028215,290.16,322.86,0,1,1,-38.71119417,-72.55534584,1,712558.940065511,5712434.80253264,12
"560",5597,0,1333606,256.89,263.99,0,1,1,-38.72050383,-72.56055387,1,712078.517433958,5711413.62357829,12
"561",5597,0,1692088,151.33,179.56,1,0,1,-38.72116675,-72.56106865,1,712031.797684629,5711341.24017915,12
"562",5597,0,1712525,228.21,270.87,1,0,1,-38.72077029,-72.56176418,1,711972.494860798,5711386.85343803,12
"563",5597,0,2214007,261.9,283.29,0,1,1,-38.73451141,-72.57837884,1,710487.528854471,5709900.10607902,12
"564",5597,0,4008145,184.77,219.83,0,1,1,-38.73408569,-72.58967681,1,709506.625564484,5709973.28437375,12
"565",5597,0,4989338,280.98,324.95,0,1,1,-38.72602794,-72.5666853,1,711529.099492708,5710814.70399443,12
"566",5597,0,5006034,327.13,302.36,1,0,1,-38.72612687,-72.57523517,1,710785.467232149,5710823.45081531,12
"567",5597,0,6257002,241.42,294.38,0,1,1,-38.71602932,-72.55861329,1,712260.492409611,5711905.74151222,12
"568",5597,0,6290652,276.53,268.6,1,0,1,-38.73434664,-72.58736075,1,709707.201291952,5709939.01675596,12
"569",5597,0,7389453,354.08,291.01,1,0,1,-38.71469294,-72.55964019,1,712175.152818717,5712056.44405816,12
"570",5597,0,9518283,243.07,236.95,1,0,1,-38.70607982,-72.55000729,1,713038.369103352,5712990.02431407,12
"571",5597,0,9695861,347.05,323.25,1,0,1,-38.73499434,-72.58037868,1,710312.262771203,5709851.10523923,12
"572",5597,0,10200542,266.08,301.51,1,0,1,-38.71690155,-72.56435965,1,711758.247267178,5711822.24384787,12
"573",5597,0,10598543,171.85,206.77,0,1,1,-38.73275227,-72.58181722,1,710193.784690206,5710103.25279801,12
"574",5597,0,10730577,359.4,342.21,0,1,1,-38.70517532,-72.54946766,1,713087.985281224,5713089.15701277,12
"575",5597,0,11524237,351.33,368.75,1,0,1,-38.71467276,-72.55766909,1,712346.611093631,5712054.1132661,12
"576",5597,0,11806696,251.47,307.22,1,0,1,-38.71339295,-72.55835931,1,712290.380596708,5712197.75741042,12
"577",5597,0,11875044,351.33,350.74,1,0,1,-38.73355722,-72.5877851,1,709672.621336808,5710027.60499762,12
"578",5597,0,12106902,245.18,336.19,0,1,1,-38.71568398,-72.56135487,1,712023.121664477,5711950.42371121,12
"579",5597,0,13276779,266.18,307.79,0,1,1,-38.70671567,-72.54935658,1,713093.070280395,5712917.93841072,12
"580",5597,0,13435070,340.03,357.89,1,0,1,-38.7149287,-72.5615368,1,712009.534746457,5712034.67190266,12
"581",5597,0,13677318,307.81,240.78,0,1,1,-38.7195881,-72.56176856,1,711975.608796582,5711518.07225885,12
"582",5597,0,14271999,328.84,382.99,1,0,1,-38.71499094,-72.55843095,1,712279.42116507,5712020.56618794,12
"583",5597,0,15897485,176.89,183.42,1,0,1,-38.73592902,-72.5824524,1,710129.252113478,5709752.13160935,12
"584",5597,0,16722362,309.52,285.38,1,0,1,-38.73302145,-72.57639092,1,710664.721043254,5710060.89858487,12
"585",5597,0,17562556,347.38,331.76,0,1,1,-38.72012636,-72.55916007,1,712200.823602058,5711452.28771221,12
"586",5597,0,17718871,259.98,250.23,1,0,1,-38.71814028,-72.55791302,1,712315.133953585,5711669.82660084,12
"587",5597,0,17857834,328.32,337.59,1,0,1,-38.71798584,-72.55996821,1,712136.888797529,5711691.7326381,12
"588",5597,0,18017522,330.91,347.89,1,0,1,-38.73370167,-72.594645,1,709075.852348346,5710027.26921354,12
"589",5597,0,18931842,260.54,256.69,1,0,1,-38.6968754,-72.53504369,1,714367.197849143,5713976.68012425,12
"590",5597,0,19549582,289.94,301.65,1,0,1,-38.71771838,-72.56406313,1,711781.618303758,5711730.89974108,12
"591",5597,0,19999659,221.21,273.07,1,0,1,-38.73432351,-72.57883918,1,710448.062586764,5709922.01951954,12
"592",5597,0,20149478,222.47,206.5,1,0,1,-38.71861171,-72.56215074,1,711945.26419436,5711627.32464118,12
"593",5597,0,21047557,268.54,310.6,1,0,1,-38.723717,-72.5655266,1,711636.660791736,5711068.51139148,12
"594",5597,0,21382703,258.39,279.17,1,0,1,-38.71684332,-72.55903117,1,712221.747168866,5711816.3663542,12
"595",5597,0,22064446,295.76,276.55,1,0,1,-38.73325344,-72.59570294,1,708985.190282691,5710079.43382273,12
"596",5597,0,22131000,299.42,268.26,0,1,1,-38.73407459,-72.58145235,1,710221.625586858,5709955.65340304,12
"597",5597,0,22626364,292.66,293.06,1,0,1,-38.70830534,-72.55064645,1,712976.176468823,5712744.5057566,12
"598",5597,0,24549514,294.09,261.53,0,1,1,-38.72138499,-72.56364061,1,711807.526589697,5711322.97323281,12
"599",5597,0,24878427,211.36,203.01,0,1,1,-38.71505192,-72.56163204,1,712000.888869935,5712021.21656912,12
"600",5597,1,17305545,250.07,279.59,0,0,0,-38.71333785,-72.55542053,0,712546.092484358,5712197.05362236,12
"601",5597,1,20841492,285.72,272.78,0,0,0,-38.75451032,-72.63328877,0,705656.737133467,5707805.36703046,13
"602",5597,1,11279589,260.99,239.19,0,0,0,-38.75241579,-72.62866399,0,706064.686178416,5708027.42407457,13
"603",5597,1,2562134,341.51,341.11,0,0,0,-38.72081985,-72.60973095,0,707801.735912047,5711491.34573965,3
"604",5597,1,7690479,274.49,200.1,0,0,0,-38.71721681,-72.61760019,0,707127.931375136,5711909.07159418,3
"605",5597,1,10964607,175.55,163.62,0,0,0,-38.71639108,-72.6136774,0,707471.414242678,5711991.8331727,3
"606",5597,1,1994014,282.5,320.96,0,0,0,-38.71565277,-72.63311678,0,705783.224029345,5712117.65438954,3
"607",5597,1,7608658,357.77,340.68,0,0,0,-38.7281638,-72.60403822,0,708275.370335601,5710663.32232747,10
"608",5597,1,3234614,318.52,346.42,0,0,0,-38.72711357,-72.60203485,0,708452.594720944,5710775.32316885,10
"609",5597,1,25787817,265.65,308.78,0,0,0,-38.72072589,-72.55506731,0,712554.908592156,5711376.25054845,11
"610",5601,0,15272,290.25,288.23,1,0,1,-38.72563781,-72.55540682,1,712510.829269961,5710831.87490422,11
"611",5601,0,3139652,236.96,224.61,1,0,1,-38.74389934,-72.57599996,1,710666.726633882,5708852.68494376,11
"612",5601,0,7328179,313.4,314.53,1,0,1,-38.71955639,-72.5546694,1,712592.973605608,5711505.12680159,11
"613",5601,0,11383201,380.6,318.85,1,0,1,-38.71675178,-72.551731,1,712856.792082642,5711809.57576217,11
"614",5601,0,13023988,280.18,297.94,1,0,1,-38.74262706,-72.5800166,1,710321.334964591,5709003.13436605,11
"615",5601,0,13879049,303.48,247.53,0,1,1,-38.71891745,-72.55083152,1,712928.574357631,5711567.12041591,11
"616",5601,0,14280651,242.19,242.64,1,0,1,-38.72882993,-72.56559368,1,711615.735520585,5710501.1934769,11
"617",5601,0,14992785,248.31,241.47,1,0,1,-38.744748,-72.58472103,1,709906.204830471,5708778.54068781,11
"618",5601,0,16619590,271.29,289.88,1,0,1,-38.73846222,-72.56796815,1,711380.89201296,5709437.61386976,11
"619",5601,0,16708176,185.46,184.52,0,1,1,-38.73168851,-72.56413682,1,711733.948641628,5710180.55573451,11
"620",5601,0,17649438,260.7,284.28,1,0,1,-38.72818974,-72.55599931,1,712451.753727668,5710550.01688112,11
"621",5601,0,18287099,206.79,256.44,1,0,1,-38.72255664,-72.55653293,1,712422.051303408,5711176.46197796,11
"622",5601,0,19594102,222.04,209.74,1,0,1,-38.737099,-72.5666161,1,711502.444822756,5709585.79036427,11
"623",5601,0,21879245,262.13,196.41,0,1,1,-38.73567723,-72.57189963,1,711047.342960696,5709755.78972255,11
"624",5601,0,24424129,316.37,268.13,1,0,1,-38.72678362,-72.55975381,1,712129.500626769,5710714.78878426,11
"625",5604,0,1303258,250.96,203.42,1,0,1,-38.72251019,-72.61744492,1,707126.142181559,5711321.22489382,3
"626",5604,0,4188577,290.21,308.58,1,0,1,-38.71177183,-72.62769112,1,706266.165243825,5712536.17582711,3
"627",5604,0,8087931,302.35,320.03,0,1,1,-38.71344314,-72.65275333,1,704082.045758094,5712406.8512764,3
"628",5604,0,9509641,277.73,353.62,1,0,1,-38.72052605,-72.62010418,1,706900.656747749,5711547.45271168,3
"629",5604,0,10478420,244.38,233.71,1,0,1,-38.70553384,-72.6454375,1,704740.773779365,5713268.33988519,3
"630",5604,0,15058282,216.21,248.63,1,0,1,-38.72484476,-72.62385023,1,706562.503918014,5711076.59412714,3
"631",5604,0,16481698,247.27,225.8,1,0,1,-38.7154036,-72.61766435,1,707127.589206011,5712110.45905245,3
"632",5604,0,20558064,174.86,265.16,1,0,1,-38.71701301,-72.61847996,1,707052.022117828,5711933.68101618,3
"633",5604,0,22224271,224.96,257,1,0,1,-38.72085136,-72.61691267,1,707177.211786048,5711504.12859803,3
"634",5604,0,22429818,261.73,270.16,1,0,1,-38.72506573,-72.6226281,1,706668.122043986,5711049.31040289,3
"635",5604,0,22968497,250.69,296.04,1,0,1,-38.7204177,-72.60648988,1,708084.706300037,5711528.61600306,3
"636",5604,0,23186508,271.64,313.87,0,1,1,-38.72317979,-72.61585608,1,707262.349026584,5711243.31136021,3
"637",5604,0,23198750,252.14,308.47,1,0,1,-38.70938742,-72.62510431,1,706497.973955112,5712794.98182866,3
"638",5604,1,14744760,268.5,336.34,0,0,0,-38.71030583,-72.63469298,0,705661.498461814,5712714.63403394,3
"639",5606,0,1325580,226.91,279.46,0,1,1,-38.71928128,-72.62465558,1,706508.507224702,5711695.88381255,3
"640",5606,0,1975560,289.6,308.83,1,0,1,-38.72057679,-72.61268765,1,707545.361461072,5711525.03062471,3
"641",5606,0,3948482,271.26,222.26,1,0,1,-38.72632504,-72.60771267,1,707961.25218547,5710875.75698334,3
"642",5606,0,8637594,318.87,327.43,1,0,1,-38.7218673,-72.60631313,1,708095.867426428,5711367.32737817,3
"643",5606,0,9116806,238.93,243.56,1,0,1,-38.72583733,-72.60839909,1,707902.988501081,5710931.44601859,3
"644",5606,0,10225208,148.44,194.33,1,0,1,-38.71873305,-72.6185108,1,707044.374529244,5711742.84910868,3
"645",5606,0,10230303,226.62,225.16,1,0,1,-38.72304921,-72.61403182,1,707421.33648294,5711253.67140382,3
"646",5606,0,10907378,303.3,294.1,1,0,1,-38.72230235,-72.63148569,1,705905.959211245,5711375.97258433,3
"647",5606,0,12826781,185.18,198.11,1,0,1,-38.71553518,-72.617196,1,707167.934073648,5712094.79560151,3
"648",5606,0,13224845,218.11,246.39,1,0,1,-38.71079982,-72.63454983,1,705672.530423515,5712659.48630551,3
"649",5606,0,13568736,305.03,290.56,1,0,1,-38.71115744,-72.62095495,1,706853.703569999,5712589.16641352,3
"650",5606,0,15184923,290.41,293.59,0,1,1,-38.71936829,-72.62682281,1,706319.8178316,5711691.11404416,3
"651",5606,0,16022880,193.08,196.03,1,0,1,-38.71827117,-72.61191804,1,707618.952732685,5711779.17888836,3
"652",5606,0,16025857,238.95,248.8,1,0,1,-38.71897942,-72.61567363,1,707290.354433434,5711709.08405883,3
"653",5606,0,16558434,230.22,266.04,1,0,1,-38.71033444,-72.62149761,1,706808.887051759,5712681.73434879,3
"654",5606,0,16632192,193.58,255.85,1,0,1,-38.72185607,-72.6123243,1,707573.250638083,5711382.22332803,3
"655",5606,0,18241687,254.97,218.91,0,1,1,-38.71804611,-72.61622536,1,707245.07885742,5711813.91846273,3
"656",5606,0,19301915,209.69,254.48,1,0,1,-38.71821684,-72.6259066,1,706402.79562913,5711816.84407223,3
"657",5606,0,19750435,227.12,237.7,0,1,1,-38.72491592,-72.61348928,1,707463.105998556,5711045.26130199,3
"658",5606,0,20474802,195.54,230,1,0,1,-38.71954484,-72.61491909,1,707354.326558013,5711644.62087241,3
"659",5606,0,21617283,302.34,300.82,1,0,1,-38.71572674,-72.6334837,1,705751.106820688,5712110.269476,3
"660",5606,0,21662926,256.99,264.2,1,0,1,-38.72537711,-72.61164663,1,707621.975214182,5710989.89670002,3
"661",5606,0,21684373,180.52,182.81,1,0,1,-38.7230342,-72.60812131,1,707935.268664368,5711241.92608113,3
"662",5606,0,21752601,265.79,278.24,1,0,1,-38.7104808,-72.63696449,1,705463.466742695,5712700.31493369,3
"663",5606,0,22407246,180.15,160.21,1,0,1,-38.71390893,-72.62892343,1,706152.863207629,5712301.76231599,3
"664",5606,0,22417290,180.78,147.28,1,0,1,-38.72241624,-72.63852856,1,705293.287500935,5711379.15253373,3
"665",5606,0,22582544,310.06,273.27,1,0,1,-38.72680132,-72.6076443,1,707965.814707826,5710822.74069346,3
"666",5606,0,23556991,197.81,140.76,1,0,1,-38.71547035,-72.63722208,1,705426.776162074,5712147.12103392,3
"667",5606,0,23755093,251.63,234.37,0,1,1,-38.71355992,-72.62935472,1,706116.363018804,5712341.4688534,3
"668",5606,0,23808960,193.13,228.49,1,0,1,-38.71400353,-72.65237473,1,704113.372558917,5712343.81171919,3
"669",5606,0,23855714,214.56,233.79,1,0,1,-38.71135301,-72.62955428,1,706105.351346937,5712586.85531185,3
"670",5606,0,24793116,227.82,302.31,0,1,1,-38.71737047,-72.64896331,1,704400.417853705,5711962.51621886,3
"671",5608,0,1216515,230.48,303.34,1,0,1,-38.75090513,-72.62168376,1,706675.69004411,5708179.33957573,13
"672",5608,0,1533703,237.67,271.4,1,0,1,-38.75264611,-72.63412313,1,705589.577008017,5708014.14589679,13
"673",5608,0,2591276,171.95,239.33,0,1,1,-38.75326401,-72.63322963,1,705665.455588005,5707943.55834735,13
"674",5608,0,3986253,216.92,222.53,1,0,1,-38.74810463,-72.62799053,1,706135.621970877,5708504.38982259,13
"675",5608,0,6993982,329.08,333.39,0,1,1,-38.75224358,-72.61845071,1,706952.810194059,5708023.47875393,13
"676",5608,0,10859988,270.22,189.25,1,0,1,-38.74505849,-72.61141462,1,707585.132631291,5708804.98993846,13
"677",5608,0,10882707,266.58,212.94,0,1,1,-38.74851176,-72.61047097,1,707657.142854046,5708419.57895773,13
"678",5608,0,11571369,285.24,317.72,0,1,1,-38.74753873,-72.62595947,1,706313.779783819,5708562.61867166,13
"679",5608,0,11601108,212.1,220.7,0,1,1,-38.75064836,-72.62362213,1,706507.964841093,5708212.21561554,13
"680",5608,0,15749449,307.42,352.54,0,1,1,-38.7549472,-72.61016767,1,707664.844865156,5707704.63739747,13
"681",5608,0,16500443,222.86,300.1,0,1,1,-38.75357769,-72.62343106,1,706516.124765234,5707886.66606994,13
"682",5608,0,16948955,300.63,286.11,1,0,1,-38.74908343,-72.61222597,1,707502.952884881,5708360.11333237,13
"683",5608,0,17319390,346.98,348.69,1,0,1,-38.75178448,-72.63078909,1,705881.810566198,5708102.27667765,13
"684",5608,0,17558338,207.67,228.76,0,1,1,-38.75387301,-72.63602682,1,705420.611099678,5707882.2530267,13
"685",5608,0,17939765,300.27,310.89,0,1,1,-38.75467458,-72.63452173,1,705549.113640952,5707789.90784644,13
"686",5608,0,19717449,245.07,204.71,1,0,1,-38.75116997,-72.61017323,1,707675.313708905,5708123.87518312,13
"687",5608,0,21779810,376.61,331.67,0,1,1,-38.75146874,-72.61076378,1,707623.122537323,5708092.05609307,13
"688",5608,0,22274921,291.58,290.03,0,1,1,-38.75353579,-72.62249244,1,706597.818880414,5707889.19676954,13
"689",5608,0,23196246,299.23,272.8,0,1,1,-38.75163274,-72.62780659,1,706141.455557289,5708112.4006204,13
"690",5608,1,7777364,347.54,352.03,0,0,0,-38.74844725,-72.6243604,0,706450.144582062,5708458.17701088,13
"691",5608,1,24668107,195.34,274.95,0,0,0,-38.75193815,-72.61136126,0,707569.834997703,5708041.31350888,13
"692",5608,1,25595834,264.82,290.99,0,0,0,-38.75216592,-72.63432157,0,705573.70905757,5708067.88676031,13
"693",5608,1,25631464,328.16,344.91,0,0,0,-38.73309641,-72.61702915,0,707131.701965387,5710145.35175661,4
"694",5611,0,122441,249.14,268.63,1,0,1,-38.73221158,-72.64165182,1,704993.723817934,5710299.00261462,7
"695",5611,0,1408102,270.19,303.27,1,0,1,-38.73596982,-72.63408269,1,705640.950674579,5709864.90476567,7
"696",5611,0,1889856,246.66,239.98,0,1,1,-38.73657719,-72.63398068,1,705648.07543754,5709797.26546577,7
"697",5611,0,1959324,224.06,242.09,0,1,1,-38.73735137,-72.63327518,1,705707.181036197,5709709.75585821,7
"698",5611,0,1964664,271.7,221.96,0,1,1,-38.73373455,-72.63678528,1,705412.423904633,5710119.06031904,7
"699",5611,0,2772332,279.63,310.57,1,0,1,-38.73903931,-72.64557189,1,704633.443316473,5709549.99045348,7
"700",5611,0,3660250,162.18,246.38,1,0,1,-38.7364176,-72.62898624,1,706082.691934085,5709803.74100034,7
"701",5611,0,3736222,184.72,271.72,0,1,1,-38.74026349,-72.64768481,1,704446.285107549,5709418.84633912,7
"702",5611,0,3948323,257.18,211.52,1,0,1,-38.73047965,-72.6406369,1,705086.909461939,5710488.94957007,7
"703",5611,0,4207243,249.87,327.1,0,1,1,-38.74025013,-72.63615074,1,705448.905837879,5709394.49267428,7
"704",5611,0,4402850,214.5,252.61,0,1,1,-38.73620913,-72.63820696,1,705281.747138173,5709847.60529223,7
"705",5611,0,6949105,221.87,329.21,0,1,1,-38.72767936,-72.63189013,1,705855.355762436,5710780.10609568,7
"706",5611,0,7618329,255.05,262.19,1,0,1,-38.74049273,-72.64447611,1,704724.541610011,5709386.22894,7
"707",5611,0,7662446,195.97,252.27,1,0,1,-38.74371943,-72.6344678,1,705585.238780721,5709005.66558053,7
"708",5611,0,7680813,223.88,196.14,0,1,1,-38.74555359,-72.63769763,1,705299.247944746,5708809.35093124,7
"709",5611,0,9368850,197.07,218.98,1,0,1,-38.73037222,-72.63977309,1,705162.312663445,5710498.93665437,7
"710",5611,0,10785143,161.74,252.33,1,0,1,-38.73199195,-72.63175276,1,705854.91363958,5710301.15690235,7
"711",5611,0,11718720,256.48,327.01,1,0,1,-38.73117651,-72.63819265,1,705297.405661763,5710406.12688521,7
"712",5611,0,12269659,265.13,347.59,1,0,1,-38.73258704,-72.63156978,1,705869.111568256,5710234.69815738,7
"713",5611,0,13528714,291.32,314.11,0,1,1,-38.73787147,-72.63351157,1,705685.13954147,5709652.56304165,7
"714",5611,0,14341978,287.23,340.89,0,1,1,-38.74979119,-72.64282144,1,704841.783608896,5708350.51920402,7
"715",5611,0,14467656,255.07,245.63,1,0,1,-38.73617677,-72.62947353,1,706041.024973669,5709831.56734928,7
"716",5611,0,15562622,262.22,343.29,1,0,1,-38.74230352,-72.63383574,1,705644.240911918,5709161.39249242,7
"717",5611,0,16151249,144.83,205.78,0,1,1,-38.73698198,-72.63101657,1,705904.577067224,5709745.6730934,7
"718",5611,0,16711564,152.08,187.66,1,0,1,-38.73353923,-72.62908736,1,706082.17810943,5710123.42993941,7
"719",5611,0,17188260,268.64,180.82,0,1,1,-38.73162507,-72.63866185,1,705255.331467944,5710357.39522484,7
"720",5611,0,18286383,255.29,277.99,0,1,1,-38.74115862,-72.6474644,1,704462.889742648,5709319.00635845,7
"721",5611,0,18840953,196.51,219.82,1,0,1,-38.72926566,-72.63882851,1,705247.598619469,5710619.63191691,7
"722",5611,0,19630523,273.6,325.4,0,1,1,-38.73307505,-72.63508546,1,705562.083365554,5710188.43895905,7
"723",5611,0,19819259,239.53,322.29,1,0,1,-38.73692446,-72.6446102,1,704723.079721328,5709782.55923051,7
"724",5611,0,19955982,273.26,273.64,1,0,1,-38.73626001,-72.63286878,1,705745.641433247,5709829.96867738,7
"725",5611,0,20614747,337.08,334.44,0,1,1,-38.73109007,-72.62793949,1,706189.009884774,5710392.66867514,7
"726",5611,0,21399680,239.02,293.54,0,1,1,-38.73718154,-72.63933597,1,705180.819923447,5709742.21301989,7
"727",5611,0,21603949,167.06,277.34,0,1,1,-38.73818889,-72.64125099,1,705011.470564862,5709634.70311863,7
"728",5611,0,21626970,340.03,367.65,1,0,1,-38.73741273,-72.64075604,1,705056.715517623,5709719.737436,7
"729",5611,0,22787740,242.65,224,0,1,1,-38.73263733,-72.62986018,1,706017.587741445,5710225.26911707,7
"730",5611,0,23074271,233.91,296.95,0,1,1,-38.73642681,-72.63112875,1,705896.420520828,5709807.54208928,7
"731",5611,0,23163281,254.63,156.86,1,0,1,-38.73847008,-72.64794477,1,704428.804610463,5709618.47164059,7
"732",5611,0,25130513,248.71,235.5,0,1,1,-38.74534438,-72.6388247,1,705201.885413783,5708835.09916196,7
"733",5611,0,25500909,193.56,320.95,1,0,1,-38.7312791,-72.64029531,1,705114.318121558,5710399.45576877,7
"734",5611,1,8296351,262.52,305.99,0,0,0,-38.73259411,-72.63714471,0,705384.44598979,5710246.44073962,7
"735",5611,1,8692171,285.84,305.89,0,0,0,-38.75090846,-72.64603561,0,704559.243185576,5708233.70962653,7
"736",5611,1,12872857,267.21,266.78,0,0,0,-38.73103947,-72.63776397,0,705335.065371015,5710420.37470617,7
"737",5611,1,7778622,248.4,303.37,0,0,0,-38.73808359,-72.63840295,0,705259.341204792,5709640.00481708,7
"738",5611,1,24618846,240.14,293.07,0,0,0,-38.74786934,-72.62650801,0,706265.151537934,5708527.16222126,13
"739",5611,1,16427360,276.29,271.66,0,0,0,-38.74826061,-72.62917331,0,706032.372960375,5708489.74267219,13
"740",5611,1,14509150,221.8,262.22,0,0,0,-38.74921382,-72.63081532,0,705886.919635531,5708387.64570355,13
"741",5611,1,15726217,248.67,275.91,0,0,0,-38.75074992,-72.62238677,0,706615.038514241,5708198.15408033,13
"742",5611,1,20189236,245.58,329.68,0,0,0,-38.75000958,-72.62388669,0,706486.812998177,5708283.7092408,13
"743",5611,1,20651545,292.9,342.16,0,0,0,-38.75409753,-72.63556492,0,705460.109414014,5707856.29675776,13
"744",5611,1,18961941,285.42,252.52,0,0,0,-38.75352925,-72.62147125,0,706686.587035791,5707887.61554255,13
"745",5611,1,24342600,213.99,335.74,0,0,0,-38.75123928,-72.61779939,0,707012.318547468,5708133.46945922,13
"746",5611,1,4992106,276.89,289.34,0,0,0,-38.75179535,-72.62441869,0,706435.429165692,5708086.71244141,13
"747",5611,1,2437182,158.47,162.3,0,0,0,-38.75299558,-72.62354472,0,706507.925215834,5707951.52946445,13
"748",5611,1,13603196,237.1,302.16,0,0,0,-38.75270986,-72.62757754,0,706158.262019991,5707992.33793205,13
"749",5611,1,2388281,308.4,343.75,0,0,0,-38.75235833,-72.61582256,0,707180.889065188,5708004.79335355,13
"750",5611,1,8191188,270.04,285.41,0,0,0,-38.74048255,-72.57456148,0,710801.811828001,5709228.59386022,11
"751",5611,1,2568009,261.31,304.65,0,0,0,-38.72728927,-72.55781397,0,712296.654981862,5710654.16948193,11
"752",5611,1,5178162,292.22,316.91,0,0,0,-38.73882689,-72.62105607,0,706765.09792097,5709518.45045726,4
"753",5611,1,7419938,264.89,304.64,0,0,0,-38.74033423,-72.61748443,0,707071.20908573,5709343.07775364,4
"754",5611,1,14309908,258.09,313.14,0,0,0,-38.74634965,-72.62653045,0,706267.57672714,5708695.87877201,4
"755",5611,1,21089530,243.61,254.37,0,0,0,-38.72395717,-72.63633067,0,705479.967654524,5711203.19806404,5
"756",5639,0,6278835,187.02,227.26,1,0,1,-38.72056864,-72.622362,1,706704.221461222,5711547.82697649,3
"757",5639,0,13303198,201.12,213.29,1,0,1,-38.71508118,-72.6465678,1,704615.241783026,5712211.24422012,3
"758",5652,0,8794,268.71,324.04,1,0,1,-38.7210252,-72.55922474,1,712192.540664338,5711352.67731178,12
"759",5652,0,448738,229.92,262.35,1,0,1,-38.72916305,-72.58768741,1,709693.968580364,5710515.07916703,12
"760",5652,0,1967891,254.53,318.87,1,0,1,-38.7194493,-72.55869035,1,712243.669393973,5711526.34405374,12
"761",5652,0,3616418,269.93,312.95,0,1,1,-38.73409803,-72.57991767,1,710354.96947567,5709949.52491311,12
"762",5652,0,3699681,182.21,139.29,1,0,1,-38.72420002,-72.57797242,1,710553.14506394,5711043.60813526,12
"763",5652,0,4166825,221.68,299.14,1,0,1,-38.71481666,-72.55810116,1,712308.614112273,5712039.14430984,12
"764",5652,0,4391297,242.6,201.18,1,0,1,-38.73355156,-72.58983327,1,709494.585466348,5710032.92435646,12
"765",5652,0,4726089,253.99,254.56,1,0,1,-38.71913105,-72.56162349,1,711989.573781644,5711568.46325505,12
"766",5652,0,5623709,273.39,307.7,1,0,1,-38.72149767,-72.55940805,1,712175.20411757,5711300.66383303,12
"767",5652,0,5909780,262.32,299.97,1,0,1,-38.71242058,-72.55891629,1,712244.824503261,5712306.97006932,12
"768",5652,0,6448206,295.42,333.39,0,1,1,-38.73295355,-72.57698268,1,710613.47694363,5710069.79685037,12
"769",5652,0,6777413,237.61,309.34,1,0,1,-38.73245168,-72.5962793,1,708937.422944628,5710169.73523603,12
"770",5652,0,7581462,294.67,349.51,1,0,1,-38.73252803,-72.5848913,1,709927.200953841,5710135.19749889,12
"771",5652,0,7945828,247.12,302.07,0,1,1,-38.72666465,-72.57419303,1,710874.490738287,5710761.3630851,12
"772",5652,0,8185939,256.13,303.08,0,1,1,-38.72259434,-72.56256659,1,711897.336005138,5711186.26412156,12
"773",5652,0,8890683,264.16,312.69,0,1,1,-38.7277316,-72.57738318,1,710594.001577941,5710650.29073626,12
"774",5652,0,9344169,209.21,217.66,1,0,1,-38.72479819,-72.56504901,1,711674.992548118,5710947.40799326,12
"775",5652,0,9942309,282.22,289.35,1,0,1,-38.72905663,-72.58128418,1,710250.963683228,5710512.19854526,12
"776",5652,0,12752964,258.66,275.86,1,0,1,-38.73450835,-72.58879456,1,709582.085166562,5709924.3540051,12
"777",5652,0,13722872,278.37,264.26,0,1,1,-38.71968856,-72.56019026,1,712112.544493541,5711503.26605918,12
"778",5652,0,13858763,233.2,286.18,1,0,1,-38.7287489,-72.5730367,1,710968.889337946,5710527.37186942,12
"779",5652,0,14043955,164.69,200.46,1,0,1,-38.71360452,-72.55495063,1,712586.163381851,5712166.36536965,12
"780",5652,0,14322401,229.67,218.7,0,1,1,-38.69638555,-72.53493001,1,714378.548775361,5714030.78144175,12
"781",5652,0,15299189,317.95,324.68,1,0,1,-38.71520066,-72.55748527,1,712361.032176135,5711995.09637984,12
"782",5652,0,17455494,228.7,333.77,1,0,1,-38.72844681,-72.57715603,1,710611.648634526,5710570.38851659,12
"783",5652,0,17924064,303.64,243.11,1,0,1,-38.718886,-72.56576494,1,711630.196611474,5711605.24433847,12
"784",5652,0,18290625,306.25,341.08,1,0,1,-38.71983379,-72.55954118,1,712168.552083319,5711485.64291739,12
"785",5652,0,18684808,201.43,233.55,0,1,1,-38.71735716,-72.56387382,1,711799.146038635,5711770.55270904,12
"786",5652,0,20083205,254.07,281.12,1,0,1,-38.72061542,-72.55992342,1,712133.00410558,5711399.77746015,12
"787",5652,0,21117750,260.07,267.41,1,0,1,-38.73243086,-72.57450649,1,710830.277952798,5710122.1067829,12
"788",5652,0,21500414,236.77,286.44,0,1,1,-38.73095357,-72.58477862,1,709941.608213074,5710309.68448853,12
"789",5652,0,21797990,265.09,303.62,1,0,1,-38.72841335,-72.57362021,1,710919.147155154,5710565.95882785,12
"790",5652,0,22841756,192.57,225.69,1,0,1,-38.70416941,-72.54707599,1,713298.97337298,5713195.23184409,12
"791",5652,0,23649380,233.94,248.56,0,1,1,-38.72822332,-72.57568433,1,710740.253514118,5710591.80513089,12
"792",5652,0,23737455,265.96,321.63,1,0,1,-38.72847401,-72.56902094,1,711318.823959418,5710548.61594474,12
"793",5652,0,24510812,321.86,367.65,0,1,1,-38.71205012,-72.5551365,1,712574.607524102,5712339.31645187,12
"794",5652,1,7226868,252.98,235.59,0,0,0,-38.72039026,-72.56623795,0,711584.629468227,5711439.38348287,12
"795",5652,1,12030320,292.87,276.57,0,0,0,-38.71108639,-72.55333592,0,712734.04253407,5712442.09613873,12
"796",5652,1,11510161,217.8,274.05,0,0,0,-38.72614739,-72.57444514,0,710854.093399,5710819.35345323,12
"797",5652,1,17900841,319.62,370.59,0,0,0,-38.71378056,-72.56009684,0,712138.143135177,5712158.76539631,12
"798",5652,1,25712936,338.1,332.47,0,0,0,-38.7308962,-72.55999457,0,712096.399988015,5710258.89989655,11
"799",5654,0,4330,188.27,185.81,1,0,1,-38.73585749,-72.58803261,1,709644.375890891,5709772.87074785,4
"800",5654,0,132749,305.98,274.89,1,0,1,-38.73749698,-72.5934615,1,709167.659292929,5709603.33250602,4
"801",5654,0,285114,257.98,278.59,0,1,1,-38.74238793,-72.62609133,1,706317.151617186,5709134.58815863,4
"802",5654,0,605410,219.53,241.54,0,1,1,-38.74236733,-72.61827787,1,706996.366836945,5709119.22527468,4
"803",5654,0,670677,296,214.68,0,1,1,-38.74391099,-72.62741734,1,706197.510021104,5708968.53775399,4
"804",5654,0,744205,181.29,222.46,0,1,1,-38.74087578,-72.6263783,1,706296.561441384,5709303.06425102,4
"805",5654,0,902320,317.34,324,0,1,1,-38.74276193,-72.62770102,1,706176.159258344,5709096.70781406,4
"806",5654,0,1016587,254.56,288.75,1,0,1,-38.73820761,-72.62234248,1,706655.061853177,5709590.08878207,4
"807",5654,0,1271307,234.86,208.52,1,0,1,-38.7323407,-72.62033603,1,706846.407210849,5710236.70584449,4
"808",5654,0,1290665,175.04,194.52,1,0,1,-38.73875105,-72.62128701,1,706745.242130135,5709527.38957491,4
"809",5654,0,1544523,183.22,242.15,1,0,1,-38.74180848,-72.59512861,1,709010.165176965,5709128.61963232,4
"810",5654,0,1565904,306.8,318.02,1,0,1,-38.74324494,-72.58976245,1,709472.404834771,5708956.91732142,4
"811",5654,0,1592128,244.78,227.93,0,1,1,-38.73555568,-72.62259566,1,706640.700353028,5709884.99030169,4
"812",5654,0,1595170,234.47,229.94,0,1,1,-38.74621071,-72.63409804,1,705610.228371903,5708728.33513133,4
"813",5654,0,1659058,286.82,353.44,0,1,1,-38.73717793,-72.58522968,1,709884.166460768,5709619.89241522,4
"814",5654,0,2006594,288.85,299.32,1,0,1,-38.74026926,-72.58584063,1,709822.005900058,5709278.19418855,4
"815",5654,0,2055582,264.51,289.19,1,0,1,-38.73511003,-72.60928394,1,707799.17545413,5709904.3054449,4
"816",5654,0,2146873,258.15,304.41,1,0,1,-38.73709838,-72.62763325,1,706198.346441698,5709725.1352034,4
"817",5654,0,2252579,286.61,283.11,1,0,1,-38.73477382,-72.59397771,1,709130.732828133,5709906.7491354,4
"818",5654,0,2284761,308.78,340.68,0,1,1,-38.7332617,-72.62092464,1,706792.580078322,5710135.81719436,4
"819",5654,0,2305870,295.31,309.55,1,0,1,-38.73593339,-72.62767885,1,706197.73442523,5709854.53658235,4
"820",5654,0,2312462,248.69,167.87,1,0,1,-38.72810385,-72.61404855,1,707405.258620465,5710692.71019735,4
"821",5654,0,2462081,259.15,298.45,1,0,1,-38.73818495,-72.58568742,1,709841.427182409,5709509.1755352,4
"822",5654,0,2602791,148.19,185.73,1,0,1,-38.72900376,-72.62513028,1,706439.236601487,5710617.88829355,4
"823",5654,0,2790755,192.72,278.9,0,1,1,-38.74060547,-72.59846026,1,708724.074809779,5709269.74473597,4
"824",5654,0,2800720,303.12,247.31,0,1,1,-38.74032564,-72.61751031,1,707068.984320674,5709344.08970589,4
"825",5654,0,2888965,250.52,224.85,1,0,1,-38.73383976,-72.60455005,1,708214.384251748,5710034.5280676,4
"826",5654,0,2967118,252.1,273.71,1,0,1,-38.73682282,-72.58535245,1,709874.534282141,5709659.58685252,4
"827",5654,0,3031479,338.56,345.98,0,1,1,-38.73916636,-72.58951956,1,709505.442065475,5709409.03311735,4
"828",5654,0,3800170,231.07,211.65,0,1,1,-38.7399292,-72.62125673,1,706744.475093321,5709396.56176234,4
"829",5654,0,4084730,286.82,290.55,0,1,1,-38.73044862,-72.61687433,1,707152.812986115,5710438.87158569,4
"830",5654,0,4266088,235.32,271.76,1,0,1,-38.73642606,-72.62550622,1,706385.180254415,5709794.9584265,4
"831",5654,0,4305735,215.76,240.41,1,0,1,-38.74637765,-72.63016717,1,705951.405798006,5708700.96476497,4
"832",5654,0,4346452,152.78,181.18,1,0,1,-38.74108026,-72.58739598,1,709684.434874212,5709191.74902217,4
"833",5654,0,4350940,245.69,324.17,0,1,1,-38.73165579,-72.61360013,1,707433.964871876,5710297.47455584,4
"834",5654,0,4468798,232.1,201.62,1,0,1,-38.73960864,-72.62186504,1,706692.52284319,5709433.51416832,4
"835",5654,0,4695576,230.55,237.34,0,1,1,-38.73993625,-72.61027899,1,707698.687297324,5709370.91599228,4
"836",5654,0,4735445,204.13,198.27,1,0,1,-38.73744223,-72.61702859,1,707119.191078259,5709663.02070972,4
"837",5654,0,4781955,353.6,321.17,1,0,1,-38.74402871,-72.63087083,1,705896.996774778,5708963.25041627,4
"838",5654,0,4823919,253.14,247.96,1,0,1,-38.73902923,-72.6282917,1,706135.554818745,5709512.31977937,4
"839",5654,0,4877062,267.36,276.11,1,0,1,-38.74219125,-72.62496765,1,706415.389837724,5709153.88246994,4
"840",5654,0,4929815,195,166,1,0,1,-38.74563883,-72.62609931,1,706307.096798436,5708773.79839546,4
"841",5654,0,5238175,205.91,230.79,0,1,1,-38.73975318,-72.61408885,1,707368.047418346,5709399.87629883,4
"842",5654,0,5330913,228.41,305.71,0,1,1,-38.73036288,-72.61234261,1,707547.030199154,5710438.11955473,4
"843",5654,0,5355132,259.54,295.83,1,0,1,-38.7453667,-72.62615835,1,706302.748827104,5708804.13444667,4
"844",5654,0,5384019,276.22,198.48,0,1,1,-38.73906107,-72.59679894,1,708872.984750553,5709437.3624258,4
"845",5654,0,5482990,266.75,253.67,1,0,1,-38.74288447,-72.60541145,1,708113.232206075,5709032.63973135,4
"846",5654,0,5576354,203.74,220.95,1,0,1,-38.73883347,-72.58520961,1,709881.062262349,5709436.10185616,4
"847",5654,0,5778141,263.53,278.73,1,0,1,-38.73721067,-72.61829335,1,707009.917772027,5709691.58307694,4
"848",5654,0,6018148,242.68,287.77,1,0,1,-38.74534818,-72.63164338,1,705826.0567269,5708818.54487159,4
"849",5654,0,6082499,257.29,254.96,1,0,1,-38.7472426,-72.63204673,1,705785.556849562,5708609.19634751,4
"850",5654,0,6249165,229.65,284.95,1,0,1,-38.74113656,-72.60250015,1,708371.368132839,5709220.00912757,4
"851",5654,0,6332877,240.85,245.25,0,1,1,-38.74176537,-72.60312049,1,708315.618142845,5709151.63179869,4
"852",5654,0,6418013,257.1,251.02,1,0,1,-38.73728332,-72.62515371,1,706413.354265594,5709699.01859594,4
"853",5654,0,6629131,281.31,294.3,1,0,1,-38.73941382,-72.59187569,1,709299.911260924,5709386.96066339,4
"854",5654,0,6669487,220.82,228.5,0,1,1,-38.74611093,-72.6279861,1,706141.743814276,5708725.65472733,4
"855",5654,0,6757635,294.58,239.7,1,0,1,-38.74655397,-72.63349863,1,705661.341552856,5708688.89037486,4
"856",5654,0,6984607,273.09,290.37,0,1,1,-38.74052817,-72.6098229,1,707736.616608351,5709304.18493919,4
"857",5654,0,7030059,301.06,284.3,0,1,1,-38.74280265,-72.61246221,1,707500.611256673,5709057.7360557,4
"858",5654,0,7039654,251.19,243.34,1,0,1,-38.72822539,-72.6234399,1,706588.437102787,5710700.4626281,4
"859",5654,0,7045614,312.77,275.48,1,0,1,-38.74204632,-72.59946498,1,708632.545392034,5709112.12009874,4
"860",5654,0,7061861,226.05,176.81,1,0,1,-38.73436646,-72.62794083,1,706179.468463468,5710029.03556519,4
"861",5654,0,7165976,269.87,255.51,1,0,1,-38.73356846,-72.6260312,1,706347.771826249,5710113.29857215,4
"862",5654,0,7196200,276.88,287.99,0,1,1,-38.74608946,-72.62802421,1,706138.49319781,5708728.12349417,4
"863",5654,0,7255805,267.07,308.84,0,1,1,-38.74325289,-72.58706831,1,709706.558036192,5708949.86278236,4
"864",5654,0,7331896,235.29,311.93,1,0,1,-38.72893825,-72.61712508,1,707135.378139632,5710607.07055821,4
"865",5654,0,7391625,350.83,275.7,0,1,1,-38.73610651,-72.62543317,1,706392.45064588,5709830.25952785,4
"866",5654,0,7456540,249.11,235.23,0,1,1,-38.74118777,-72.60820539,1,707875.302977147,5709227.30383117,4
"867",5654,0,7540130,192.88,255.15,1,0,1,-38.74099127,-72.63036634,1,705949.577094011,5709299.23106335,4
"868",5654,0,7910822,206.36,191.49,0,1,1,-38.73169058,-72.61970939,1,706902.759827616,5710307.44404038,4
"869",5654,0,8060746,327.68,305.6,1,0,1,-38.73983163,-72.61141959,1,707599.844443439,5709385.1161409,4
"870",5654,0,8183635,253.27,271.63,1,0,1,-38.7263278,-72.6175302,1,707107.699395925,5710897.71325864,4
"871",5654,0,8275008,285.87,293.23,0,1,1,-38.73523483,-72.62370759,1,706544.96546155,5709923.11095841,4
"872",5654,0,8660542,259.81,307.3,0,1,1,-38.73866424,-72.59049097,1,709422.46910665,5709466.9861326,4
"873",5654,0,8809744,200.88,293.35,1,0,1,-38.7365322,-72.6285501,1,706120.275288622,5709790.03951908,4
"874",5654,0,9171882,317.3,294.94,0,1,1,-38.74288931,-72.6047785,1,708168.23471639,5709030.6625336,4
"875",5654,0,9403029,244.08,284.34,0,1,1,-38.72843097,-72.6194427,1,706935.354084075,5710668.6151435,4
"876",5654,0,9409160,277.11,287.23,1,0,1,-38.72833746,-72.61241009,1,707547.027894113,5710663.06798013,4
"877",5654,0,9546222,288.22,349.02,1,0,1,-38.74098467,-72.60278956,1,708346.653386294,5709237.52610371,4
"878",5654,0,9673602,244.01,279.56,1,0,1,-38.73673066,-72.59537174,1,709003.841701536,5709692.74961948,4
"879",5654,0,9823825,309.97,333,1,0,1,-38.73000757,-72.61939778,1,706934.708061739,5710493.53158949,4
"880",5654,0,9837836,307.83,338.5,1,0,1,-38.73861953,-72.60789058,1,707910.118740789,5709511.63050884,4
"881",5654,0,9839968,273.53,221.02,0,1,1,-38.7289625,-72.61446572,1,707366.50656461,5710598.35656599,4
"882",5654,0,9913541,269.55,267.37,1,0,1,-38.73847888,-72.62214697,1,706671.274473551,5709559.53973712,4
"883",5654,0,10002103,277.2,285.38,1,0,1,-38.72891153,-72.61508898,1,707312.469203868,5710605.42565153,4
"884",5654,0,10078226,304.04,277.47,1,0,1,-38.74332944,-72.58925632,1,709516.150887033,5708946.3798623,4
"885",5654,0,10145529,253.37,187.32,1,0,1,-38.74098878,-72.61722382,1,707091.970559944,5709269.84126102,4
"886",5654,0,10186307,266.93,275.63,1,0,1,-38.73807004,-72.62320844,1,706580.183711742,5709607.31276254,4
"887",5654,0,10320413,263.45,320.19,0,1,1,-38.74436969,-72.62271166,1,706605.201964506,5708907.01144379,4
"888",5654,0,10513602,297.61,282.31,1,0,1,-38.74272061,-72.58884108,1,709554.0244701,5709013.00143975,4
"889",5654,0,10657011,245.25,174.63,0,1,1,-38.73142774,-72.62029997,1,706852.176694895,5710337.95097747,4
"890",5654,0,10700101,321.37,269.67,0,1,1,-38.74330262,-72.61720692,1,707086.751976019,5709012.99646823,4
"891",5654,0,10745048,274.06,322.66,0,1,1,-38.73668189,-72.59158057,1,709333.54495571,5709689.49572927,4
"892",5654,0,10904624,240.45,194.31,0,1,1,-38.73530518,-72.62335948,1,706575.023863109,5709914.51719848,4
"893",5654,0,10972232,344.62,317.47,0,1,1,-38.73822525,-72.62194635,1,706689.44510149,5709587.23619767,4
"894",5654,0,11132411,199.01,256.62,1,0,1,-38.74040559,-72.60714631,1,707969.631481253,5709311.70902237,4
"895",5654,0,11225183,299.34,272.47,1,0,1,-38.73849563,-72.58740557,1,709691.164699752,5709478.63302342,4
"896",5654,0,11533416,303.91,267.75,1,0,1,-38.73567079,-72.61211594,1,707551.365023115,5709848.49585822,4
"897",5654,0,11571265,346.24,374.08,1,0,1,-38.74371493,-72.59171635,1,709301.19760426,5708909.22624293,4
"898",5654,0,11706068,299.22,324.74,1,0,1,-38.73490073,-72.59371163,1,709153.493034507,5709892.05555027,4
"899",5654,0,12031955,263.42,274.88,1,0,1,-38.74246856,-72.58962847,1,709486.320446521,5709042.77914276,4
"900",5654,0,12279138,294.21,366.53,0,1,1,-38.73970539,-72.62734138,1,706216.215794039,5709435.1333925,4
"901",5654,0,12438791,317.11,295.47,0,1,1,-38.73740223,-72.58988281,1,709479.023243112,5709605.66137229,4
"902",5654,0,12480742,275.38,320.48,0,1,1,-38.73705246,-72.61736835,1,707090.782986562,5709707.04918512,4
"903",5654,0,12666170,268.82,297.89,0,1,1,-38.73975295,-72.62896269,1,706075.147578418,5709433.50782496,4
"904",5654,0,12888009,228.44,246.19,0,1,1,-38.74367094,-72.62492888,1,706414.496911404,5708989.56858345,4
"905",5654,0,13223763,255.29,323.85,0,1,1,-38.74360629,-72.59968755,1,708608.657190309,5708939.49048561,4
"906",5654,0,13313992,171.31,189.3,1,0,1,-38.74107922,-72.58973395,1,709481.21383767,5709197.2202393,4
"907",5654,0,13449134,281.5,279.04,0,1,1,-38.74071002,-72.61772292,1,707049.392772871,5709301.90963775,4
"908",5654,0,13498620,299.35,350.63,1,0,1,-38.72978592,-72.61791577,1,707064.188843422,5710514.77960009,4
"909",5654,0,13619806,283.02,233.55,1,0,1,-38.73526571,-72.59416988,1,709112.592090317,5709852.59470559,4
"910",5654,0,13730493,284.67,313.65,1,0,1,-38.74064941,-72.62098473,1,706766.04029034,5709316.01310271,4
"911",5654,0,13856030,256.89,276.82,0,1,1,-38.73523067,-72.59537201,1,709008.1927802,5709859.23030612,4
"912",5654,0,13903676,253.63,316.46,0,1,1,-38.74269485,-72.62991557,1,705983.861857691,5709109.14115278,4
"913",5654,0,13917480,223.84,255.91,0,1,1,-38.74317229,-72.60256662,1,708359.670375332,5708994.22008728,4
"914",5654,0,13924508,286.78,270.61,0,1,1,-38.73243234,-72.62004014,1,706871.865467848,5710225.86612673,4
"915",5654,0,14070696,284.82,318.52,1,0,1,-38.73949059,-72.60017093,1,708578.622200709,5709397.38367116,4
"916",5654,0,14169868,207.69,161.29,1,0,1,-38.73619437,-72.59375196,1,709146.21185467,5709748.56989758,4
"917",5654,0,14441050,179.58,248.13,1,0,1,-38.734635,-72.60040506,1,708572.401855773,5709936.82661119,4
"918",5654,0,14469774,207.37,230.55,1,0,1,-38.74152068,-72.58779514,1,709648.449924539,5709143.78259039,4
"919",5654,0,14496292,292.81,304.88,0,1,1,-38.73776411,-72.61988799,1,706869.70195761,5709633.76496517,4
"920",5654,0,14514747,178.9,213.1,1,0,1,-38.74563844,-72.62151316,1,706705.713597655,5708763.48919577,4
"921",5654,0,14582813,186.81,184.63,1,0,1,-38.73003031,-72.61592187,1,707236.825247889,5710483.1420759,4
"922",5654,0,14712412,237.76,246.36,0,1,1,-38.74663341,-72.62839152,1,706105.002929053,5708668.57970403,4
"923",5654,0,14854218,257.86,266.45,1,0,1,-38.74513944,-72.6222901,1,706639.623324067,5708820.62699452,4
"924",5654,0,14884989,282.45,254.44,0,1,1,-38.73957535,-72.58324803,1,710049.400062238,5709349.26071151,4
"925",5654,0,14922402,278.81,226.83,1,0,1,-38.741349,-72.60825122,1,707870.851559978,5709209.51347692,4
"926",5654,0,15007139,351.57,265.12,1,0,1,-38.72830633,-72.62223801,1,706692.694176646,5710688.76554324,4
"927",5654,0,15137442,179.08,201.06,1,0,1,-38.74156764,-72.5933823,1,709162.661580812,5709151.35888977,4
"928",5654,0,15171872,299.58,338.31,1,0,1,-38.74424537,-72.62812829,1,706134.752681649,5708933.02806901,4
"929",5654,0,15337989,290.26,287.46,0,1,1,-38.74173497,-72.58584423,1,709817.400961192,5709115.52666058,4
"930",5654,0,15502780,286.41,260.66,1,0,1,-38.74085855,-72.62506429,1,706410.828815691,5709302.01289809,4
"931",5654,0,15539833,251.51,348.34,1,0,0,-38.74262969,-72.60073165,1,708520.746170281,5709050.26113784,4
"932",5654,0,15573362,313.22,345.74,0,1,1,-38.73689319,-72.62062276,1,706808.343984373,5709732.08679138,4
"933",5654,0,15584974,220.55,235.42,0,1,1,-38.73557724,-72.59778272,1,708797.61933649,5709826.26919576,4
"934",5654,0,16033073,232.92,269.23,0,1,1,-38.73460473,-72.59894148,1,708699.720442905,5709936.84908565,4
"935",5654,0,16066944,164.13,153.58,1,0,1,-38.73810378,-72.62112671,1,706761.043856572,5709598.86592578,4
"936",5654,0,16284590,250.83,349.02,0,1,1,-38.72896822,-72.61657792,1,707182.860330878,5710602.50569487,4
"937",5654,0,16585112,250.78,262.93,1,0,1,-38.7357924,-72.59502741,1,709036.510527988,5709796.09813092,4
"938",5654,0,16611705,272.57,333.51,0,1,1,-38.74305281,-72.61869553,1,706958.083280685,5709044.09069455,4
"939",5654,0,16629648,228.92,231.11,0,1,1,-38.73530937,-72.62561791,1,706378.686880637,5709919.14832416,4
"940",5654,0,16808772,213.04,184.57,0,1,1,-38.74386923,-72.59083079,1,709377.719610733,5708890.0744594,4
"941",5654,0,16883694,351.33,330.59,0,1,1,-38.74154987,-72.60363094,1,708271.875069351,5709176.71172749,4
"942",5654,0,17068972,169.55,224.95,1,0,1,-38.73329889,-72.62499222,1,706438.86877713,5710140.87388626,4
"943",5654,0,17305129,228.8,265.8,0,1,1,-38.73360016,-72.62636016,1,706319.083454526,5710110.5220444,4
"944",5654,0,17444893,257.86,211.38,0,1,1,-38.73764429,-72.6176543,1,707064.215946366,5709642.01085616,4
"945",5654,0,17528321,217.29,319.46,0,1,1,-38.73474838,-72.61741511,1,707093.376123562,5709962.87808584,4
"946",5654,0,17607884,248.16,275.98,1,0,1,-38.73709902,-72.60678218,1,708010.88105588,5709677.86851508,4
"947",5654,0,17882497,228.93,216.45,1,0,1,-38.74451336,-72.62089459,1,706762.724974504,5708886.96076075,4
"948",5654,0,17919227,254.54,241.06,1,0,1,-38.7447079,-72.62582309,1,706333.786137473,5708876.49662424,4
"949",5654,0,18173285,249.69,287.86,1,0,1,-38.74327361,-72.61265752,1,707482.270916818,5709005.90845719,4
"950",5654,0,18276158,297.61,315.99,0,1,1,-38.7295695,-72.62608697,1,706354.435833299,5710557.25627002,4
"951",5654,0,18285746,213.78,190.83,1,0,1,-38.7364365,-72.58608852,1,709811.679840264,5709704.15170863,4
"952",5654,0,18421817,262.23,275.68,1,0,1,-38.73532283,-72.5986393,1,708723.897900957,5709856.45979348,4
"953",5654,0,18423992,219.98,164.74,1,0,1,-38.74540548,-72.63265884,1,705737.630918013,5708814.46948737,4
"954",5654,0,18536978,194.38,177.5,0,1,1,-38.74049473,-72.60970989,1,707746.536804599,5709307.63975248,4
"955",5654,0,18592477,293.09,317.58,1,0,1,-38.73738201,-72.62032518,1,706832.801196118,5709677.16147538,4
"956",5654,0,18615616,291.7,172.48,1,0,1,-38.73751603,-72.58508745,1,709895.539959802,5709582.04121848,4
"957",5654,0,18653363,255.53,314.17,1,0,1,-38.72964394,-72.62515143,1,706435.554288182,5710546.88445949,4
"958",5654,0,18715315,346.98,341.66,1,0,1,-38.73673117,-72.58794788,1,709649.185556162,5709675.70897319,4
"959",5654,0,18781717,207.3,247.31,0,1,1,-38.72948864,-72.61741867,1,707108.263939427,5710546.64891766,4
"960",5654,0,18840567,334.28,349.95,1,0,1,-38.72595766,-72.6183125,1,707040.754522444,5710940.56397555,4
"961",5654,0,18860825,272.56,306.29,0,1,1,-38.74218115,-72.62798572,1,706153.083938172,5709161.80838799,4
"962",5654,0,19065769,230.18,253.4,0,1,1,-38.74167353,-72.60293127,1,708332.33260598,5709161.3940209,4
"963",5654,0,19141412,210.7,183.2,0,1,1,-38.74349993,-72.61415917,1,707351.092078675,5708984.1943486,4
"964",5654,0,19419937,251.91,213.82,1,0,1,-38.73676812,-72.6228994,1,706610.80095838,5709751.1111561,4
"965",5654,0,19455988,293.5,200.28,1,0,1,-38.74189967,-72.59166133,1,709311.282919038,5709110.57176326,4
"966",5654,0,19513695,245.23,209.56,1,0,1,-38.74217564,-72.63058163,1,705927.459633921,5709168.26608338,4
"967",5654,0,19537112,337.83,364.9,0,1,1,-38.73591819,-72.59107977,1,709379.310044127,5709773.11104038,4
"968",5654,0,19540534,213.53,187.28,0,1,1,-38.7281152,-72.62349594,1,706583.882610837,5710712.81876925,4
"969",5654,0,19568662,225.41,218.36,1,0,1,-38.74549399,-72.63194155,1,705799.721681698,5708803.03266635,4
"970",5654,0,19775079,305.82,353.01,1,0,1,-38.74580165,-72.62359212,1,706524.545527838,5708750.07038216,4
"971",5654,0,19918855,280.76,268.05,1,0,1,-38.74214897,-72.59945268,1,708633.315634173,5709100.69918486,4
"972",5654,0,19953228,338.75,297.63,1,0,1,-38.73879786,-72.58531607,1,709871.912405871,5709440.29833467,4
"973",5654,0,19956622,228.71,273.92,1,0,1,-38.73941017,-72.62763549,1,706191.49992057,5709468.56180123,4
"974",5654,0,19967319,237.43,294.3,0,1,1,-38.74244401,-72.58728971,1,709689.681100268,5709040.14599762,4
"975",5654,0,20100178,205.17,228.56,0,1,1,-38.73933711,-72.58545585,1,709858.182609385,5709380.76885244,4
"976",5654,0,20214223,261.24,296.16,1,0,1,-38.73978198,-72.60342269,1,708295.115772841,5709372.45112017,4
"977",5654,0,20344761,272.62,299.26,0,1,1,-38.73060978,-72.61913087,1,706956.17355607,5710426.09055654,4
"978",5654,0,20363264,193.21,192.04,1,0,1,-38.73686686,-72.62609403,1,706332.81373522,5709747.36106672,4
"979",5654,0,20410968,250.66,176.54,0,1,1,-38.73647599,-72.6178757,1,707048.345649885,5709772.1780681,4
"980",5654,0,20548359,251.7,230.17,1,0,1,-38.73856944,-72.58458735,1,709935.926406155,5709463.9783248,4
"981",5654,0,20767754,182.42,206.31,1,0,1,-38.74346302,-72.61406859,1,707359.07211625,5708988.08558619,4
"982",5654,0,20778092,191.31,229.31,1,0,1,-38.7300001,-72.61770223,1,707082.134549196,5710490.52522201,4
"983",5654,0,20791412,272.99,285.46,0,1,1,-38.73601232,-72.61639151,1,707178.704471131,5709820.27995024,4
"984",5654,0,20805886,276.98,290.06,0,1,1,-38.72800006,-72.61205046,1,707579.270555971,5710699.69934856,4
"985",5654,0,21139865,301.97,297.14,1,0,1,-38.73527162,-72.59091585,1,709395.448665916,5709844.49713413,4
"986",5654,0,21250101,252.86,248.57,0,1,1,-38.72971087,-72.61865448,1,707000.184622449,5710524.78036162,4
"987",5654,0,21353898,226.68,242.77,1,0,1,-38.73678204,-72.62841074,1,706131.670999265,5709761.99661641,4
"988",5654,0,21353958,269.8,331.27,0,1,1,-38.72833131,-72.61942905,1,706936.828477898,5710679.64523347,4
"989",5654,0,21503366,258.81,218.57,0,1,1,-38.73702103,-72.59437014,1,709090.062086279,5709658.23381868,4
"990",5654,0,21571313,217.92,245.53,0,1,1,-38.72967704,-72.61120709,1,707647.734488226,5710511.66298954,4
"991",5654,0,21616671,293.82,311.71,1,0,1,-38.73965331,-72.59345607,1,709161.83724371,5709363.99435652,4
"992",5654,0,21841810,250.92,209.29,0,1,1,-38.72773559,-72.61255411,1,707536.249438662,5710730.19434948,4
"993",5654,0,22211145,181.6,179.09,1,0,1,-38.73068673,-72.62080142,1,706810.72129845,5710421.32676876,4
"994",5654,0,22213390,227.29,257.56,0,1,1,-38.74466425,-72.62191126,1,706673.922090663,5708872.51118539,4
"995",5654,0,22329025,220.42,287.35,1,0,1,-38.73691112,-72.61573968,1,707232.768414569,5709719.04865477,4
"996",5654,0,22384221,282.03,236.69,1,0,1,-38.73847474,-72.59258,1,709241.431001127,5709492.79779955,4
"997",5654,0,22479005,337.26,355.78,1,0,1,-38.73594093,-72.6260828,1,706336.455788324,5709850.1018593,4
"998",5654,0,22673612,331.47,343.77,1,0,1,-38.73684988,-72.62296697,1,706604.691521536,5709742.18943459,4
"999",5654,0,22710220,317.22,338.84,1,0,1,-38.73532253,-72.62707513,1,706251.973178397,5709920.97338699,4
"1000",5654,0,22771994,288.52,335.05,1,0,1,-38.73415031,-72.62223629,1,706675.992864932,5710040.1564155,4
"1001",5654,0,23028657,248.17,219.21,0,1,1,-38.74013024,-72.62404937,1,706501.147653101,5709380.55564659,4
"1002",5654,0,23454436,250.19,243.19,0,1,1,-38.73355687,-72.61832851,1,707017.415262927,5710097.18706139,4
"1003",5654,0,23460487,273.77,328.5,0,1,1,-38.72971085,-72.61563886,1,707262.352784287,5710517.95705021,4
"1004",5654,0,23516161,262.67,292.06,1,0,1,-38.73971676,-72.62095122,1,706771.644329186,5709419.4494599,4
"1005",5654,0,23661865,225.96,284.89,1,0,1,-38.73011809,-72.61980126,1,706899.311996006,5710482.17760837,4
"1006",5654,0,23691934,235.56,227.1,0,1,1,-38.7426751,-72.6150652,1,707274.72611099,5709077.79304054,4
"1007",5654,0,23726349,248.67,204.55,0,1,1,-38.74022004,-72.63016825,1,705969.012469931,5709384.3815775,4
"1008",5654,0,23977383,175.48,208,0,1,1,-38.74252737,-72.60412382,1,708226.191945398,5709069.34345689,4
"1009",5654,0,24269763,294.8,263.32,1,0,1,-38.74643055,-72.62691751,1,706233.701986577,5708687.7725739,4
"1010",5654,0,24313363,275.69,339.01,1,0,1,-38.73928006,-72.61542289,1,707253.454971196,5709455.40926748,4
"1011",5654,0,24383871,249.53,259.83,1,0,1,-38.7366422,-72.62701903,1,706253.05200116,5709774.38085881,4
"1012",5654,0,24385262,312.94,236.14,0,1,1,-38.74590843,-72.63044491,1,705928.61440394,5708753.66732129,4
"1013",5654,0,24389925,247.81,288.79,0,1,1,-38.72935291,-72.61943864,1,706933.045685619,5710566.282686,4
"1014",5654,0,24758584,259.2,298.86,0,1,1,-38.74383486,-72.62864215,1,706091.269355623,5708979.7470433,4
"1015",5654,0,24861885,230.15,242.47,1,0,1,-38.74140026,-72.59480178,1,709039.764958488,5709173.18025891,4
"1016",5654,0,24879456,231.66,278.47,1,0,1,-38.74248141,-72.60402108,1,708235.255816175,5709074.21059576,4
"1017",5654,0,24906097,236.46,262.79,0,1,1,-38.73810385,-72.62283967,1,706612.142111558,5709602.72762856,4
"1018",5654,0,24966709,258.29,242.21,0,1,1,-38.73606594,-72.60183765,1,708443.70355664,5709781.27488247,4
"1019",5654,1,13279171,341.09,349.04,0,0,0,-38.74682742,-72.62753017,0,706179.309675486,5708645.10613832,4
"1020",5654,1,15851167,312.82,306.96,0,0,0,-38.74225444,-72.63084298,0,705904.516281611,5709160.10853552,4
"1021",5654,1,17069468,318.97,345.88,0,0,0,-38.7367805,-72.62103051,0,706773.22425694,5709745.51544015,4
"1022",5654,1,911887,198.71,256.37,0,0,0,-38.73683453,-72.58413267,0,709980.533652382,5709655.48858791,4
"1023",5654,1,21986340,283.82,321.91,0,0,0,-38.74653367,-72.62998685,0,705966.629986858,5708683.24260259,4
"1024",5654,1,8818171,216.65,226.64,0,0,0,-38.73908211,-72.60523014,0,708140.036656209,5709454.24116,4
"1025",5654,1,21925747,253.34,296.27,0,0,0,-38.73057498,-72.62582739,0,706374.108083153,5710445.07588529,4
"1026",5654,1,2214709,245.17,189.34,0,0,0,-38.72763063,-72.62263594,0,706660.046681514,5710764.65801348,4
"1027",5654,1,14741393,228.9,214.56,0,0,0,-38.74447472,-72.59685164,0,708852.623208512,5708836.63515886,14
"1028",5654,1,18697702,265.59,332.25,0,0,0,-38.69304293,-72.52895721,0,714908.062251831,5714387.77286674,9
"1029",5654,1,7563837,329.55,323.97,0,0,0,-38.68692992,-72.5336814,0,714515.408234914,5715077.31799099,9
"1030",5654,1,11603903,193.71,187.41,0,0,0,-38.75627962,-72.62807177,0,706105.035997873,5707597.25419445,2
"1031",5654,1,24409595,281.88,284.89,0,0,0,-38.75533592,-72.61563869,0,707188.255197186,5707673.90196237,2
"1032",5654,1,18600543,306.84,274.37,0,0,0,-38.76006246,-72.63893059,0,705150.521422765,5707201.82186079,2
"1033",5654,1,3331732,252.08,259.02,0,0,0,-38.75932586,-72.62780427,0,706119.514704471,5707258.55763479,2
"1034",5654,1,3183936,305.67,292.18,0,0,0,-38.75905211,-72.63450895,0,705537.660095986,5707304.02979676,2
"1035",5654,1,9419976,264.87,292.07,0,0,0,-38.7566921,-72.63028322,0,705911.665547222,5707556.45530781,2
"1036",5654,1,15864478,240.76,240.34,0,0,0,-38.75918713,-72.63640994,0,705372.075269822,5707293.31486172,2
"1037",5654,1,10144436,323.32,247.67,0,0,0,-38.75957817,-72.6281237,0,706091.029880425,5707231.27431687,2
"1038",5654,1,4943139,218.82,150.86,0,0,0,-38.75830927,-72.63666516,0,705352.413889267,5707391.31907063,2
"1039",5654,1,8105829,201.51,214.69,0,0,0,-38.76089043,-72.63397907,0,705578.429298692,5707098.80891727,2
"1040",5654,1,6362667,308.82,307.16,0,0,0,-38.76032952,-72.62955672,0,705964.338892272,5707151.11235748,2
"1041",5654,1,21758404,319.66,347.46,0,0,0,-38.75669269,-72.62490331,0,706379.19844595,5707544.26390076,2
"1042",5654,1,5760652,203.52,153.22,0,0,0,-38.75791768,-72.61963379,0,706833.602022543,5707396.40168268,2
"1043",5654,1,19955983,274.52,310.83,0,0,0,-38.75767199,-72.62697521,0,706196.322694894,5707440.24727905,2
"1044",5654,1,8436285,305.68,271.82,0,0,0,-38.73322141,-72.6482849,0,704414.208350633,5710201.76314088,5
"1045",5654,1,10272343,254.75,237.47,0,0,0,-38.73451529,-72.64585509,0,704621.742757116,5710052.72929293,5
"1046",5659,0,202602,273.7,229.63,1,0,0,-38.72654142,-72.61965609,1,706922.256237547,5710878.81291372,4
"1047",5659,0,1220858,310,325.85,0,1,0,-38.73877485,-72.62670455,1,706274.250475369,5709536.97566556,4
"1048",5659,0,1654480,319.92,306.56,0,1,0,-38.74234647,-72.62578904,1,706343.546424339,5709138.507941,4
"1049",5659,0,2013658,179.5,294.3,0,1,0,-38.74621374,-72.63006882,1,705960.425238584,5708718.93522501,4
"1050",5659,0,4889610,299.07,318.67,0,1,0,-38.73034669,-72.62640513,1,706324.539038477,5710471.71579716,4
"1051",5659,0,4989377,262.16,333.89,0,1,0,-38.73667277,-72.62460471,1,706462.836373431,5709765.54304279,4
"1052",5659,0,5914609,327.65,346.58,1,0,0,-38.74150501,-72.59707214,1,708842.113570155,5709166.7393155,4
"1053",5659,0,7644141,288.25,342.71,0,1,0,-38.73588293,-72.59083066,1,709401.068088316,5709776.4543924,4
"1054",5659,0,8923264,305.9,309.84,0,1,0,-38.7405357,-72.6153424,1,707256.819790581,5709315.86701898,4
"1055",5659,0,11522817,376.61,347.97,1,0,0,-38.74500083,-72.6234546,1,706538.807024027,5708838.64060954,4
"1056",5659,0,12588102,275.71,270.65,1,0,0,-38.73415444,-72.61710945,1,707121.663747947,5710028.10590895,4
"1057",5659,0,15214330,372.35,374.08,0,1,0,-38.73601185,-72.60184376,1,708443.329741446,5709787.29210664,4
"1058",5659,0,16890120,279.53,302.46,0,1,0,-38.73866334,-72.61987722,1,706868.042298699,5709533.93772556,4
"1059",5659,0,17291404,242.18,173.48,0,1,0,-38.73650165,-72.62335653,1,706571.831615088,5709781.7179738,4
"1060",5659,0,17606996,252.45,248.53,1,0,0,-38.73896794,-72.60754833,1,707938.858166583,5709472.18366067,4
"1061",5659,0,18115837,351.33,324.96,1,0,0,-38.74089671,-72.59732714,1,708821.721085241,5709234.83506949,4
"1062",5659,0,19021705,274.29,284.74,1,0,0,-38.73979801,-72.59705145,1,708848.887296997,5709356.14774302,4
"1063",5659,0,19987542,327.98,278.47,0,1,0,-38.73980945,-72.61494142,1,707293.775368658,5709395.56303679,4
"1064",5659,0,20313475,314.53,266.93,0,1,0,-38.73835313,-72.62467082,1,706452.248614914,5709579.19416517,4
"1065",5659,0,21245282,262.75,246.33,0,1,0,-38.74466124,-72.59086218,1,709372.676630341,5708802.24296136,4
"1066",5659,0,22547827,285.22,277.13,1,0,0,-38.73766388,-72.62173517,1,706709.421464078,5709649.06390818,4
"1067",5659,0,23954628,261.03,310.19,1,0,0,-38.72899244,-72.61399475,1,707407.364971473,5710593.96632445,4
"1068",5659,0,24680944,263.04,311.38,0,1,0,-38.73636324,-72.62461106,1,706463.176105583,5709799.9111601,4
"1069",5659,0,24859644,258.6,307.17,1,0,0,-38.73938054,-72.61771089,1,707054.280003646,5709449.43757214,4
"1070",5659,1,23418614,237.57,319.6,0,0,0,-38.73378218,-72.62517959,0,706421.18839422,5710087.65772163,4
"1071",5659,1,1580855,277.66,235.36,0,0,0,-38.74200199,-72.62928164,0,706040.955930735,5709184.61210729,4
"1072",5659,1,7912510,266.56,250.82,0,0,0,-38.7222995,-72.61182478,0,707615.398107391,5711331.87543728,3
"1073",5659,1,20087338,200.57,225.3,0,0,0,-38.71575598,-72.63307973,0,705786.149517772,5712106.11618888,3
"1074",5659,1,17305358,246.98,247.93,0,0,0,-38.70822591,-72.62310261,0,706675.390680479,5712919.37713006,3
"1075",5659,1,1843880,235.88,271.15,0,0,0,-38.71784345,-72.6139654,0,707442.170664211,5711831.29193513,3
"1076",5659,1,11577915,243.73,216.7,0,0,0,-38.70972607,-72.62392072,0,706599.925146403,5712754.72602848,3
"1077",5659,1,17014525,344.49,366.53,0,0,0,-38.72481441,-72.60819456,0,707923.737259305,5711044.51226063,3
"1078",5659,1,7233809,245.04,222.44,0,0,0,-38.72096873,-72.61912651,0,706984.385213975,5711496.11068183,3
"1079",5659,1,21257301,372.35,356.44,0,0,0,-38.72398257,-72.60977046,0,707789.134942767,5711140.41468298,3
"1080",5659,1,8957978,230.15,266.47,0,0,0,-38.75659784,-72.62112442,0,706707.872340513,5707546.25724007,2
"1081",5659,1,7899681,311.39,353.54,0,0,0,-38.75666809,-72.61573933,0,707175.655164809,5707526.27583993,2
"1082",5659,1,15074179,319.17,318.84,0,0,0,-38.76081997,-72.63069189,0,705864.283309029,5707099.23460493,2
"1083",5659,1,24673516,257.69,317.24,0,0,0,-38.75961724,-72.6298115,0,705944.247238657,5707230.74010227,2
"1084",5659,1,20136301,299.9,288.84,0,0,0,-38.7608444,-72.63062963,0,705869.623385167,5707096.3830348,2
"1085",5659,1,1442203,344.26,332.36,0,0,0,-38.75973281,-72.63086998,0,705851.932875758,5707220.29633509,2
"1086",5659,1,7880097,321.35,348.65,0,0,0,-38.75828598,-72.6235664,0,706490.786815279,5707364.41138523,2
"1087",5659,1,18666018,237.92,242.39,0,0,0,-38.76096451,-72.63461855,0,705522.646750323,5707092.02429675,2
"1088",5659,1,20923816,249.4,310.24,0,0,0,-38.75967153,-72.63300501,0,705666.574687434,5707231.90111833,2
"1089",5659,1,17015301,340.24,350.95,0,0,0,-38.73606161,-72.56391044,0,711740.708816817,5709694.67034861,11
"1090",5659,1,1649687,250.55,272.13,0,0,0,-38.74282081,-72.57459017,0,710792.438821084,5708969.14136722,11
"1091",5659,1,18865192,294.52,299.24,0,0,0,-38.73327396,-72.56218438,0,711898.996806621,5710000.07033436,11
"1092",5659,1,16953723,327.31,292.34,0,0,0,-38.74247472,-72.58367589,0,710003.710431476,5709028.4483878,11
"1093",5659,1,8563902,272.59,319.2,0,0,0,-38.74375257,-72.58343619,0,710020.799742282,5708886.07240634,11
"1094",5659,1,8392543,275.24,270.15,0,0,0,-38.70930161,-72.54935657,0,713085.389709861,5712630.93048271,11
"1095",5659,1,22342535,309.36,295.83,0,0,0,-38.73875282,-72.56861813,0,711323.534356564,5709406.8622368,11
"1096",5659,1,6862293,328.91,314.35,0,0,0,-38.73099171,-72.56510019,0,711652.255575419,5710260.12078102,11
"1097",5659,1,23664646,298.86,298.51,0,0,0,-38.73099368,-72.55693761,0,712361.871354343,5710240.99095145,11
"1098",5659,1,11295572,357.05,314.64,0,0,0,-38.70835191,-72.54695501,0,713297.059166477,5712730.74327726,11
"1099",5659,1,15429952,374.17,341.17,0,0,0,-38.75203368,-72.62769398,0,706150.088531009,5708067.64765154,13
"1100",5659,1,13450078,347.05,316.63,0,0,0,-38.71609782,-72.56187148,0,711976.976865526,5711905.68899962,12
"1101",5659,1,10357818,274.52,336.76,0,0,0,-38.71904599,-72.55810844,0,712295.460495804,5711569.7570612,12
"1102",5659,1,9880914,243.5,278.29,0,0,0,-38.73310014,-72.58616327,0,709814.949073425,5710074.61769539,12
"1103",5661,0,285721,254.87,206.88,0,1,0,-38.71007095,-72.65403488,1,703980.196560936,5712783.97338418,6
"1104",5661,0,441055,247.56,298.11,1,0,1,-38.71062022,-72.65607402,1,703801.312349255,5712727.55325755,6
"1105",5661,0,503023,226.82,244.05,0,1,0,-38.70920245,-72.65911825,1,703540.610798716,5712891.6779048,6
"1106",5661,0,763892,240.82,284.44,0,1,0,-38.7116419,-72.65560835,1,703838.903438176,5712613.12438132,6
"1107",5661,0,1014441,311.91,333.29,1,0,1,-38.71065019,-72.65541915,1,703858.174259536,5712722.76904352,6
"1108",5661,0,1693708,209.43,258.09,0,1,0,-38.717139,-72.65550772,1,703832.031293198,5712002.79888195,6
"1109",5661,0,1694718,201.99,254.39,1,0,1,-38.71090807,-72.65529813,1,703867.965176671,5712693.87849702,6
"1110",5661,0,2670899,148.78,162.14,1,0,1,-38.70868116,-72.66010838,1,703455.986484603,5712951.73443953,6
"1111",5661,0,3965222,201.95,251.87,0,1,0,-38.71081986,-72.66459324,1,703059.921767938,5712724.32556283,6
"1112",5661,0,4618486,238.76,253.54,0,1,0,-38.70946599,-72.66323686,1,703181.705869415,5712871.57674932,6
"1113",5661,0,4883418,245.65,278.18,0,1,0,-38.71153906,-72.6557416,1,703827.608491394,5712624.83485357,6
"1114",5661,0,5144559,282.99,324.09,1,0,1,-38.71131939,-72.66233975,1,703254.467633992,5712663.88428643,6
"1115",5661,0,6314725,268.93,325.84,1,0,1,-38.7107114,-72.65500221,1,703894.257104142,5712715.04712694,6
"1116",5661,0,7383240,251.61,221.66,1,0,1,-38.70997677,-72.66213715,1,703275.890016316,5712812.44634109,6
"1117",5661,0,7529906,220.9,218.71,1,0,1,-38.71444662,-72.6570402,1,703706.426901893,5712305.02673238,6
"1118",5661,0,8130586,232.85,241.41,0,1,0,-38.71162979,-72.66211348,1,703273.264107699,5712628.93190266,6
"1119",5661,0,8437885,252.29,322.43,1,0,1,-38.70976477,-72.65442379,1,703947.247406077,5712818.82148222,6
"1120",5661,0,8468074,230.86,329.24,1,0,1,-38.71024347,-72.65543161,1,703858.246580897,5712767.93701093,6
"1121",5661,0,8733689,280.31,264.38,0,1,0,-38.70957825,-72.6519204,1,704165.474151865,5712833.94310734,6
"1122",5661,0,9714977,262.6,262.04,1,0,1,-38.71060903,-72.66718348,1,702835.273262259,5712753.46647805,6
"1123",5661,0,11276909,277.99,301.27,1,0,1,-38.71121276,-72.66623934,1,702915.667148602,5712684.36888199,6
"1124",5661,0,11694545,209.13,298.68,1,0,1,-38.70984127,-72.65535549,1,703866.008979724,5712812.40608147,6
"1125",5661,0,11763758,243.63,284.99,1,0,1,-38.71131738,-72.65786949,1,703643.200263995,5712654.17352155,6
"1126",5661,0,11809071,234.71,237.24,1,0,1,-38.70997833,-72.656613,1,703756.266218269,5712799.99368949,6
"1127",5661,0,11871567,308.31,364.9,1,0,1,-38.71049014,-72.65098118,1,704244.553020449,5712730.64118062,6
"1128",5661,0,12523727,231.49,196.54,1,0,1,-38.70889128,-72.6581764,1,703623.398295528,5712924.1191375,6
"1129",5661,0,12629229,262.23,285.89,0,1,0,-38.71192797,-72.66008882,1,703448.478912288,5712591.34080971,6
"1130",5661,0,14880775,231.01,271.9,0,1,0,-38.70766775,-72.66239218,1,703260.254723339,5713069.28108135,6
"1131",5661,0,15220834,369.65,335.66,1,0,1,-38.70951533,-72.66290461,1,703210.45878567,5712865.363327,6
"1132",5661,0,15331201,234.34,240.74,0,1,0,-38.70902243,-72.66030783,1,703437.674199262,5712914.30147758,6
"1133",5661,0,15780459,252.31,282.29,1,0,1,-38.71138662,-72.66419539,1,703092.913772079,5712660.54074267,6
"1134",5661,0,15801678,230,234.89,0,1,0,-38.70817505,-72.66393086,1,703125.010370431,5713016.39267752,6
"1135",5661,0,16040617,251.59,273.15,0,1,0,-38.70911206,-72.66082004,1,703392.877661192,5712905.49180617,6
"1136",5661,0,16235995,241.9,315.23,1,0,1,-38.70976027,-72.65199848,1,704158.1662395,5712813.91554062,6
"1137",5661,0,16401866,295.93,298.54,0,1,0,-38.70874316,-72.66026145,1,703442.499439028,5712945.19344947,6
"1138",5661,0,16557415,205.16,158.73,1,0,1,-38.70965826,-72.66247701,1,703247.23818968,5712848.55096748,6
"1139",5661,0,16647296,259.52,244.41,0,1,0,-38.71165561,-72.66293365,1,703201.87058071,5712627.88695281,6
"1140",5661,0,16679411,296,270.41,0,1,0,-38.71084903,-72.66065569,1,703402.244591044,5712712.3475206,6
"1141",5661,0,17109674,337.06,305.55,1,0,1,-38.71403363,-72.65433815,1,703942.557211134,5712344.84685945,6
"1142",5661,0,17290369,311.91,264.18,0,1,0,-38.70719318,-72.66326484,1,703185.709770488,5713123.88853284,6
"1143",5661,0,18838934,301.19,349.15,1,0,1,-38.71065854,-72.66040896,1,703424.240186732,5712732.94104405,6
"1144",5661,0,18855366,304.99,250.85,0,1,0,-38.70834919,-72.66403099,1,703115.809805719,5712997.28774367,6
"1145",5661,0,18913914,322.77,296.35,0,1,0,-38.71400093,-72.65448627,1,703929.770373751,5712348.8060662,6
"1146",5661,0,19136899,285.04,340.9,1,0,1,-38.70879926,-72.65822199,1,703619.69490939,5712934.43345299,6
"1147",5661,0,19558078,313.48,345.74,0,1,0,-38.70862551,-72.66361801,1,703150.940899727,5712965.7038968,6
"1148",5661,0,19901170,309.14,231.32,1,0,1,-38.7092187,-72.66572733,1,702965.832631597,5712904.54632,6
"1149",5661,0,21726361,225.1,238.46,0,1,0,-38.70924427,-72.65780619,1,703654.590194071,5712884.1188018,6
"1150",5661,0,22219683,325.67,290.23,0,1,0,-38.71708544,-72.65282603,1,704065.360596275,5712002.76861087,6
"1151",5661,0,23507862,270.68,275.48,0,1,0,-38.71197186,-72.65962462,1,703488.720178646,5712585.43797338,6
"1152",5661,0,23922231,327.06,351,1,0,1,-38.71028753,-72.66573893,1,702961.799856128,5712785.94707847,6
"1153",5661,0,23973210,244.43,298.24,0,1,0,-38.71073665,-72.66401438,1,703110.494464431,5712732.27666511,6
"1154",5661,0,24078339,272.24,280.24,0,1,0,-38.7077085,-72.66444861,1,703081.306363516,5713069.32160947,6
"1155",5661,0,24615479,290.73,258.31,1,0,1,-38.71066571,-72.66419428,1,703095.051366996,5712740.54908999,6
"1156",5661,0,24875201,285.95,359.85,0,1,0,-38.7072217,-72.66325916,1,703186.122950088,5713120.71061296,6
"1157",5661,1,16355771,241.63,280.26,0,0,0,-38.70944396,-72.6555959,0,703846.231843711,5712857.0372137,6
"1158",5661,1,5075269,266.39,257.33,0,0,0,-38.71055309,-72.66393565,0,703117.860511702,5712752.47456378,6
"1159",5661,1,20604569,287.59,273.06,0,0,0,-38.70986863,-72.66195023,0,703292.451049057,5712824.03332731,6
"1160",5661,1,534513,285.6,273.8,0,0,0,-38.71002135,-72.6566043,0,703756.900577765,5712795.19971129,6
"1161",5661,1,16966388,288.03,362.13,0,0,0,-38.70970057,-72.66230577,0,703262.00941294,5712843.47500217,6
"1162",5661,1,3649009,207.83,219.29,0,0,0,-38.71157673,-72.65871152,0,703569.242593681,5712627.26193322,6
"1163",5661,1,15898480,158.54,211.99,0,0,0,-38.71086052,-72.65548492,0,703851.857228625,5712699.57180349,6
"1164",5661,1,10209858,146.12,173.17,0,0,0,-38.71148876,-72.65900402,0,703544.056952096,5712637.67571111,6
"1165",5661,1,2514456,173.18,182.63,0,0,0,-38.71535419,-72.6531308,0,704043.785770801,5712195.59269896,6
"1166",5661,1,16561706,215.14,307.79,0,0,0,-38.7104829,-72.65818044,0,703618.5292222,5712747.4806903,6
"1167",5661,1,24247200,270.07,275.71,0,0,0,-38.70860974,-72.66346215,0,703164.539407984,5712967.10830651,6
"1168",5661,1,21205569,291.82,370.17,0,0,0,-38.70975026,-72.65449747,0,703940.881413041,5712820.59601487,6
"1169",5661,1,19423282,283.73,252.42,0,0,0,-38.7299583,-72.57516848,0,710779.999370513,5710398.05564853,12
"1170",5661,1,13924668,228.19,320.31,0,0,0,-38.69969313,-72.53821283,0,714083.146984704,5713671.36007953,12
"1171",5661,1,13409520,215.28,203.35,0,0,0,-38.7147705,-72.66184304,0,703287.879544136,5712279.75680149,6
"1172",5661,1,14983870,171.69,239.41,0,0,0,-38.7117574,-72.66118849,0,703353.337679479,5712612.7148257,6
"1173",5661,1,16187347,269.33,309.78,0,0,0,-38.71097882,-72.65650513,0,703762.804673701,5712688.71325995,6
"1174",5661,1,19334376,293.52,331.48,0,0,0,-38.75626029,-72.61379731,0,707345.605176817,5707567.13565236,2
"1175",5661,1,22982178,244.6,250.01,0,0,0,-38.75662165,-72.62105872,0,706713.513206002,5707543.46614253,2
"1176",5664,0,1049,202.35,236.44,0,1,1,-38.71554504,-72.56220756,1,711949.387026431,5711967.81901658,12
"1177",5664,0,274069,288.27,366.41,1,0,1,-38.72470827,-72.57552188,1,710764.710617325,5710981.55819652,12
"1178",5664,0,585426,205.48,270.5,1,0,1,-38.72983466,-72.58003989,1,710356.856592856,5710422.98735249,12
"1179",5664,0,1502819,232.68,306.57,1,0,1,-38.72087728,-72.5681143,1,711420.047228147,5711389.6660571,12
"1180",5664,0,2451400,211.98,295.25,1,0,1,-38.72151552,-72.56331101,1,711835.798875044,5711307.72320081,12
"1181",5664,0,2562151,285.94,280.97,0,1,1,-38.72211832,-72.56076902,1,712055.035618057,5711234.93330904,12
"1182",5664,0,3395420,281.95,324.41,1,0,1,-38.73549986,-72.57971452,1,710368.514859813,5709793.47196708,12
"1183",5664,0,3681515,321.1,336.59,0,1,1,-38.70870005,-72.55319594,1,712753.292931509,5712706.62548355,12
"1184",5664,0,4246349,316.44,289.11,0,1,1,-38.73124033,-72.57690816,1,710624.989623764,5710259.77171294,12
"1185",5664,0,4620031,208.49,298.67,1,0,1,-38.73470259,-72.59316597,1,709201.50603234,5709912.79920817,12
"1186",5664,0,5380032,316.16,304.58,1,0,1,-38.70426076,-72.54749932,1,713261.885372675,5713186.07920812,12
"1187",5664,0,6379793,301.41,320.37,1,0,1,-38.71462783,-72.56088759,1,712066.876738283,5712066.56099271,12
"1188",5664,0,6443803,284.58,279.22,1,0,1,-38.72453226,-72.56224578,1,711919.501044658,5710970.43575736,12
"1189",5664,0,7289482,270.07,292.59,1,0,1,-38.7265348,-72.57885247,1,710469.775663217,5710786.50079065,12
"1190",5664,0,7711211,255.22,244.32,0,1,1,-38.71529034,-72.55524348,1,712555.701658902,5711979.93989104,12
"1191",5664,0,7961490,320.78,279.6,0,1,1,-38.7037254,-72.54711704,1,713296.723312432,5713244.60717564,12
"1192",5664,0,8547083,237.32,253.58,1,0,1,-38.73349854,-72.58149285,1,710219.794459113,5710019.68089329,12
"1193",5664,0,9041256,256.74,298.76,1,0,1,-38.72156061,-72.56026063,1,712100.88824031,5711295.65434162,12
"1194",5664,0,9941012,147.62,267.63,1,0,1,-38.72232953,-72.56269759,1,711886.728630196,5711215.95808984,12
"1195",5664,0,11107856,317,311.42,1,0,1,-38.72334032,-72.57113629,1,711150.03742917,5711123.27508221,12
"1196",5664,0,12371328,271.72,315.04,0,1,1,-38.70640578,-72.55152159,1,712905.708611152,5712957.36917996,12
"1197",5664,0,12903565,299,330.32,1,0,1,-38.69710352,-72.53577978,1,714302.493188985,5713953.08441905,12
"1198",5664,0,13464082,274.67,312.73,1,0,1,-38.7268628,-72.57629251,1,710691.37748821,5710744.2064125,12
"1199",5664,0,14429296,238.23,294.94,1,0,1,-38.72320807,-72.56182718,1,711959.810479629,5711116.43541361,12
"1200",5664,0,14605222,286.47,253.77,0,1,1,-38.71709272,-72.56431587,1,711761.489567312,5711800.92504608,12
"1201",5664,0,16350364,294.48,271.76,1,0,1,-38.72003439,-72.56195933,1,711957.702185537,5711468.98130001,12
"1202",5664,0,17736116,257.35,222.81,0,1,1,-38.71413675,-72.56124583,1,712037.177535259,5712121.89469923,12
"1203",5664,0,18617336,270.44,282.79,1,0,1,-38.73535636,-72.58144828,1,710218.219688723,5709813.38337181,12
"1204",5664,0,18887569,273,337.53,1,0,1,-38.70024367,-72.54191615,1,713759.413462795,5713618.90845119,12
"1205",5664,0,19173028,353.41,312.07,1,0,1,-38.71386076,-72.55758983,1,712355.907440758,5712144.05149007,12
"1206",5664,0,19191922,298.26,327.18,1,0,1,-38.7271018,-72.56846389,1,711371.299291755,5710699.62805962,12
"1207",5664,0,19849791,335.84,367.65,1,0,1,-38.69730666,-72.53522296,1,714350.317215499,5713929.23510738,12
"1208",5664,0,20628821,280.03,304.49,0,1,1,-38.73370016,-72.59680168,1,708888.371882246,5710032.36232604,12
"1209",5664,0,21082774,321.66,352.65,0,1,1,-38.72357544,-72.57558381,1,710762.656350432,5711107.43092053,12
"1210",5664,0,21150510,292.78,283.28,0,1,1,-38.72804307,-72.56760624,1,711443.087530341,5710593.17732518,12
"1211",5664,0,23157041,297.66,264.63,1,0,1,-38.71645601,-72.5560753,1,712479.917008287,5711852.49586847,12
"1212",5664,0,23157850,216.19,278.65,1,0,1,-38.70375781,-72.54693962,1,713312.057038886,5713240.5967374,12
"1213",5664,0,23949846,280.55,231.15,1,0,1,-38.73144691,-72.58444589,1,709969.089149224,5710254.16647471,12
"1214",5664,0,23989217,306.39,240.87,0,1,1,-38.71696265,-72.56204587,1,711959.256853965,5711810.10729336,12
"1215",5664,0,23993848,260.38,331.59,1,0,1,-38.73339581,-72.58213903,1,710163.921581086,5710032.56697678,12
"1216",5664,0,24052824,192.59,132.13,0,1,1,-38.72088402,-72.561301,1,712012.431323035,5711373.15800224,12
"1217",5664,1,15775059,289.57,315.03,0,0,0,-38.72853605,-72.63573005,0,705519.061111157,5710693.65520833,7
"1218",5664,1,20405629,274.65,253.22,0,0,0,-38.73198707,-72.63818233,0,705295.981295037,5710316.1424111,7
"1219",5664,1,19138106,318.31,345.09,0,0,0,-38.73079333,-72.6286652,0,706126.773680411,5710427.23777628,7
"1220",5668,0,1921112,263.13,318,0,1,1,-38.76006154,-72.64976371,1,704209.1316451,5707226.16897137,1
"1221",5668,0,2573301,217.39,304.28,0,1,1,-38.75946078,-72.64499016,1,704625.667159316,5707282.17584043,1
"1222",5668,0,3620667,283.81,252.78,1,0,1,-38.7612478,-72.65303502,1,703921.478515515,5707101.80911847,1
"1223",5668,0,4047951,302.22,322.94,1,0,1,-38.75173986,-72.6393615,1,705136.913145414,5708126.48873898,1
"1224",5668,0,4161815,225.33,250.91,1,0,1,-38.75431692,-72.65533238,1,703741.56050546,5707876.16507588,1
"1225",5668,0,6416114,254.34,199.49,1,0,1,-38.76004294,-72.64911062,1,704265.937835077,5707226.77484618,1
"1226",5668,0,6718948,271.42,251.76,1,0,1,-38.76165323,-72.64915485,1,704257.500743743,5707048.15253576,1
"1227",5668,0,8164972,293.22,269.14,1,0,1,-38.75675468,-72.64649836,1,704502.332023505,5707585.8908996,1
"1228",5668,0,9667463,212.02,269.06,1,0,1,-38.76027909,-72.65293285,1,703933.115774627,5707209.0953518,1
"1229",5668,0,9927667,210.1,231.1,1,0,1,-38.7505394,-72.63960798,1,705118.929296377,5708260.27682717,1
"1230",5668,0,10464036,305.46,301.62,1,0,1,-38.75666634,-72.65030269,1,704171.974528666,5707604.19484351,1
"1231",5668,0,10531820,253.75,227.07,1,0,1,-38.75517495,-72.65836376,1,703475.676838261,5707787.68320953,1
"1232",5668,0,10756572,247.73,240.96,1,0,1,-38.7615757,-72.65219779,1,703993.297890173,5707063.54934025,1
"1233",5668,0,10821807,236.33,244.22,1,0,1,-38.75657395,-72.64965223,1,704228.765265931,5707612.99668098,1
"1234",5668,0,11508420,258.59,295.05,1,0,1,-38.75673983,-72.64750093,1,704415.247613991,5707589.7802628,1
"1235",5668,0,12532978,303.22,275.97,0,1,1,-38.75563701,-72.6587354,1,703442.06684197,5707737.22741149,1
"1236",5668,0,13188778,251.71,263.38,1,0,1,-38.75348569,-72.64866632,1,704323.254752198,5707953.55089459,1
"1237",5668,0,13936625,219.97,210.87,1,0,1,-38.75275315,-72.64709768,1,704461.672328544,5708031.3479449,1
"1238",5668,0,15344635,236.1,238.57,1,0,1,-38.75495771,-72.64963063,1,704235.251439986,5707792.32977564,1
"1239",5668,0,16379719,217.38,254.68,1,0,1,-38.74941925,-72.63712071,1,705338.311698458,5708379.01847914,1
"1240",5668,0,17046016,299.68,314,1,0,1,-38.75599414,-72.64050454,1,705025.393280853,5707656.88202437,1
"1241",5668,0,18587729,310.93,314.68,0,1,1,-38.76091033,-72.64852623,1,704314.246027529,5707129.20050903,1
"1242",5668,0,18653549,265.67,245.66,1,0,1,-38.76069041,-72.64924928,1,704252.041474472,5707155.22385259,1
"1243",5668,0,18657854,319.65,275.17,1,0,1,-38.76080717,-72.65373678,1,703861.751536392,5707152.27779222,1
"1244",5668,0,24467042,266.6,271.89,1,0,1,-38.75557516,-72.64518353,1,704619.965371761,5707713.86145993,1
"1245",5668,1,15366720,252.83,204.78,0,0,0,-38.75558642,-72.63980033,0,705087.759851279,5707700.55482335,1
"1246",5668,1,10156087,274.5,321.1,0,0,0,-38.75452609,-72.65715632,0,703582.454080741,5707857.01122628,1
"1247",5669,0,287948,234.21,327.05,0,1,1,-38.73111864,-72.57945656,1,710403.800654291,5710279.14036787,12
"1248",5669,0,2165196,241.52,325.29,1,0,1,-38.71521464,-72.55814048,1,712304.016895127,5711995.06458187,12
"1249",5669,0,3460549,336.6,275.03,1,0,1,-38.7338151,-72.57716847,1,710594.794079619,5709974.6029744,12
"1250",5669,0,4013304,251.09,259.23,1,0,1,-38.72716155,-72.57617745,1,710700.502826966,5710710.78395199,12
"1251",5669,0,5864250,281.6,367.65,0,1,1,-38.6971289,-72.53499128,1,714370.999101587,5713948.42199455,12
"1252",5669,0,8364826,223.57,293.81,0,1,1,-38.7329877,-72.57689841,1,710620.702461787,5710065.81265483,12
"1253",5669,0,8767746,335.63,344.44,1,0,1,-38.73496803,-72.58330683,1,710057.793489075,5709860.75150066,12
"1254",5669,0,8918462,372.35,322.09,0,1,1,-38.71467167,-72.56051441,1,712099.197262541,5712060.83069865,12
"1255",5669,0,8956132,253.07,260.94,1,0,1,-38.69979871,-72.53814781,1,714088.487050919,5713659.48995993,12
"1256",5669,0,9494652,328.76,358.45,0,1,1,-38.71118108,-72.55386299,1,712687.927634044,5712432.81135686,12
"1257",5669,0,9953717,295.71,332.47,0,1,1,-38.71797946,-72.55892424,1,712227.682712279,5711690.02073899,12
"1258",5669,0,10389396,204.54,253.31,1,0,1,-38.71453928,-72.55665402,1,712435.272709426,5712066.57276509,12
"1259",5669,0,11806264,297.03,313.87,0,1,1,-38.72608483,-72.5678344,1,711429.026790561,5710811.04522455,12
"1260",5669,0,12690096,314.95,299.57,1,0,1,-38.72178507,-72.56672451,1,711538.208686516,5711285.70133057,12
"1261",5669,0,13124660,260.01,333.39,1,0,1,-38.72457041,-72.5757017,1,710749.481706499,5710997.27304342,12
"1262",5669,0,13518191,340.03,337.17,0,1,1,-38.70900551,-72.55266324,1,712798.712043516,5712671.48509949,12
"1263",5669,0,15996554,288.05,306.3,1,0,1,-38.72027936,-72.55980544,1,712144.256559014,5711436.8025911,12
"1264",5669,0,16162997,275.78,272.75,1,0,1,-38.73252429,-72.58150266,1,710221.799166965,5710127.83315244,12
"1265",5669,0,16398412,254.66,340.88,0,1,1,-38.71599246,-72.55953321,1,712180.610607337,5711911.96525992,12
"1266",5669,0,16495784,251.72,252.7,0,1,1,-38.71776733,-72.56004839,1,712130.563385035,5711716.17040347,12
"1267",5669,0,17604214,228.53,285.18,1,0,1,-38.7278499,-72.57345548,1,710935.126553663,5710628.11518063,12
"1268",5669,0,18506000,279.38,287.14,1,0,1,-38.70640584,-72.55143853,1,712912.93182387,5712957.16936932,12
"1269",5669,0,19072245,283.81,327.4,1,0,1,-38.7101407,-72.55243661,1,712815.052504339,5712544.96604963,12
"1270",5669,0,19426062,347.13,355.19,1,0,1,-38.72418852,-72.57055006,1,711198.50867035,5711027.7826842,12
"1271",5669,0,20531959,333.91,367.65,0,1,1,-38.71326634,-72.55439907,1,712635.128068812,5712202.61821858,12
"1272",5669,0,21569224,290.81,319.76,1,0,1,-38.7168914,-72.55987728,1,712148.033004585,5711812.99138427,12
"1273",5669,1,16910337,246.58,308.12,0,0,0,-38.73266408,-72.58283939,0,710105.182386653,5710115.3882833,12
"1274",5669,1,7020142,301.67,297.26,0,0,0,-38.71735029,-72.55959665,0,712171.076967934,5711761.40975439,12
"1275",5669,1,10242734,237.62,293.33,0,0,0,-38.72245645,-72.56886096,0,711350.471675666,5711216.12203617,12
"1276",5669,1,7321228,215.24,264.22,0,0,0,-38.71683056,-72.65028082,0,704287.396643776,5712025.37982805,3
"1277",5669,1,6116155,256.05,347.97,0,0,0,-38.712334,-72.62609596,0,706403.260074099,5712470.18734929,3
"1278",5669,1,12488959,286.36,292.65,0,0,0,-38.7254685,-72.61167822,0,707618.964057521,5710979.82526122,3
"1279",5669,1,7537584,308.8,284.33,0,0,0,-38.71691443,-72.62258936,0,706694.985318437,5711953.90910191,3
"1280",5669,1,23991844,319.27,298.57,0,0,0,-38.70797209,-72.64649145,0,704642.161281924,5713000.08421225,3
"1281",5669,1,8665023,227,288.22,0,0,0,-38.72164381,-72.61930827,0,706966.633132721,5711421.59672202,3
"1282",5670,0,263421,238.28,250.7,1,0,1,-38.73437675,-72.62123663,1,706762.241322901,5710012.76619034,4
"1283",5670,0,1028872,262.78,292.85,0,1,0,-38.74310866,-72.61371268,1,707391.033553907,5709026.60827298,4
"1284",5670,0,1186289,287.99,338.82,0,1,0,-38.73621714,-72.62426362,1,706493.799516025,5709815.34232925,4
"1285",5670,0,3055369,248.24,315.2,1,0,1,-38.74184834,-72.60146592,1,708459.195751674,5709138.65449613,4
"1286",5670,0,3630702,282.08,277.38,0,1,0,-38.74099413,-72.58679516,1,709736.912259605,5709199.93120119,4
"1287",5670,0,3687783,240.47,227.67,1,0,1,-38.73607426,-72.5929348,1,709217.59754135,5709760.03245324,4
"1288",5670,0,4291322,310.53,353.01,0,1,0,-38.7306429,-72.60930339,1,707810.436058569,5710400.14367538,4
"1289",5670,0,4449050,269.95,280.08,0,1,0,-38.740942,-72.6135656,1,707410.089583296,5709266.74643098,4
"1290",5670,0,5990348,263.9,306.58,0,1,0,-38.74148654,-72.58568432,1,709832.028276691,5709142.73259071,4
"1291",5670,0,6483531,291.19,297.43,1,0,1,-38.74459496,-72.6302596,1,705948.496657395,5708899.02824105,4
"1292",5670,0,6747082,240.4,282.75,0,1,0,-38.72846589,-72.62329957,1,706599.944057201,5710673.45350588,4
"1293",5670,0,6984371,328.6,321.68,0,1,0,-38.74413507,-72.6279422,1,706151.244792751,5708944.85062145,4
"1294",5670,0,7639134,301.83,317.43,1,0,1,-38.7396364,-72.59158413,1,709324.604993091,5709361.59003363,4
"1295",5670,0,8431992,254.71,285.3,1,0,1,-38.74137647,-72.62697749,1,706243.036888517,5709248.84506838,4
"1296",5670,0,11245994,223.1,270.95,0,1,0,-38.73788046,-72.58529101,1,709876.777639741,5709542.06093902,4
"1297",5670,0,11324415,237.81,269.76,0,1,0,-38.73607831,-72.62601911,1,706341.596758998,5709834.71085438,4
"1298",5670,0,11695388,261.69,268.46,0,1,0,-38.74129442,-72.61451093,1,707326.898837509,5709229.77495911,4
"1299",5670,0,13009954,258.53,202.12,0,1,0,-38.73849091,-72.62663987,1,706280.690163468,5709568.34347769,4
"1300",5670,0,13274624,275.03,310.59,1,0,1,-38.72819183,-72.61205129,1,707578.643102674,5710678.41724775,4
"1301",5670,0,13602403,228.82,232.78,0,1,0,-38.73365234,-72.62604501,1,706346.329807895,5710104.02013474,4
"1302",5670,0,14243615,222.12,257.42,0,1,0,-38.7278099,-72.61177953,1,707603.375595917,5710720.19008208,4
"1303",5670,0,14547687,202.82,235.59,0,1,0,-38.72942181,-72.61862244,1,707003.804803688,5710556.78977309,4
"1304",5670,0,15249969,231.38,219.32,0,1,0,-38.73046171,-72.62020488,1,706863.231173867,5710444.95273797,4
"1305",5670,0,17137626,205.72,244.02,0,1,0,-38.72961915,-72.61983749,1,706897.602379111,5710537.63533512,4
"1306",5670,0,17321047,252.35,302.96,0,1,0,-38.73596457,-72.58840006,1,709612.120396737,5709761.82803535,4
"1307",5670,0,17513840,268.03,342.16,0,1,0,-38.73601597,-72.59641065,1,708915.614256219,5709774.44383242,4
"1308",5670,0,17823713,275.13,256.32,0,1,0,-38.72955164,-72.62392147,1,706542.748892204,5710554.35331169,4
"1309",5670,0,18605953,247.14,130.37,0,1,0,-38.7379473,-72.58798966,1,709641.99596372,5709540.82934552,4
"1310",5670,0,18891289,188.38,233.44,0,1,0,-38.74629825,-72.6311747,1,705864.063192006,5708712.04489858,4
"1311",5670,0,19102676,284.83,337.69,1,0,1,-38.73763658,-72.6173609,1,707089.742630816,5709642.20254704,4
"1312",5670,0,19782482,288.34,313.97,1,0,1,-38.73043964,-72.61653573,1,707182.275412476,5710439.10171757,4
"1313",5670,0,20087659,297.99,275.98,0,1,0,-38.74481234,-72.63084892,1,705896.649158763,5708876.22839395,4
"1314",5670,0,20301134,274.77,321.33,1,0,1,-38.74113955,-72.62963666,1,706012.576633498,5709281.1311485,4
"1315",5670,0,20655695,228.62,161.58,1,0,1,-38.73227996,-72.60313636,1,708341.812968019,5710204.42828005,4
"1316",5670,0,21924911,182.97,258.25,1,0,1,-38.74020113,-72.61720949,1,707095.492594786,5709357.22784504,4
"1317",5670,0,22289208,276.62,298.05,1,0,1,-38.7268258,-72.61510419,1,707317.178610286,5710836.94897275,4
"1318",5670,0,23637813,208.23,263.6,0,1,0,-38.74042314,-72.6245605,1,706455.874303864,5709349.20105336,4
"1319",5670,0,24560045,178.73,233.02,0,1,0,-38.74039077,-72.61631561,1,707172.643912062,5709334.1565488,4
"1320",5670,1,24802253,313.91,319.57,0,0,0,-38.72533567,-72.61531141,0,707303.47161989,5711002.8033398,4
"1321",5670,1,14709145,288.45,307.94,0,0,0,-38.73825798,-72.62223459,0,706664.295072577,5709584.25468043,4
"1322",5670,1,3324383,202.2,266.45,0,0,0,-38.73052196,-72.6190416,0,706964.187858963,5710435.63554068,4
"1323",5670,1,7395921,262.37,182.91,0,0,0,-38.74354805,-72.61382234,0,707380.230065143,5708978.09017072,4
"1324",5670,1,9496848,241.59,266.37,0,0,0,-38.74183012,-72.61302517,0,707454.494089229,5709166.95116392,4
"1325",5670,1,3271581,253.82,286.34,0,0,0,-38.71660929,-72.55780231,0,712329.293346771,5711839.49106659,12
"1326",5670,1,16432376,248.26,291.03,0,0,0,-38.72623076,-72.56967843,0,711268.273458653,5710799.10731804,12
"1327",5670,1,15283583,226.3,180.47,0,0,0,-38.73477805,-72.59190135,0,709311.220326082,5709901.53203622,12
"1328",5670,1,15622076,205.22,172.86,0,0,0,-38.71621846,-72.56202406,0,711963.352855933,5711892.65276221,12
"1329",5670,1,2173257,231.75,290.83,0,0,0,-38.71379744,-72.56082004,0,712075.206024004,5712158.56760436,12
"1330",5670,1,4518199,253.74,282.11,0,0,0,-38.72612623,-72.57224306,0,711045.608173097,5710816.62615705,12
"1331",5670,1,10189445,242.37,211.72,0,0,0,-38.72782761,-72.57560205,0,710748.570206935,5710635.53458786,12
"1332",5670,1,10066200,314.06,337.59,0,0,0,-38.69848364,-72.53680517,0,714209.187679608,5713802.30690598,12
"1333",5670,1,21883137,306.86,368.75,0,0,0,-38.73237155,-72.64366078,0,704818.621121227,5710285.7464969,5
"1334",5670,1,24968348,241.49,219.18,0,0,0,-38.73107151,-72.64345113,0,704840.561799423,5710429.56417487,5
"1335",5670,1,11116188,249.51,307.1,0,0,0,-38.73332165,-72.64486367,0,704711.336592433,5710182.98983124,5
"1336",5670,1,3933055,209.77,216.45,0,0,0,-38.73295044,-72.64244851,0,704922.352503085,5710218.7834596,5
"1337",5675,0,1046838,165.06,269.6,0,1,1,-38.7523287,-72.6273323,1,706180.67270347,5708034.08902577,13
"1338",5675,0,1053853,306.35,363.45,0,1,1,-38.75458861,-72.63037073,1,705910.10836539,5707790.11267281,13
"1339",5675,0,14710083,235.47,241.16,1,0,1,-38.75472564,-72.63699577,1,705333.95799619,5707789.79784608,13
"1340",5675,0,16638643,259.92,329.95,1,0,1,-38.75008806,-72.62435543,1,706445.847699895,5708276.05696778,13
"1341",5675,0,16870092,262.99,345.98,1,0,1,-38.7502259,-72.62147522,1,706695.77443104,5708254.25422012,13
"1342",5675,0,22532731,200.66,267.1,1,0,1,-38.75440267,-72.6323039,1,705742.637860391,5707815.0998793,13
"1343",5675,0,24038552,207.08,304.72,1,0,1,-38.7497261,-72.61861834,1,706945.514828485,5708303.2662649,13
"1344",5680,0,61009,286.93,366.53,0,1,1,-38.73210382,-72.62661655,1,706301.101813441,5710277.17416053,4
"1345",5680,0,474488,245.36,314.89,0,1,1,-38.73834801,-72.62007869,1,706851.439567676,5709569.39076866,4
"1346",5680,0,1163549,277.1,322.1,0,1,1,-38.73877424,-72.58608808,1,709804.873730135,5709444.69044479,4
"1347",5680,0,1186678,328.59,296.18,0,1,1,-38.73148391,-72.61196239,1,707576.838598271,5710312.83731096,4
"1348",5680,0,2198460,257.29,302.61,1,0,1,-38.74268728,-72.60179403,1,708428.235248188,5709046.2902507,4
"1349",5680,0,2415922,271.87,281.06,1,0,1,-38.73100107,-72.60999654,1,707749.138503728,5710361.96524647,4
"1350",5680,0,3864073,267.57,245.97,0,1,1,-38.72844179,-72.62090339,1,706808.333066133,5710670.71614159,4
"1351",5680,0,5258816,211.65,201.13,0,1,1,-38.72982115,-72.6098282,1,707767.19314896,5710492.53897463,4
"1352",5680,0,5658956,299.16,277.29,1,0,1,-38.73609294,-72.58636357,1,709788.775744125,5709742.91328483,4
"1353",5680,0,5980731,322.71,292.05,0,1,1,-38.73593261,-72.61907921,1,706945.295417809,5709835.20883948,4
"1354",5680,0,6102682,259.02,269.96,0,1,1,-38.73739859,-72.6201621,1,706846.929453667,5709674.95265474,4
"1355",5680,0,6182547,239.86,210.98,1,0,1,-38.74201097,-72.59068792,1,709395.568658379,5709095.99136836,4
"1356",5680,0,6673632,316.26,279.81,0,1,1,-38.73479227,-72.62224345,1,706673.51924932,5709968.92340208,4
"1357",5680,0,7647294,303.44,302.96,0,1,1,-38.74045722,-72.58938167,1,709513.653883388,5709265.44788272,4
"1358",5680,0,8546001,283.14,293.49,0,1,1,-38.7367807,-72.62187512,1,706699.803361751,5709747.40157161,4
"1359",5680,0,9572839,248.6,227.92,0,1,1,-38.7272461,-72.61888174,1,706987.544052659,5710798.85161801,4
"1360",5680,0,9650837,284.34,321.15,0,1,1,-38.74497332,-72.62135709,1,706721.197926827,5708836.95630816,4
"1361",5680,0,10348985,245.35,210.44,0,1,1,-38.73565674,-72.61511351,1,707290.828317581,5709856.85029128,4
"1362",5680,0,11105280,267.38,273,0,1,1,-38.73745497,-72.5956674,1,708976.028265032,5709613.03560311,4
"1363",5680,0,11246685,252.02,293.34,0,1,1,-38.73429988,-72.62347035,1,706568.283408199,5710026.34265927,4
"1364",5680,0,11376021,290.12,335.11,1,0,1,-38.73945721,-72.61270793,1,707488.940295667,5709429.59444868,4
"1365",5680,0,11474096,243.22,211.25,1,0,1,-38.73755069,-72.62508499,1,706418.557788889,5709669.18898665,4
"1366",5680,0,11766842,305.04,327.62,0,1,1,-38.74468895,-72.62111956,1,706742.664186092,5708867.98095767,4
"1367",5680,0,12139928,324.03,332.11,0,1,1,-38.73400416,-72.62191562,1,706704.29061126,5710055.65283548,4
"1368",5680,0,12143306,231.22,246.25,1,0,1,-38.73244479,-72.61984885,1,706888.459016822,5710224.05187468,4
"1369",5680,0,12224992,358.29,339.69,0,1,1,-38.74056439,-72.59223331,1,709265.464854825,5709260.0797259,4
"1370",5680,0,13022885,274.83,249.95,0,1,1,-38.74434822,-72.62681892,1,706248.265633002,5708918.66196482,4
"1371",5680,0,13213191,223.96,279.47,1,0,1,-38.73484313,-72.59501029,1,709040.767577729,5709901.4160753,4
"1372",5680,0,13343967,233.25,212.23,1,0,1,-38.7312496,-72.62618889,1,706340.738899795,5710371.01712517,4
"1373",5680,0,13609651,239.97,270.29,0,1,1,-38.74122667,-72.60876324,1,707826.700211722,5709224.25376906,4
"1374",5680,0,13960107,279.21,305.43,0,1,1,-38.73679437,-72.59555195,1,708987.990525841,5709686.0902344,4
"1375",5680,0,14239256,268.27,259.93,0,1,1,-38.73359114,-72.62666586,1,706292.53434507,5710112.21236191,4
"1376",5680,0,15854388,337.61,311.7,1,0,1,-38.74097058,-72.5983375,1,708733.681970261,5709228.94203132,4
"1377",5680,0,15885765,309.8,345.74,0,1,1,-38.74249044,-72.613346,1,707424.695297901,5709094.39151659,4
"1378",5680,0,16078315,248.52,302.58,1,0,1,-38.73680158,-72.59552232,1,708990.545188529,5709685.2223376,4
"1379",5680,0,16156490,242.75,280.07,0,1,1,-38.74315894,-72.61574137,1,707214.553437317,5709025.62470681,4
"1380",5680,0,16519879,216.27,273.97,0,1,1,-38.73458804,-72.62617353,1,706332.463588279,5710000.45951568,4
"1381",5680,0,17016121,303.51,266.23,1,0,1,-38.73509354,-72.62363279,1,706551.875018066,5709938.62345848,4
"1382",5680,0,18995247,267.29,167.79,0,1,1,-38.74101528,-72.63045954,1,705941.406879253,5709296.77605793,4
"1383",5680,0,21232093,245.06,296.3,0,1,1,-38.74492805,-72.62539697,1,706370.189663396,5708851.10166447,4
"1384",5680,0,22758016,276.32,325.53,0,1,1,-38.7392093,-72.59872634,1,708705.012571752,5709425.30908275,4
"1385",5680,0,22856102,176.19,281.13,1,0,1,-38.74018706,-72.59440997,1,709077.362142843,5709306.93504621,4
"1386",5680,0,22890606,287.28,293.28,1,0,1,-38.73667481,-72.62277792,1,706621.630006038,5709761.19303707,4
"1387",5680,0,23002277,261.64,321.74,1,0,1,-38.74628828,-72.62475295,1,706422.247437133,5708698.68071612,4
"1388",5680,0,23879860,214.18,232.94,1,0,1,-38.73135114,-72.60472923,1,708206.036751507,5710311.14081741,4
"1389",5680,0,23960495,264.94,259.06,0,1,1,-38.74150923,-72.59341003,1,709160.421721921,5709157.90507032,4
"1390",5680,0,23991798,267.85,297.82,1,0,1,-38.74148379,-72.62568482,1,706355.08982312,5709234.0191537,4
"1391",5680,0,24208516,294.58,321.28,0,1,1,-38.73780052,-72.62186871,1,706697.419121119,5709634.20032351,4
"1392",5680,0,24593060,258.74,242.73,1,0,1,-38.7378679,-72.59139517,1,709346.196829214,5709557.43921025,4
"1393",5680,0,24977800,288.72,290.21,0,1,1,-38.73708763,-72.62006338,1,706856.408498208,5709709.24200667,4
"1394",5680,1,6072360,209.46,291.88,0,0,0,-38.71440139,-72.5564766,0,712451.108904269,5712081.46512674,12
"1395",5680,1,8294615,297.27,332.77,0,0,0,-38.73317904,-72.59034574,0,709451.123828857,5710075.4425678,12
"1396",5680,1,24080820,279.03,338.94,0,0,0,-38.74394589,-72.60145508,0,708454.035298562,5708905.8280631,14
"1397",5680,1,7031627,306.27,301.12,0,0,0,-38.74808169,-72.60810201,0,707864.286549798,5708461.93093083,14
"1398",5680,1,20059352,342.9,319.02,0,0,0,-38.75057407,-72.60683705,0,707966.993815175,5708182.43284883,14
"1399",5680,1,15943297,307.78,306.7,0,0,0,-38.73552391,-72.64628317,0,704581.650463684,5709941.74321718,5
"1400",5680,1,19500256,244.74,227.59,0,0,0,-38.73244028,-72.64767469,0,704469.483442461,5710287.09472925,5
"1401",5680,1,17199887,264.22,308.18,0,0,0,-38.75052927,-72.60652287,0,707994.429764524,5708186.6907312,14
"1402",5680,1,1952377,275.82,299.7,0,0,0,-38.7450354,-72.60597937,0,708057.621785184,5708795.20536875,14
"1403",5680,1,18177980,297.91,280.46,0,0,0,-38.74930075,-72.60759903,0,707904.464692238,5708325.48753413,14
"1404",5680,1,19875930,303.89,311.7,0,0,0,-38.74631302,-72.60006106,0,708568.311671654,5708639.92888947,14
"1405",5680,1,12954446,225.18,231,0,0,0,-38.7454611,-72.60587437,0,708065.511876806,5708747.71922179,14
"1406",5680,1,5165652,253.61,199.76,0,0,0,-38.74981262,-72.60645495,0,708002.413824928,5708266.07546527,14
"1407",5680,1,2184020,326.95,334.8,0,0,0,-38.75076944,-72.60732145,0,707924.326757895,5708161.85043165,14
"1408",5680,1,4035587,328.64,367.65,0,0,0,-38.74494639,-72.60765931,0,707911.862658226,5708808.90367899,14
"1409",5680,1,5197123,291.91,313.42,0,0,0,-38.7502643,-72.60780726,0,707883.570414076,5708219.01882597,14
"1410",5680,1,13282928,306.53,353.62,0,0,0,-38.74960502,-72.60565573,0,708072.479023977,5708287.2988018,14
"1411",5682,0,281177,172.23,231.45,0,1,1,-38.74498007,-72.62471502,1,706429.313592526,5708843.78954539,4
"1412",5682,0,1565906,242.86,270.72,0,1,1,-38.73813049,-72.58716769,1,709712.911349131,5709518.61383812,4
"1413",5682,0,1812587,294.74,349.77,1,0,1,-38.73057265,-72.6199336,1,706886.494912631,5710432.02658526,4
"1414",5682,0,2146338,291.29,333.02,0,1,1,-38.7414928,-72.60413047,1,708228.620513779,5709184.182819,4
"1415",5682,0,5065921,323.12,330.59,1,0,1,-38.73633176,-72.59172997,1,709321.580497168,5709728.69758435,4
"1416",5682,0,5584238,234.32,296.04,1,0,1,-38.73462181,-72.62625354,1,706325.411048807,5709996.89189929,4
"1417",5682,0,5831278,191.07,259.22,0,1,1,-38.74190862,-72.6042424,1,708217.682906402,5709138.28678921,4
"1418",5682,0,5969094,272.78,242.83,1,0,1,-38.73390359,-72.62225345,1,706675.21256875,5710067.57787301,4
"1419",5682,0,6227920,238.64,311.61,1,0,1,-38.73707256,-72.62478544,1,706445.974166966,5709721.57935823,4
"1420",5682,0,6403252,303.46,283.98,1,0,1,-38.73729563,-72.6228791,1,706611.044766023,5709692.51857396,4
"1421",5682,0,8286972,267.98,227.25,1,0,1,-38.73762954,-72.61828263,1,707009.639668145,5709645.06966939,4
"1422",5682,0,8532558,269.85,294.11,0,1,1,-38.72789233,-72.61949406,1,706932.44376909,5710728.51326229,4
"1423",5682,0,9373952,316.45,312.67,0,1,1,-38.73673698,-72.58310264,1,710070.358599463,5709663.95108728,4
"1424",5682,0,9782425,241.4,289.44,0,1,1,-38.73101059,-72.62588625,1,706367.736938557,5710396.86164774,4
"1425",5682,0,10502392,272.28,349.77,1,0,1,-38.74647346,-72.62979407,1,705983.55879198,5708689.49107413,4
"1426",5682,0,10921050,272.87,252.04,1,0,1,-38.7440656,-72.58915742,1,709522.594483142,5708864.44866594,4
"1427",5682,0,11080097,258.07,266.92,1,0,1,-38.7406163,-72.59217954,1,709269.987145661,5709254.19537171,4
"1428",5682,0,11427976,302.06,323.47,0,1,1,-38.74324656,-72.60064252,1,708526.698106556,5708981.59314567,4
"1429",5682,0,11909764,275.55,298.68,0,1,1,-38.7341536,-72.60124785,1,708500.537773052,5709992.17663229,4
"1430",5682,0,12448005,300.66,305.11,1,0,1,-38.7392112,-72.5984383,1,708730.045040298,5709424.44112337,4
"1431",5682,0,12950839,239.05,316.29,0,1,1,-38.74232303,-72.62518202,1,706396.376885017,5709139.74023329,4
"1432",5682,0,14066045,269.39,261.98,0,1,1,-38.7423979,-72.59460467,1,709053.987507344,5709062.00424301,4
"1433",5682,0,15169915,215.04,264.98,0,1,1,-38.73651654,-72.58758619,1,709681.254743561,5709698.70144108,4
"1434",5682,0,15916440,291.36,361.47,1,0,1,-38.74397281,-72.61529712,1,707250.813575489,5708934.28923303,4
"1435",5682,0,16304907,219.45,292.17,0,1,1,-38.74422532,-72.63151308,1,705840.608101655,5708942.87451651,4
"1436",5682,0,16771258,304.56,306.7,1,0,1,-38.73794968,-72.62919218,1,706060.384584859,5709634.16403628,4
"1437",5682,0,17854598,215.87,189.2,0,1,1,-38.7416745,-72.62755281,1,706192.171063776,5709217.06437565,4
"1438",5682,0,18304802,208.61,270.29,1,0,1,-38.74008134,-72.60905824,1,707804.379495925,5709352.04090727,4
"1439",5682,0,19909119,257.05,300.21,0,1,1,-38.74546458,-72.62189335,1,706673.170053562,5708783.64439663,4
"1440",5682,0,20744230,328.01,287.88,0,1,1,-38.73726716,-72.6256907,1,706366.721652845,5709702.02340776,4
"1441",5682,0,20982252,259.25,319.97,1,0,1,-38.74496071,-72.62802993,1,706141.24380689,5708853.41299007,4
"1442",5682,0,23146978,225.62,184.28,1,0,1,-38.74002631,-72.6284853,1,706115.858103635,5709402.09309064,4
"1443",5682,1,18630169,204.89,213.45,0,0,0,-38.74605766,-72.62795655,0,706144.465482543,5708731.50041936,4
"1444",5682,1,1500387,289.38,337.96,0,0,0,-38.70022028,-72.55153389,0,712922.994491021,5713643.91239298,9
"1445",5682,1,6199404,243.68,256.64,0,0,0,-38.72829722,-72.64334503,0,704857.713716262,5710737.23543841,5
"1446",5684,0,2799261,285.96,243.33,1,0,1,-38.70982291,-72.54687487,1,713299.654345315,5712567.29335599,11
"1447",5684,0,7284133,280.25,269.43,1,0,1,-38.74243037,-72.58186047,1,710161.639895493,5709029.20189889,11
"1448",5684,0,10261607,227.09,296.55,0,1,1,-38.73733762,-72.56648438,1,711513.190737518,5709559.00191823,11
"1449",5684,0,18603105,238.29,202.63,1,0,1,-38.72339652,-72.55547087,1,712511.904036076,5711080.77990174,11
"1450",5684,0,20260532,304.33,265.49,1,0,1,-38.72817049,-72.56467216,1,711697.798554656,5710572.25198038,11
"1451",5684,0,21028808,215.4,198.47,1,0,1,-38.72046035,-72.55291486,1,712742.848768173,5711400.72147572,11
"1452",5686,0,4733695,162.49,253.84,1,0,1,-38.73542271,-72.62243483,1,706655.064648217,5709899.38502217,4
"1453",5686,0,8820964,227.42,236.48,1,0,1,-38.73770872,-72.58140048,1,710215.474563608,5709552.19050067,4
"1454",5686,0,10459220,246.29,291.75,1,0,1,-38.72895647,-72.61674471,1,707168.393961477,5710604.18737774,4
"1455",5686,0,11961187,205.72,293.89,1,0,1,-38.73509068,-72.59474299,1,709063.282054245,5709873.33044007,4
"1456",5686,0,14798051,194.04,178.87,1,0,1,-38.74707438,-72.63502552,1,705527.137342726,5708634.56320893,4
"1457",5686,0,14911603,305.39,336.98,1,0,1,-38.72833888,-72.61241853,1,707546.29002241,5710662.92951937,4
"1458",5686,0,15333053,238.36,245.88,1,0,1,-38.73318722,-72.60285084,1,708363.996814298,5710103.08386887,4
"1459",5686,0,15518420,228.9,276.33,1,0,1,-38.73714347,-72.6182557,1,707013.384714148,5709698.95622655,4
"1460",5686,0,17122694,239.32,262.05,1,0,1,-38.74326483,-72.59823908,1,708735.553135859,5708974.08441418,4
"1461",5686,1,17501389,218.34,258.62,0,0,0,-38.73943654,-72.61888088,0,706952.416943176,5709445.86936156,4
"1462",5690,0,527201,153.38,224.49,1,0,1,-38.72790621,-72.60142361,1,708503.430589357,5710685.95785164,10
"1463",5690,0,702861,138.71,196.13,1,0,1,-38.72686743,-72.60252104,1,708411.040885202,5710803.74884816,10
"1464",5690,0,4313991,160.92,161.98,1,0,1,-38.72726925,-72.60228012,1,708430.818298198,5710758.60331118,10
"1465",5690,0,4690434,214.59,206.96,1,0,1,-38.72785284,-72.60388304,1,708289.765002009,5710697.48172437,10
"1466",5690,0,6594330,209.53,160.28,1,0,1,-38.72976431,-72.60401506,1,708272.733651428,5710485.63351217,10
"1467",5690,0,7677910,199.05,241.69,1,0,1,-38.72486816,-72.60267287,1,708403.65235297,5711025.98790169,10
"1468",5690,0,8334200,176.19,191.4,1,0,1,-38.73165597,-72.60070645,1,708554.869890319,5710268.14809615,10
"1469",5690,0,10300356,276.06,288.76,1,0,1,-38.73040144,-72.60243738,1,708408.039764353,5710411.32841137,10
"1470",5690,0,11079147,189.93,211.25,1,0,1,-38.72549908,-72.60167036,1,708488.97864067,5710953.68060586,10
"1471",5690,0,12484046,188.33,225.61,1,0,1,-38.72963937,-72.5969673,1,708885.808022421,5710483.43674346,10
"1472",5690,0,12881028,217.84,259.68,1,0,1,-38.72974852,-72.60661375,1,708046.857643752,5710493.29710903,10
"1473",5690,0,15391734,140.43,176.17,1,0,1,-38.72648773,-72.6018296,1,708472.259088612,5710844.3158719,10
"1474",5690,0,17783769,148.76,221.77,1,0,1,-38.72752584,-72.60093087,1,708547.375513467,5710727.05132821,10
"1475",5690,0,19262632,227.5,227.29,1,0,1,-38.72673338,-72.60214349,1,708444.25498472,5710817.76683506,10
"1476",5690,0,19977802,185.66,220.1,1,0,1,-38.72686975,-72.60216851,1,708441.683230431,5710802.68849776,10
"1477",5690,0,20036231,216.42,191.47,1,0,1,-38.72727352,-72.60144019,1,708503.829304841,5710756.21612621,10
"1478",5690,0,22785623,243.95,235.54,0,1,1,-38.72608911,-72.60223543,1,708438.134847193,5710889.48194584,10
"1479",5690,0,23690634,182.71,175.23,1,0,1,-38.72817824,-72.60914658,1,707831.214076845,5710673.33304826,10
"1480",5693,0,2071252,169.6,226.21,1,0,1,-38.73264929,-72.56667976,1,711510.042801077,5710079.80170545,11
"1481",5693,0,2460432,212.8,224.45,0,1,1,-38.72853827,-72.55677433,1,712383.341324886,5710513.13317826,11
"1482",5693,0,4804942,236.11,210.33,1,0,1,-38.73889433,-72.57705024,1,710590.145923431,5709410.59836914,11
"1483",5693,0,14551150,188.45,186.15,1,0,1,-38.72885741,-72.56252697,1,711882.269550796,5710491.0475244,11
"1484",5693,1,3821705,242.02,314.13,0,0,0,-38.71264677,-72.55003304,0,713016.627649321,5712261.23255157,11
"1485",5694,0,15313355,172.26,272.98,1,0,1,-38.72516363,-72.56117646,1,712010.604679595,5710897.88474505,11
"1486",5694,0,17104046,267.71,296.98,1,0,1,-38.73162527,-72.55813646,1,712255.777801952,5710173.67349513,11
"1487",5697,0,214251,252.79,217.04,1,0,1,-38.72328473,-72.61645343,1,707210.109358773,5711233.01692932,3
"1488",5697,0,500406,282.38,266.8,1,0,1,-38.71152972,-72.63460306,1,705665.80882277,5712578.59693467,3
"1489",5697,0,616704,310.69,342.58,0,1,1,-38.70802212,-72.64740512,1,704562.563412302,5712996.57332217,3
"1490",5697,0,1377316,224.12,237.97,1,0,1,-38.72281831,-72.62329703,1,706616.440148001,5711300.25458421,3
"1491",5697,0,2024429,302.13,361.47,0,1,1,-38.71143062,-72.62155054,1,706801.123961082,5712560.19262632,3
"1492",5697,0,3659456,222.46,230.74,1,0,1,-38.72248924,-72.61730494,1,707138.373329157,5711323.23328691,3
"1493",5697,0,5070416,263.75,291.11,1,0,1,-38.7272478,-72.60689001,1,708030.097366012,5710771.47286473,3
"1494",5697,0,5794663,191.35,178.66,0,1,1,-38.71773006,-72.61585166,1,707278.485907296,5711848.14969598,3
"1495",5697,0,6642626,172.53,239.33,1,0,1,-38.71710815,-72.61795128,1,707097.71722416,5711921.92578209,3
"1496",5697,0,6728008,227.97,273.05,1,0,1,-38.71500086,-72.61927931,1,706988.324177089,5712158.81068156,3
"1497",5697,0,7847779,272.51,201.56,1,0,1,-38.71846824,-72.62453893,1,706520.991313846,5711785.85723657,3
"1498",5697,0,10556428,227.95,263.64,1,0,1,-38.71006355,-72.62916767,1,706142.676080663,5712729.0974764,3
"1499",5697,0,10924318,196.49,223.43,0,1,1,-38.71420555,-72.62595717,1,706409.942982228,5712262.15754173,3
"1500",5697,0,11171775,151.97,143.27,1,0,1,-38.72562966,-72.62736294,1,706254.842053205,5710997.40272133,3
"1501",5697,0,12117705,268.64,335.94,1,0,1,-38.71156246,-72.65139368,1,704205.629529634,5712612.5487478,3
"1502",5697,0,12937759,202.17,233.75,1,0,1,-38.70796335,-72.62311056,1,706675.455744117,5712948.53569746,3
"1503",5697,0,12970591,214.23,306.09,1,0,1,-38.71213884,-72.62688621,1,706335.103159686,5712493.62885815,3
"1504",5697,0,14027218,295.12,260.61,1,0,1,-38.72399104,-72.62108313,1,706805.545148546,5711165.0970005,3
"1505",5697,0,14334449,255.31,358.45,1,0,1,-38.71630209,-72.61344201,1,707492.139560749,5712001.17636245,3
"1506",5697,0,14598359,270.43,266.8,1,0,1,-38.70874827,-72.64669838,1,704621.952179291,5712914.40149931,3
"1507",5697,0,15527738,260.83,234.29,1,0,1,-38.72395781,-72.62590618,1,706386.307587325,5711179.67193186,3
"1508",5697,0,15838703,265.6,352.32,1,0,1,-38.71074373,-72.62356864,1,706627.610957436,5712640.98489593,3
"1509",5697,0,16596103,216.87,310.16,1,0,1,-38.71322854,-72.62681342,1,706338.298058909,5712372.52277823,3
"1510",5697,0,16609253,273.18,314.5,1,0,1,-38.7235599,-72.61016846,1,707755.756065265,5711188.2290651,3
"1511",5697,0,17062929,233.72,282.58,1,0,1,-38.71681761,-72.61655475,1,707219.987829753,5711951.01143747,3
"1512",5697,0,18073033,205.31,256.79,1,0,1,-38.70931174,-72.64866991,1,704448.898611028,5712856.26851903,3
"1513",5697,0,20073531,230.13,203.38,1,0,1,-38.72644795,-72.60714109,1,708010.589280826,5710860.81659887,3
"1514",5697,0,20761263,269.91,325.03,1,0,1,-38.71015002,-72.63327088,1,705785.611322493,5712728.7313111,3
"1515",5697,0,21120563,272.28,309.96,1,0,1,-38.7179649,-72.62440817,1,706533.81054757,5711841.42623807,3
"1516",5697,0,21365978,205.77,210.2,1,0,1,-38.71363666,-72.62599875,1,706407.96452316,5712325.39043937,3
"1517",5697,0,21486322,202.93,236.58,1,0,1,-38.71208532,-72.6211898,1,706830.605675089,5712486.71475914,3
"1518",5697,0,22996630,226.18,226.45,0,1,1,-38.71254486,-72.65148245,1,704195.113607545,5712503.71401239,3
"1519",5697,0,23829521,241.58,221.92,1,0,1,-38.71634953,-72.63758018,1,705393.120185345,5712050.34754929,3
"1520",5697,0,24988598,247.39,311.22,1,0,1,-38.71991333,-72.62889554,1,706138.02897122,5711635.29180708,3
"1521",5697,1,7019285,228.35,290.22,0,0,0,-38.71353393,-72.64750734,0,704537.957254701,5712385.06719922,3
"1522",5698,0,814258,279.99,291.84,1,0,1,-38.74765631,-72.58533778,1,709844.078491391,5708457.1687399,11
"1523",5698,0,1478656,264.1,238.96,1,0,1,-38.71348008,-72.54988875,1,713026.699821608,5712168.40945079,11
"1524",5698,0,2478812,198.72,221.67,1,0,1,-38.72121197,-72.55460322,1,712593.819326635,5711321.223671,11
"1525",5698,0,2575648,261.81,298.45,1,0,1,-38.73016822,-72.56594511,1,711581.232473448,5710353.47210518,11
"1526",5698,0,3924788,239.01,276.03,1,0,1,-38.73227627,-72.55802111,1,712263.877844782,5710101.15269983,11
"1527",5698,0,5105895,322.77,332.4,0,1,1,-38.74223073,-72.57836198,1,710466.32131409,5709043.31699638,11
"1528",5698,0,8449994,263.77,288.23,1,0,1,-38.72658985,-72.55620348,1,712438.744434733,5710728.05947547,11
"1529",5698,0,10991803,216.36,160.14,0,1,1,-38.74156283,-72.57650857,1,710629.386945635,5709113.18037141,11
"1530",5698,0,11685594,237.88,227.49,1,0,1,-38.74246649,-72.57490418,1,710766.186933088,5709009.19007606,11
"1531",5698,0,12405985,278.81,265.79,1,0,1,-38.73104224,-72.56438913,1,711713.922961346,5710252.86768745,11
"1532",5698,0,15534035,249.95,213.41,1,0,1,-38.74318738,-72.57616867,1,710654.155656236,5708932.09238971,11
"1533",5698,0,15834916,244.29,270.39,1,0,1,-38.71869564,-72.55387746,1,712664.385457201,5711598.81996974,11
"1534",5698,0,17530694,190.16,206.65,0,1,1,-38.73012898,-72.56451963,1,711705.275161821,5710354.53043402,11
"1535",5698,0,20248295,266,300.94,1,0,1,-38.73598781,-72.56775136,1,711407.036423655,5709711.74272356,11
"1536",5698,0,20453848,242.04,254.58,1,0,1,-38.72138214,-72.5532842,1,712708.000558608,5711299.27227639,11
"1537",5698,0,22738309,284.95,314.53,1,0,1,-38.71270828,-72.54966826,1,713048.165619848,5712253.55680291,11
"1538",5698,0,23010406,327.91,293.18,1,0,1,-38.72211921,-72.55340538,1,712695.27775848,5711217.74797819,11
"1539",5698,1,17740816,134.28,244.01,0,0,0,-38.70985478,-72.6536034,0,704018.332882541,5712807.00382334,6
"1540",5698,1,23862659,218.5,305.82,0,0,0,-38.71596392,-72.65687422,0,703716.549922148,5712136.25825965,6
"1541",5698,1,5771500,288.44,349,0,0,0,-38.71409265,-72.65443864,0,703933.651268754,5712338.52032245,6
"1542",5703,0,90443,248.92,317.04,1,0,1,-38.71579885,-72.55120959,1,712904.959454739,5711914.12688604,11
"1543",5703,0,197366,250.44,303.53,1,0,1,-38.73817918,-72.57576407,1,710704.050508511,5709487.01015645,11
"1544",5703,0,1002849,289.69,253.05,1,0,1,-38.73152735,-72.55724956,1,712333.170730969,5710182.48384734,11
"1545",5703,0,2331626,240.97,229.43,1,0,1,-38.73937663,-72.5737258,1,710877.707320718,5709349.41177787,11
"1546",5703,0,2559916,260.74,308.06,1,0,1,-38.71080571,-72.54670407,1,713311.584746146,5712457.81646184,11
"1547",5703,0,3606527,208.1,256.77,0,1,1,-38.73113969,-72.56771589,1,711424.42092884,5710249.74347551,11
"1548",5703,0,4352680,206.48,255.19,1,0,1,-38.72397277,-72.55774086,1,712312.832775409,5711022.09146864,11
"1549",5703,0,4559483,293.17,310.46,0,1,1,-38.72504337,-72.56177275,1,711959.116975366,5710912.6133201,11
"1550",5703,0,5195011,372.35,317.99,1,0,1,-38.70798214,-72.54696032,1,713297.696857395,5712771.79564044,11
"1551",5703,0,6701801,275.11,341.89,1,0,1,-38.73719423,-72.56895844,1,711298.548089547,5709580.63292287,11
"1552",5703,0,7928354,268,263.56,1,0,1,-38.72045608,-72.55268652,1,712762.715339439,5711400.66463111,11
"1553",5703,0,8121764,216.35,224.82,1,0,1,-38.71968175,-72.55220166,1,712807.171417023,5711485.4787597,11
"1554",5703,0,9172924,254.43,317.12,1,0,1,-38.74438087,-72.58397684,1,709971.964988468,5708817.57982108,11
"1555",5703,0,9206220,230.65,297.15,1,0,1,-38.73217701,-72.55849307,1,712223.14217669,5710113.26406906,11
"1556",5703,0,9244186,208.18,297.89,1,0,1,-38.73796993,-72.570129,1,711194.507202053,5709497.24219266,11
"1557",5703,0,10168346,263.23,248.52,0,1,1,-38.74258205,-72.57761493,1,710530.224126706,5709002.60587252,11
"1558",5703,0,11084810,273.76,260.92,1,0,1,-38.73911351,-72.57362169,1,710887.531509774,5709378.37494648,11
"1559",5703,0,13059055,308.94,275.29,1,0,1,-38.73316403,-72.56554029,1,711607.581596073,5710020.03731876,11
"1560",5703,0,13719853,328.47,214.55,1,0,1,-38.73617438,-72.57100193,1,711123.915521327,5709698.54112419,11
"1561",5703,0,13836013,217.4,278.71,1,0,1,-38.71804623,-72.55045956,1,712963.503915736,5711662.9500177,11
"1562",5703,0,13984192,227.53,247.82,1,0,1,-38.71358843,-72.55006542,1,713011.015267629,5712156.79502151,11
"1563",5703,0,14443859,250.43,286.39,1,0,1,-38.744237,-72.57935154,1,710374.415702068,5708822.92142935,11
"1564",5703,0,14772820,267,283.83,1,0,1,-38.74342854,-72.57670526,1,710606.805865511,5708906.56197285,11
"1565",5703,0,15671515,189.94,236.06,1,0,1,-38.74263379,-72.57415912,1,710830.456608276,5708988.90505439,11
"1566",5703,0,18466959,269.99,228.61,0,1,1,-38.72912264,-72.56389552,1,711762.50632176,5710464.77797079,11
"1567",5703,0,19546679,273.68,281.76,1,0,1,-38.73819981,-72.56962461,1,711237.674845428,5709470.56389317,11
"1568",5703,0,19700613,237.75,300.29,1,0,1,-38.72196293,-72.55315743,1,712717.299870889,5711234.51694211,11
"1569",5703,0,22660872,296.16,254.68,1,0,1,-38.72549354,-72.55557227,1,712496.872253336,5710848.27131494,11
"1570",5703,0,23140935,335.17,364.9,1,0,1,-38.72226335,-72.55697912,1,712384.12552258,5711210.04910891,11
"1571",5703,0,23318017,282.46,250.3,0,1,1,-38.72547179,-72.56079672,1,712042.708980527,5710862.80295311,11
"1572",5703,0,24069805,284.63,289.36,0,1,1,-38.73807846,-72.56852204,1,711333.875910404,5709481.48613932,11
"1573",5703,0,24218482,285.75,262.3,1,0,1,-38.73768269,-72.56782423,1,711395.702115867,5709523.799815,11
"1574",5703,0,24676048,228.9,219.66,0,1,1,-38.73100544,-72.5604753,1,712054.284028316,5710247.88968741,11
"1575",5706,0,13889,224.6,219.05,0,1,1,-38.7107185,-72.54968796,1,713052.36278915,5712474.44414468,11
"1576",5706,0,123818,341.46,345.19,0,1,1,-38.73769277,-72.57791825,1,710518.223053198,5709545.95441411,11
"1577",5706,0,759609,202.54,230.27,1,0,1,-38.72363902,-72.55467248,1,712580.601241891,5711052.01118509,11
"1578",5706,0,955501,335.67,316.63,0,1,1,-38.74097551,-72.57447725,1,710807.683131079,5709173.68718709,11
"1579",5706,0,1693302,355.99,305.3,0,1,1,-38.70867647,-72.54582802,1,713394.100832889,5712692.09479187,11
"1580",5706,0,2964773,354.65,346.51,1,0,1,-38.73870451,-72.57964676,1,710364.997808558,5709437.63928044,11
"1581",5706,0,5883735,266.19,284.56,1,0,1,-38.70852827,-72.54722336,1,713273.198141688,5712711.79461639,11
"1582",5706,0,9345990,261.75,229.62,1,0,1,-38.73126478,-72.5589146,1,712189.197223212,5710215.48823292,11
"1583",5706,0,9647431,227.1,277.48,0,1,1,-38.7453477,-72.58111862,1,710217.562752349,5708703.70933751,11
"1584",5706,0,11180192,314.29,324.21,0,1,1,-38.73100116,-72.55862002,1,712215.587229992,5710244.06377925,11
"1585",5706,0,11853339,222.79,234.59,1,0,1,-38.71327509,-72.54968668,1,713044.880202682,5712190.69061101,11
"1586",5706,0,11932597,301.25,338.81,1,0,1,-38.7361941,-72.57469098,1,710803.170301881,5709704.85811835,11
"1587",5706,0,15276205,269.36,291.6,1,0,1,-38.74633124,-72.58362235,1,709997.059990847,5708600.2988382,11
"1588",5706,0,16283227,193.85,164.52,1,0,1,-38.70407804,-72.54167805,1,713768.697729387,5713192.78394986,11
"1589",5706,0,18398662,204.34,157.81,1,0,1,-38.74251807,-72.58321952,1,710043.251795796,5709022.58938829,11
"1590",5706,0,18674531,226.85,237.2,1,0,1,-38.72242978,-72.55588872,1,712478.438899281,5711189.04654566,11
"1591",5706,0,18810670,184.38,241.31,1,0,1,-38.71753647,-72.55146866,1,712877.274083699,5711721.87455321,11
"1592",5706,0,19184803,289.87,244.58,1,0,1,-38.72853133,-72.56506604,1,711662.489441167,5710533.11419906,11
"1593",5706,0,19598303,176.71,225.53,1,0,1,-38.73428498,-72.56157481,1,711948.998765791,5709886.44743594,11
"1594",5706,0,20529763,260.33,262.91,1,0,1,-38.74515281,-72.58671352,1,709731.834743425,5708738.18163559,11
"1595",5706,0,20697719,254.06,324.37,1,0,1,-38.7175752,-72.55277631,1,712763.455850548,5711720.61632269,11
"1596",5706,0,20938229,283.8,317.9,1,0,1,-38.71224023,-72.54913694,1,713095.758898212,5712304.26803177,11
"1597",5706,0,22292973,224.38,228.2,1,0,1,-38.74561832,-72.57929052,1,710375.663295626,5708669.47132696,11
"1598",5706,0,23037716,321.1,316.34,0,1,1,-38.70924882,-72.54693016,1,713296.553286091,5712631.13922421,11
"1599",5706,0,23348578,192.21,225.41,1,0,1,-38.7452505,-72.58322005,1,710035.19518683,5708719.32422845,11
"1600",5706,0,24690237,234.29,285.49,1,0,1,-38.73695013,-72.57177831,1,711054.140544021,5709614.23341304,11
"1601",5706,1,5299880,227.51,203.11,0,0,0,-38.74738008,-72.5851438,0,709861.747562704,5708487.38190132,11
"1602",5706,1,6131057,295.67,255.99,0,0,0,-38.73218186,-72.60122796,0,708508.002816724,5710210.96941959,10
"1603",5706,1,5614418,186.79,209.83,0,0,0,-38.72726489,-72.60110399,0,708533.083601983,5710756.40793056,10
"1604",5709,0,535694,238.69,251.62,1,0,1,-38.73360951,-72.62496045,1,706440.735940478,5710106.327465,4
"1605",5709,0,3565136,263.81,294.35,1,0,1,-38.74553329,-72.62465778,1,706432.694735796,5708782.26011054,4
"1606",5709,0,3734694,217.65,176.16,1,0,1,-38.73132734,-72.62005367,1,706873.878450375,5710348.53729567,4
"1607",5709,0,5322226,151.58,160.33,1,0,1,-38.7407346,-72.61405121,1,707368.479062612,5709290.8659404,4
"1608",5709,0,5485588,204.1,249.69,0,1,1,-38.74123947,-72.60200098,1,708414.458178595,5709207.4504199,4
"1609",5709,0,8948536,208.9,271.72,1,0,1,-38.73573484,-72.62669766,1,706283.599803276,5709874.36147885,4
"1610",5709,0,9353640,223.49,231.6,1,0,1,-38.73179663,-72.62118901,1,706773.824218142,5710299.01823994,4
"1611",5709,0,9706408,266.6,304.3,0,1,1,-38.7315309,-72.61776311,1,707072.419601014,5710320.76412272,4
"1612",5709,0,13519883,200.46,198.47,1,0,1,-38.74644452,-72.6250794,1,706393.423433844,5708682.07665939,4
"1613",5709,0,16653066,244.45,203.61,1,0,1,-38.74185768,-72.61342356,1,707419.78543192,5709164.79564062,4
"1614",5709,0,18607400,198.42,181.26,1,0,1,-38.73895672,-72.58452151,1,709940.515009483,5709420.84393852,4
"1615",5709,0,18920654,176.9,194.39,1,0,1,-38.74288474,-72.60030965,1,708556.684535428,5709020.99186003,4
"1616",5709,0,21338863,219.86,178.99,1,0,1,-38.73672847,-72.62490398,1,706436.660936823,5709760.03630618,4
"1617",5709,1,21096303,254.63,288.27,0,0,0,-38.72835022,-72.62238344,0,706679.924193214,5710684.22277727,4
"1618",5713,0,420885,170.43,230.8,1,0,1,-38.73282489,-72.61938461,1,706927.719610211,5710180.81603651,4
"1619",5713,0,2908058,221.31,236.09,1,0,1,-38.73635332,-72.61055217,1,707685.324922942,5709769.19553814,4
"1620",5713,0,6102730,194.13,188.58,1,0,1,-38.73115102,-72.61339273,1,707453.455975843,5710353.02734019,4
"1621",5713,0,6332556,208.09,178.4,1,0,1,-38.74728795,-72.63275771,1,705723.631641611,5708605.76221479,4
"1622",5713,0,8861282,236.11,285.98,1,0,1,-38.74069272,-72.5954418,1,708986.196241181,5709253.17053687,4
"1623",5713,0,8987136,261.09,212.42,1,0,1,-38.7401867,-72.60652702,1,708024.098026199,5709334.59514991,4
"1624",5713,0,9413995,262.23,254.52,0,1,0,-38.74201379,-72.58592624,1,709809.455991971,5709084.76914368,4
"1625",5713,0,10654083,249.3,258.77,1,0,1,-38.7419673,-72.59219722,1,709264.504626543,5709104.29157363,4
"1626",5713,0,11563705,211.52,198.26,0,1,0,-38.73719131,-72.61981136,1,706878.016721415,5709697.16508667,4
"1627",5713,0,14532181,326.82,298.71,1,0,1,-38.73699052,-72.62128844,1,706750.196998674,5709722.78879272,4
"1628",5713,0,15337166,147.08,275.44,1,0,1,-38.74457014,-72.62217308,1,706651.436541245,5708883.54763367,4
"1629",5713,0,15683233,261.95,313.23,1,0,1,-38.73998088,-72.59736942,1,708820.714915638,5709336.5772413,4
"1630",5713,0,17087675,305.1,339.06,0,1,0,-38.73462726,-72.59902736,1,708692.189202292,5709934.54441176,4
"1631",5713,0,17111256,239.24,312.56,1,0,1,-38.73928344,-72.59581264,1,708958.071075325,5709410.43003333,4
"1632",5713,0,17592418,276.07,270.92,1,0,1,-38.73262848,-72.61257258,1,707520.47814693,5710187.18877196,4
"1633",5713,0,19120334,257.37,304.67,0,1,0,-38.73557893,-72.60506446,1,708164.614153077,5709842.67274044,4
"1634",5713,0,19217517,276.97,335.37,1,0,1,-38.74573137,-72.62571582,1,706340.162166175,5708762.66275264,4
"1635",5713,0,19991291,298.91,314.42,0,1,0,-38.7352504,-72.5965208,1,708908.270600836,5709859.66396933,4
"1636",5713,0,20665083,307.42,335.94,1,0,1,-38.74674022,-72.6271072,1,706216.323452109,5708653.83082922,4
"1637",5713,1,14320926,289.8,313.63,0,0,0,-38.74617479,-72.62595899,0,706317.749537977,5708713.99731302,4
"1638",5713,1,3633215,302.18,330.59,0,0,0,-38.73066562,-72.62430443,0,706506.246336705,5710431.58043106,4
"1639",5713,1,22253627,253.79,301.81,0,0,0,-38.73404297,-72.62755775,0,706213.700697491,5710064.07547578,4
"1640",5714,0,581555,217.52,241.58,0,1,1,-38.72939047,-72.55593499,1,712453.78691654,5710416.60087886,11
"1641",5714,0,1723543,311,289.3,0,1,1,-38.72523523,-72.55966888,1,712141.466389297,5710886.44453001,11
"1642",5714,0,2697601,276.26,310.61,1,0,1,-38.73804223,-72.56669434,1,711492.859762819,5709481.28401822,11
"1643",5714,0,2784403,266.31,273.67,1,0,1,-38.74220697,-72.57748393,1,710542.7130437,5709043.93373426,11
"1644",5714,0,12337363,299.33,325.6,1,0,1,-38.73540489,-72.57029578,1,711187.568358148,5709782.31558776,11
"1645",5714,0,14120046,271.9,316.52,1,0,1,-38.70910537,-72.54740027,1,713256.097787484,5712648.15560655,11
"1646",5714,0,14320794,240.08,218.45,1,0,1,-38.71646877,-72.55259421,1,712782.5727842,5711842.9934013,11
"1647",5714,0,15384472,258.31,260.25,1,0,1,-38.7245103,-72.55942662,1,712164.674498281,5710966.34142025,11
"1648",5714,0,16472977,279.04,256.27,1,0,1,-38.73132074,-72.55803138,1,712265.814806132,5710207.22894108,11
"1649",5714,0,17861018,228.41,264.41,1,0,1,-38.72029517,-72.55277586,1,712755.424766975,5711418.73137765,11
"1650",5714,0,19701208,293.2,291.55,0,1,1,-38.73118998,-72.56295627,1,711838.053221569,5710233.15427248,11
"1651",5714,0,21230360,295.06,353.62,1,0,1,-38.71909145,-72.55322822,1,712719.663356558,5711553.38119618,11
"1652",5714,0,21584130,335.07,294.9,0,1,1,-38.7124483,-72.55051086,1,712975.66652572,5712284.37206577,11
"1653",5714,0,21596905,231.54,291.06,1,0,1,-38.72282315,-72.5555779,1,712504.29769217,5711144.66558525,11
"1654",5714,0,24082512,243.36,212.14,1,0,1,-38.745076,-72.58253169,1,710095.538013382,5708737.11094095,11
"1655",5714,1,20943956,225.52,262.05,0,0,0,-38.72758342,-72.556136,0,712441.666821733,5710617.62846601,11
"1656",5717,0,251923,295.64,304.86,1,0,1,-38.70750733,-72.62521972,1,706493.349391314,5713003.90671828,3
"1657",5717,0,2896735,355.91,364.9,1,0,1,-38.72030832,-72.62663469,1,706333.469868402,5711586.35922674,3
"1658",5717,0,3252232,324.87,340.72,1,0,1,-38.72013416,-72.63509812,1,705598.091350791,5711624.73283906,3
"1659",5717,0,3303181,310.11,294.29,1,0,1,-38.72767153,-72.6041221,1,708269.508075278,5710718.14887596,3
"1660",5717,0,3957066,342.83,305.38,1,0,1,-38.72332747,-72.61755032,1,707114.617319715,5711230.75607,3
"1661",5717,0,4219612,265.2,329.57,0,1,1,-38.72243504,-72.6240531,1,706551.807731066,5711344.49896605,3
"1662",5717,0,4707479,225.38,193.05,1,0,1,-38.72466822,-72.60756365,1,707979.014413459,5711059.30395435,3
"1663",5717,0,6043245,282.59,325.06,1,0,1,-38.72044242,-72.62575145,1,706409.87982266,5711569.48454284,3
"1664",5717,0,8072257,280.96,349.91,0,1,1,-38.71891894,-72.6209844,1,706828.758836022,5711727.80991339,3
"1665",5717,0,8296170,326.49,338.89,0,1,1,-38.71676062,-72.61360218,1,707476.885759454,5711950.64861585,3
"1666",5717,0,9401552,311.94,309.07,1,0,1,-38.7264364,-72.60754521,1,707975.488264739,5710863.01692749,3
"1667",5717,0,10098796,316.18,317.78,1,0,1,-38.71879376,-72.60942199,1,707834.471449094,5711715.51381443,3
"1668",5717,0,10273959,291.4,180.87,0,1,1,-38.72704161,-72.61227245,1,707562.746017066,5710806.57835503,3
"1669",5717,0,10299460,296.28,337.35,1,0,1,-38.71458366,-72.62929248,1,706118.833142882,5712227.70739029,3
"1670",5717,0,11115104,316.36,329.93,1,0,1,-38.71290112,-72.62597345,1,706412.28123676,5712406.96844558,3
"1671",5717,0,11896217,249.15,316.9,1,0,1,-38.7114631,-72.63647529,1,705503.193295815,5712590.19508072,3
"1672",5717,0,12822457,263.28,320.2,1,0,1,-38.710226,-72.65303423,1,704066.772073434,5712764.53511662,3
"1673",5717,0,13169429,289.44,346.51,1,0,1,-38.71793819,-72.65036144,1,704277.231573175,5711902.6281045,3
"1674",5717,0,13291685,273.16,349.77,1,0,1,-38.72353713,-72.62564967,1,706409.82055515,5711225.78337685,3
"1675",5717,0,13738811,337.28,367.65,1,0,1,-38.726425,-72.62024304,1,706871.562433259,5710893.06090464,3
"1676",5717,0,14098515,270.51,284,0,1,1,-38.71680878,-72.6251754,1,706470.427709357,5711971.47090841,3
"1677",5717,0,14155538,295.2,354.72,1,0,1,-38.71477349,-72.62607312,1,706398.226118311,5712199.38525863,3
"1678",5717,0,14480842,333.7,292.15,0,1,1,-38.71245331,-72.62805228,1,706232.799983968,5712461.35439545,3
"1679",5717,0,14981063,187.01,208.17,1,0,1,-38.70900456,-72.62493214,1,706514.04825304,5712837.08578589,3
"1680",5717,0,15510187,202.65,259.2,1,0,1,-38.71765866,-72.61504404,1,707348.915949116,5711854.2450595,3
"1681",5717,0,15965944,329.01,351.78,1,0,1,-38.71675048,-72.61359272,1,707477.737665401,5711951.75258081,3
"1682",5717,0,16182841,273.1,367.06,1,0,1,-38.71610795,-72.61431,1,707417.226664618,5712024.69043794,3
"1683",5717,0,16336358,289.6,290.74,0,1,1,-38.72413088,-72.61474971,1,707355.791390402,5711135.24685191,3
"1684",5717,0,16662830,251.09,317.85,0,1,1,-38.72312996,-72.60867659,1,707886.712227172,5711232.55933653,3
"1685",5717,0,17116696,279.45,264.27,1,0,1,-38.70965259,-72.63181297,1,705913.819413366,5712780.66130561,3
"1686",5717,0,17462267,300.01,315.67,1,0,1,-38.72213321,-72.61816081,1,707064.987459136,5711364.68451287,3
"1687",5717,0,18744850,279.69,234.85,1,0,1,-38.70947301,-72.6473497,1,704563.245598707,5712835.42086578,3
"1688",5717,0,18838841,235.27,257.75,1,0,1,-38.72434013,-72.61118428,1,707665.176459887,5711103.93903228,3
"1689",5717,0,19140194,290.66,298.02,0,1,1,-38.70961778,-72.64907399,1,704412.887328973,5712823.20458898,3
"1690",5717,0,20616884,318.97,353.62,1,0,1,-38.71782821,-72.61381124,1,707455.619144009,5711832.6340045,3
"1691",5717,0,20649307,259.55,292.34,1,0,1,-38.71676713,-72.61368379,1,707469.770733647,5711950.11106039,3
"1692",5717,0,21935015,319.59,362.13,1,0,1,-38.71695637,-72.61867825,1,707034.943895062,5711940.41579865,3
"1693",5717,0,21946113,295.1,260.8,0,1,1,-38.72726384,-72.61193561,1,707591.387383727,5710781.14970832,3
"1694",5717,0,21996301,311.92,367.65,1,0,1,-38.71877998,-72.62672424,1,706330.081115882,5711756.18640807,3
"1695",5717,0,23927441,354.08,317.46,0,1,1,-38.71015577,-72.63701738,1,705459.798386625,5712736.50750973,3
"1696",5717,0,23984520,290.38,348.15,1,0,1,-38.71953916,-72.61843421,1,707048.706545418,5711653.20831389,3
"1697",5717,1,7885207,272.15,303.73,0,0,0,-38.69467715,-72.52768834,0,715013.535860229,5714203.41569664,9
"1698",5717,1,16588703,224.49,374.08,0,0,0,-38.69979805,-72.55268225,0,712824.369968383,5713693.4443437,9
"1699",5726,0,2350162,276.55,195.08,1,0,1,-38.74542656,-72.58469456,1,709906.51743364,5708703.16807971,11
"1700",5726,0,2528463,247.36,330.8,1,0,1,-38.72285593,-72.55728957,1,712355.377860463,5711145.00023692,11
"1701",5726,0,2546893,262.34,332.48,1,0,1,-38.71740911,-72.55151041,1,712874.021883636,5711736.10707412,11
"1702",5726,0,2631814,208.45,208.06,1,0,1,-38.7451582,-72.5784384,1,710451.079429197,5708718.57912167,11
"1703",5726,0,3857881,347.54,354.72,0,1,0,-38.73006368,-72.5648604,1,711675.842495452,5710362.56624966,11
"1704",5726,0,3972771,360.26,356.44,1,0,1,-38.7319611,-72.55819447,1,712249.740204611,5710136.53493353,11
"1705",5726,0,4682079,201.7,284.18,1,0,1,-38.73948251,-72.57734271,1,710562.994278651,5709345.99068865,11
"1706",5726,0,5608798,219.41,252,1,0,1,-38.72785133,-72.55915646,1,712178.274653811,5710594.90102977,11
"1707",5726,0,5715126,180.41,159.2,1,0,1,-38.73195222,-72.56494424,1,711662.976787038,5710153.15505388,11
"1708",5726,0,5888893,201.89,220.04,1,0,1,-38.72718874,-72.56060831,1,712054.011124893,5710671.80568603,11
"1709",5726,0,6023180,207.51,288.7,1,0,1,-38.70568084,-72.54130712,1,713796.180710706,5713014.02639128,11
"1710",5726,0,7469311,233.92,232.38,0,1,1,-38.74455194,-72.58180939,1,710159.856566196,5708793.61614371,11
"1711",5726,0,8414529,240.17,295.46,0,1,1,-38.73416562,-72.56458505,1,711687.665383143,5709906.66340403,11
"1712",5726,0,10070475,314.96,333.74,1,0,1,-38.74316891,-72.57457802,1,710792.470771952,5708930.47847229,11
"1713",5726,0,10335312,249.68,315.29,1,0,1,-38.7330378,-72.56627652,1,711543.951311296,5710035.74963707,11
"1714",5726,0,10573180,298.63,330.33,1,0,1,-38.73223003,-72.56628748,1,711545.382654597,5710125.42768793,11
"1715",5726,0,12421643,239.08,265.38,1,0,1,-38.74197479,-72.57617079,1,710657.536562428,5709066.68008786,11
"1716",5726,0,12768483,290.15,281.78,1,0,1,-38.73704714,-72.56941602,1,711259.205059421,5709598.01476102,11
"1717",5726,0,13226626,224.8,339.6,1,0,1,-38.70723691,-72.54666724,1,713325.400385349,5712853.82429261,11
"1718",5726,0,14163455,239.42,310.24,1,0,1,-38.74198744,-72.57387629,1,710856.942797053,5709059.99028104,11
"1719",5726,0,16469822,221.32,244.26,1,0,1,-38.72022482,-72.55458025,1,712598.743367793,5711430.73206904,11
"1720",5726,0,16990816,256.47,302.87,1,0,1,-38.7346137,-72.57082763,1,711143.665353135,5709871.3554969,11
"1721",5726,0,17944893,223.03,313.25,1,0,1,-38.7298834,-72.5620733,1,711918.677704572,5710376.12450283,11
"1722",5726,0,18261881,241.28,243.38,1,0,1,-38.74530741,-72.57643321,1,710624.928870981,5708697.40377015,11
"1723",5726,0,18451659,215.67,261.74,1,0,1,-38.70540943,-72.54165974,1,713766.323127135,5713044.97297633,11
"1724",5726,0,19115937,237.14,226.52,1,0,1,-38.73655141,-72.57306848,1,710943.161583622,5709661.46171732,11
"1725",5726,0,20262627,270.25,281.45,1,0,1,-38.7193067,-72.5519745,1,712828.036096052,5711526.57662848,11
"1726",5726,0,21700245,242.11,257.78,0,1,1,-38.72700433,-72.56273165,1,711869.951780976,5710697.19088812,11
"1727",5726,0,22270155,236.26,280.07,1,0,1,-38.71969656,-72.55221504,1,712805.964076182,5711483.8661362,11
"1728",5726,0,22776351,277.05,307.12,1,0,1,-38.74648667,-72.57976366,1,710331.989482804,5708574.18296314,11
"1729",5726,0,23008016,254.45,229.05,0,1,1,-38.7257473,-72.55633152,1,712430.109085351,5710821.8696284,11
"1730",5726,0,23063346,221.44,277.7,1,0,1,-38.70394198,-72.54146104,1,713787.976281487,5713207.37828572,11
"1731",5726,0,23114741,271.05,306.04,1,0,1,-38.74252051,-72.57835959,1,710465.677839839,5709011.14943702,11
"1732",5726,0,23166101,282.62,282.77,1,0,1,-38.74388138,-72.57525317,1,710731.690491832,5708852.95831954,11
"1733",5746,0,716444,259.56,261.7,1,0,1,-38.72244467,-72.61724461,1,707143.747511337,5711328.04343553,3
"1734",5746,0,3572751,251.51,262.53,1,0,1,-38.71213053,-72.644931,1,704765.991716551,5712535.06596509,3
"1735",5746,0,3769493,165.12,255.02,1,0,1,-38.71291827,-72.65191501,1,704156.436630066,5712463.23540184,3
"1736",5746,0,4856611,187.45,187.25,1,0,1,-38.72330064,-72.61095388,1,707688.219278539,5711218.78609822,3
"1737",5746,0,4936059,204.82,242.45,1,0,1,-38.71584925,-72.63355161,1,705744.850360966,5712096.82515738,3
"1738",5746,0,5704256,209.7,301.16,1,0,1,-38.72468256,-72.62294937,1,706641.294464791,5711092.56262081,3
"1739",5746,0,7134826,220.17,250.65,0,1,1,-38.723262,-72.62192466,1,706734.481576712,5711247.91194861,3
"1740",5746,0,8038196,188.21,196.62,1,0,1,-38.71103357,-72.62661178,1,706362.146774722,5712615.68037419,3
"1741",5746,0,8663543,188.33,315.71,1,0,1,-38.72780796,-72.60614477,1,708093.262412935,5710707.60804056,3
"1742",5746,0,9995638,236.87,238.04,1,0,1,-38.71818062,-72.6183124,1,707063.220508094,5711803.71275081,3
"1743",5746,0,10274416,205.34,234.1,1,0,1,-38.71851623,-72.62766172,1,706249.325931755,5711787.57187147,3
"1744",5746,0,12000682,219.93,225.34,1,0,1,-38.71942826,-72.61447064,1,707393.656046311,5711656.54373626,3
"1745",5746,0,13413653,243.33,195.47,1,0,1,-38.71864979,-72.61171751,1,707635.292689547,5711736.7021788,3
"1746",5746,0,14159822,141.66,314.35,1,0,1,-38.72229552,-72.60896021,1,707864.472008653,5711325.8154892,3
"1747",5746,0,14215881,135.98,155.25,1,0,1,-38.7129642,-72.64954187,1,704362.666064728,5712452.84296875,3
"1748",5746,0,14237766,192.23,291.94,1,0,0,-38.71024739,-72.63689913,1,705469.818999448,5712726.07356668,3
"1749",5746,0,14249490,176.01,261.18,1,0,1,-38.70879878,-72.62395164,1,706599.906895924,5712857.71249835,3
"1750",5746,0,15138278,224.02,289.16,1,0,1,-38.7217234,-72.61629598,1,707228.311200269,5711405.94759101,3
"1751",5746,0,17128838,235.12,290.64,1,0,1,-38.7135535,-72.64860756,1,704442.230814453,5712385.35276679,3
"1752",5746,0,17896903,237.66,300.68,1,0,1,-38.72634042,-72.62472113,1,706482.478049152,5710912.56085277,3
"1753",5746,0,18361633,262.41,367.65,1,0,1,-38.70811095,-72.62536032,1,706479.384985849,5712937.23014862,3
"1754",5746,0,18428122,258.41,241.75,1,0,1,-38.72577736,-72.62321188,1,706615.316032263,5710971.64693942,3
"1755",5746,0,20601217,158.57,280.24,0,1,1,-38.72567258,-72.61279098,1,707521.627823842,5710959.69876713,3
"1756",5746,0,21417387,182.31,232.24,1,0,1,-38.724687,-72.61330898,1,707479.444217034,5711070.25971959,3
"1757",5746,0,21858993,185.63,151.93,1,0,1,-38.72010719,-72.60808107,1,707947.255752868,5711566.69472309,3
"1758",5746,0,21916340,227.79,254.16,1,0,1,-38.71715727,-72.61486376,1,707366.041329917,5711909.48435692,3
"1759",5746,0,22104773,205.61,274.74,1,0,1,-38.71902281,-72.61168461,1,707637.073278866,5711695.22721786,3
"1760",5746,0,23105995,261.65,282.24,1,0,1,-38.72027059,-72.61873152,1,707020.74408929,5711572.70171819,3
"1761",5782,0,17143,293.35,310.68,0,1,1,-38.74542421,-72.62594273,1,706321.324375296,5708797.26531526,4
"1762",5782,0,438756,178.91,190.8,1,0,1,-38.74090647,-72.61680863,1,707128.298059133,5709278.03674161,4
"1763",5782,0,524740,365.02,332.25,0,1,1,-38.74634736,-72.62822006,1,706120.728555817,5708699.94123463,4
"1764",5782,0,1472462,210.95,237.63,0,1,1,-38.73331698,-72.61331224,1,707454.184316108,5710112.45129911,4
"1765",5782,0,1919620,154.66,181.61,1,0,1,-38.73864233,-72.61760099,1,707065.966171187,5709531.1206525,4
"1766",5782,0,1937568,227.49,320.57,1,0,1,-38.73700917,-72.61867003,1,706977.755851158,5709714.79911526,4
"1767",5782,0,2769257,137.87,193.93,1,0,1,-38.73749645,-72.58347578,1,710035.696103727,5709580.51589986,4
"1768",5782,0,2788249,272.55,291.2,0,1,1,-38.74249887,-72.61303314,1,707451.865072112,5709092.74652089,4
"1769",5782,0,3198145,158.27,184.22,0,1,1,-38.74147842,-72.60054904,1,708539.969613388,5709177.62143954,4
"1770",5782,0,3418702,227.37,168.24,1,0,1,-38.7394411,-72.59481924,1,709043.962823224,5709390.6624869,4
"1771",5782,0,3616335,259.28,256.86,0,1,1,-38.74142812,-72.62941987,1,706030.590854848,5709248.61547771,4
"1772",5782,0,4475827,261.34,273.32,1,0,1,-38.74151831,-72.59586995,1,708946.572359664,5709162.51825497,4
"1773",5782,0,4741474,271.19,245.19,1,0,1,-38.74561543,-72.62250018,1,706619.990842976,5708768.27273594,4
"1774",5782,0,5065507,217.17,244.32,0,1,1,-38.74647414,-72.62679316,1,706244.38453494,5708682.654307,4
"1775",5782,0,6264322,242.77,248.11,1,0,1,-38.73842524,-72.62198611,1,706685.412099119,5709565.12971975,4
"1776",5782,0,7334802,225.76,229.95,1,0,1,-38.73683273,-72.58532347,1,709877.024447797,5709658.42049118,4
"1777",5782,0,7396121,272.88,278.7,0,1,1,-38.72939049,-72.62167944,1,706738.128639252,5710567.17632002,4
"1778",5782,0,7745461,293.01,268.55,1,0,1,-38.74664325,-72.6305788,1,705914.865035868,5708672.41323933,4
"1779",5782,0,8056374,309.73,242.14,1,0,1,-38.74285749,-72.59938976,1,708636.721602936,5709021.91884497,4
"1780",5782,0,9921708,195.28,132.87,0,1,1,-38.73447953,-72.62505119,1,706430.341899709,5710009.97135183,4
"1781",5782,0,10027104,217.67,243.55,0,1,1,-38.74560377,-72.6315245,1,705835.655154446,5708789.91024127,4
"1782",5782,0,10242202,180.37,203.72,0,1,1,-38.73112854,-72.62606058,1,706352.242002662,5710384.16386802,4
"1783",5782,0,10510457,218.14,159.76,0,1,1,-38.74523619,-72.62927273,1,706032.429852547,5708825.63796595,4
"1784",5782,0,10556757,198.94,215.21,1,0,1,-38.73536215,-72.62589426,1,706354.5118628,5709913.91368763,4
"1785",5782,0,11067319,290.72,257.07,1,0,1,-38.74398466,-72.61614944,1,707176.696155148,5708934.90453753,4
"1786",5782,0,11181998,242.74,177.3,0,1,1,-38.74572321,-72.62698334,1,706230.016454278,5708766.42656124,4
"1787",5782,0,11707989,162.92,178.39,0,1,1,-38.74128335,-72.62641818,1,706291.921558732,5709257.91920637,4
"1788",5782,0,11749920,301.3,238.59,0,1,1,-38.73583005,-72.59448346,1,709083.68606427,5709790.67663452,4
"1789",5782,0,12492580,300.92,327.25,1,0,1,-38.73398326,-72.62426789,1,706499.864653725,5710063.28344563,4
"1790",5782,0,12783854,220.15,225.74,0,1,1,-38.73991927,-72.60803121,1,707894.123505839,5709367.69545295,4
"1791",5782,0,15166350,281.73,358.45,1,0,1,-38.73749179,-72.59502918,1,709031.399806375,5709607.4911785,4
"1792",5782,0,15592375,254.61,265.1,0,1,1,-38.74418118,-72.58851472,1,709578.119658272,5708850.1485504,4
"1793",5782,0,15933081,231.49,274.94,1,0,1,-38.73428825,-72.62472552,1,706459.203666322,5710030.46618008,4
"1794",5782,0,16493003,280.7,311.59,0,1,1,-38.73235674,-72.60575818,1,708113.665329621,5710201.87268407,4
"1795",5782,0,16802048,303.14,298.4,0,1,1,-38.73101398,-72.61206536,1,707569.247765988,5710365.22703838,4
"1796",5782,0,16880146,279.4,233.77,1,0,1,-38.73982571,-72.60557273,1,708108.097275375,5709372.49028423,4
"1797",5782,0,17705351,281.24,270.29,1,0,1,-38.73335317,-72.62506057,1,706432.770622915,5710135.00371287,4
"1798",5782,0,19368394,303.47,298.97,0,1,1,-38.73522236,-72.62427762,1,706495.448731656,5709925.78150988,4
"1799",5782,0,19741780,309.46,362.13,0,1,1,-38.74458874,-72.62752831,1,706185.914122717,5708893.56641022,4
"1800",5782,0,19997906,238.76,301.57,1,0,1,-38.73641133,-72.62171187,1,706715.059790383,5709788.02804131,4
"1801",5782,0,20065955,254.61,177.06,1,0,1,-38.72590558,-72.61569189,1,707268.744270703,5710940.41251992,4
"1802",5782,0,20634712,272.63,299.11,0,1,1,-38.73221969,-72.60313183,1,708342.381966242,5710211.10716826,4
"1803",5782,0,21154161,162.39,182.33,1,0,1,-38.72970243,-72.61381022,1,707421.353168661,5710514.74841761,4
"1804",5782,0,21282946,217.05,241.47,0,1,1,-38.74202847,-72.60358521,1,708274.458852121,5709123.48905496,4
"1805",5782,0,21541991,256.04,215.07,1,0,1,-38.7395912,-72.59209656,1,709280.194019963,5709367.77892931,4
"1806",5782,0,21904398,267.31,266.67,0,1,1,-38.73774543,-72.62058268,1,706809.368622217,5709637.40861624,4
"1807",5782,0,23076556,304.43,310.59,0,1,1,-38.73169853,-72.61425829,1,707376.624473152,5710294.22268073,4
"1808",5782,0,23462457,226.96,259.47,0,1,1,-38.73379459,-72.60241186,1,708400.392494318,5710034.67384617,4
"1809",5782,1,21991670,226.47,233.82,0,0,0,-38.74057732,-72.61348437,0,707418.205983394,5709307.03709451,4
"1810",5782,1,16116442,320.05,320.62,0,0,0,-38.72979713,-72.5968982,0,708891.3556415,5710465.76965348,10
"1811",5782,1,2168091,283.34,208.14,0,0,0,-38.72681647,-72.60099496,0,708543.867107891,5710805.92837396,10
"1812",5782,1,15539896,267.99,199.34,0,0,0,-38.72879868,-72.60760067,0,707963.813552265,5710600.9603392,10
"1813",5782,1,14260210,290.32,316.96,0,0,0,-38.72695846,-72.60110404,0,708533.970616277,5710790.41785589,10
"1814",5782,1,17738156,277.4,300.36,0,0,0,-38.72695788,-72.60216536,0,708441.700849682,5710792.90002228,10
"1815",5782,1,7274276,246.15,248.84,0,0,0,-38.7265561,-72.60216738,0,708442.693423284,5710837.49705526,10
"1816",5782,1,24881048,288.04,308.21,0,0,0,-38.72899914,-72.5999818,0,708625.599545858,5710561.37066214,10
"1817",5782,1,17241547,226.99,215.21,0,0,0,-38.727236,-72.60126821,0,708518.89036146,5710759.98853177,10
"1818",5782,1,4508698,292.82,257,0,0,0,-38.72705959,-72.59988887,0,708639.323528484,5710776.42412164,10
"1819",5808,0,6457535,286.79,374.08,0,1,0,-38.73702332,-72.62189826,1,706697.092076237,5709720.52617942,4
"1820",5808,0,15203133,319.89,347.67,0,1,0,-38.73623214,-72.59701588,1,708862.372004812,5709751.83338652,4
"1821",5808,0,15521475,301.36,285.84,0,1,0,-38.74117766,-72.62559156,1,706364.077856066,5709267.78525526,4
"1822",5808,0,18702491,284.67,283.04,0,1,0,-38.72758358,-72.62391919,1,706548.617564937,5710772.77690991,4
"1823",5808,0,19713298,300.96,320.69,1,0,0,-38.74338412,-72.58858675,1,709574.190346244,5708938.77741389,4
"1824",5808,1,18703466,279.19,370.88,0,0,0,-38.7335124,-72.62181027,0,706714.867138466,5710109.99379467,4
"1825",5808,1,23219268,229.14,309.66,0,0,0,-38.73542332,-72.59317711,0,709198.433815157,5709832.83267255,4
"1826",5808,1,10820286,264.45,283.37,0,0,0,-38.74657156,-72.58973636,0,709464.946213407,5708587.64370241,14
"1827",5808,1,3187407,246.3,319.59,0,0,0,-38.74449411,-72.60476531,0,708164.718510942,5708852.51992921,14
"1828",5808,1,5011189,290.93,248.7,0,0,0,-38.7496942,-72.60746975,0,707914.558803721,5708281.52568311,14
"1829",5808,1,24211976,322.95,304.1,0,0,0,-38.73509844,-72.62395842,0,706523.553853583,5709938.81462205,4
"1830",5808,1,13507887,286.39,239.23,0,0,0,-38.73687308,-72.59688102,0,708872.227183325,5709680.38925159,4
"1831",5808,1,20940525,262.21,227.96,0,0,0,-38.73640226,-72.58719629,0,709715.482730833,5709710.4915234,4
"1832",5808,1,1830887,264.78,233.92,0,0,0,-38.73990026,-72.62823989,0,706137.552740314,5709415.53010888,4
"1833",5808,1,365276,306.95,301.65,0,0,0,-38.73398974,-72.61282227,0,707494.830913288,5710036.67268566,4
"1834",5808,1,4942122,274.29,239.16,0,0,0,-38.7449732,-72.5954603,0,708972.103208573,5708778.13276793,14
"1835",5808,1,6079024,314.09,307.05,0,0,0,-38.75417094,-72.63558215,0,705458.401419139,5707848.18790336,13
"1836",5808,1,23186105,294.76,283.15,0,0,0,-38.75306886,-72.62042121,0,706779.172799032,5707936.33968129,13
"1837",5808,1,18823081,271.02,272.41,0,0,0,-38.75304482,-72.61298761,0,707425.28431554,5707922.17648067,13
"1838",5808,1,18389557,293.02,358.01,0,0,0,-38.75423064,-72.62711449,0,706194.126844761,5707822.50710828,13
"1839",5808,1,14466198,346.99,329.84,0,0,0,-38.73545979,-72.5866416,0,709766.459981366,5709813.82251543,12
"1840",5808,1,13670927,284,261.19,0,0,0,-38.71645096,-72.56021214,0,712120.218648086,5711862.65087638,12
"1841",5808,1,24381886,237.71,278.46,0,0,0,-38.71927911,-72.55968168,0,712157.976794797,5711547.53132268,12
"1842",5808,1,1074827,255.27,280.51,0,0,0,-38.72587962,-72.61322889,0,707482.956009487,5710937.7128778,3
"1843",5808,1,21610154,235.09,258.9,0,0,0,-38.71752575,-72.62505184,0,706479.107270382,5711891.61812265,3
"1844",5808,1,3701304,319.91,312.45,0,0,0,-38.72000361,-72.60754719,0,707993.976265588,5711576.97772613,3
"1845",5808,1,9383559,260.64,229.2,0,0,0,-38.70904125,-72.6357368,0,705574.351753739,5712857.32939921,3
"1846",5808,1,23900009,351.1,330.59,0,0,0,-38.72251142,-72.61321831,0,707493.623287779,5711311.51514256,3
"1847",5808,1,24311540,276.6,326.56,0,0,0,-38.72428597,-72.60741323,0,707993.201293767,5711101.38692942,3
"1848",5808,1,8769001,307.75,319.23,0,0,0,-38.69769455,-72.55239642,0,712855.469070305,5713926.24249422,9
"1849",5808,1,19603133,331.57,314.7,0,0,0,-38.6976894,-72.55297299,0,712805.336304197,5713928.15410959,9
"1850",5808,1,6095601,295.77,335.37,0,0,0,-38.68880262,-72.51907857,0,715780.078367629,5714835.16908711,9
"1851",5808,1,22900238,320.15,342.07,0,0,0,-38.70003711,-72.55166111,0,712912.473222743,5713664.53782063,9
"1852",5808,1,19208413,292.39,302.21,0,0,0,-38.72929908,-72.55771329,0,712299.455829155,5710430.87111139,11
"1853",5808,1,13131849,338.56,313.77,0,0,0,-38.69928392,-72.53409166,0,714442.805783968,5713707.13433966,11
"1854",5808,1,16899994,256.78,311.2,0,0,0,-38.71535186,-72.55000294,0,713011.210793716,5711960.93018374,11
"1855",5808,1,14671329,303.17,213.25,0,0,0,-38.72438924,-72.56020045,0,712097.752889589,5710981.57123318,11
"1856",5808,1,2044324,256.01,267.99,0,0,0,-38.74129219,-72.57702078,0,710585.659594474,5709144.39724653,11
"1857",5808,1,612776,268.52,310.73,0,0,0,-38.74193381,-72.57835827,0,710467.515981195,5709076.26297454,11
"1858",5808,1,24027578,324.16,344.13,0,0,0,-38.74943481,-72.61314074,0,707422.429783665,5708323.18927846,13
"1859",5808,1,21931941,264,323.71,0,0,0,-38.74821359,-72.63033727,0,705931.34369588,5708497.58219719,13
"1860",5808,1,5088481,307.34,345.74,0,0,0,-38.74710358,-72.62291184,0,706579.919246272,5708604.0369244,13
"1861",5808,1,8754120,349.5,323.74,0,0,0,-38.75106006,-72.62961991,0,705985.506932539,5708180.04570593,13
"1862",5808,1,6684368,279.42,327.37,0,0,0,-38.75349126,-72.62308433,0,706546.507500671,5707895.47578152,13
"1863",5808,1,4826846,257.19,338.63,0,0,0,-38.74478813,-72.61135694,0,707590.929448246,5708834.86558355,13
"1864",5808,1,19325445,236.18,283.34,0,0,0,-38.75212527,-72.6281488,0,706110.296816059,5708058.50729247,13
"1865",5808,1,9198100,251.07,214.2,0,0,0,-38.75321781,-72.62143556,0,706690.587533785,5707922.10076764,13
"1866",5808,1,22881717,227.61,172.99,0,0,0,-38.75165966,-72.61778769,0,707012.120445608,5708086.78613903,13
"1867",5808,1,4157501,296.02,327,0,0,0,-38.750885,-72.62224653,0,706626.837262948,5708182.8451475,13
"1868",5808,1,13599098,283.91,358.45,0,0,0,-38.74924019,-72.612775,0,707454.780914305,5708343.96023971,13
"1869",5810,0,2022511,340.03,356.44,0,1,0,-38.73562219,-72.62207254,1,706685.983127584,5709876.42705998,4
"1870",5810,0,2706660,296.11,348.81,1,0,0,-38.74623492,-72.62577393,1,706333.661143184,5708706.90627834,4
"1871",5810,0,2967761,330.57,336.27,0,1,0,-38.73520373,-72.59354935,1,709166.715837288,5709858.05539769,4
"1872",5810,0,3473679,283.72,316.13,0,1,0,-38.7436569,-72.61368279,1,707392.044664958,5708965.69286762,4
"1873",5810,0,4400864,301.52,278.02,1,0,0,-38.74254423,-72.61336775,1,707422.649041936,5709088.4708252,4
"1874",5810,0,19327965,309.46,292.44,0,1,0,-38.74564986,-72.62219861,1,706646.103190874,5708763.77028611,4
"1875",5810,0,23177493,285.13,306.72,0,1,0,-38.73117537,-72.62034722,1,706848.79731299,5710366.06755484,4
"1876",5810,1,15939152,372.35,374.08,0,0,0,-38.74683503,-72.6340154,0,705615.619280416,5708658.8580249,4
"1877",5810,1,14183446,243.22,165.26,0,0,0,-38.72758588,-72.62115864,0,706788.611012526,5710766.28769681,4
"1878",5810,1,3806768,285.01,298.86,0,0,0,-38.73722016,-72.62473074,0,706450.303904871,5709705.07426545,4
"1879",5810,1,3504709,238.57,340.12,0,0,0,-38.73932239,-72.62260988,0,706628.603313016,5709466.9665922,4
"1880",5810,1,17439234,331,350.48,0,0,0,-38.74286873,-72.59114194,0,709353.597947207,5709001.82967432,4
"1881",5810,1,7123863,278.72,346.51,0,0,0,-38.7311488,-72.61934214,0,706936.250550514,5710366.74414164,4
"1882",5810,1,19738485,295.11,325.35,0,0,0,-38.72985159,-72.61958223,0,706919.122907724,5710511.26040325,4
"1883",5810,1,19991980,305.61,329.12,0,0,0,-38.74221661,-72.62038663,0,706813.505685182,5709140.72228839,4
"1884",5810,1,21623374,290.16,280.44,0,0,0,-38.74926163,-72.6291477,0,706031.719731179,5708378.58472565,13
"1885",5810,1,12008852,272.39,270.31,0,0,0,-38.74992654,-72.61404979,0,707341.998352176,5708270.67439898,13
"1886",5810,1,10084685,326.06,341.51,0,0,0,-38.73259071,-72.64376577,0,704808.867788489,5710261.6576705,5
"1887",5810,1,24163828,271.81,325.34,0,0,0,-38.71923957,-72.61619628,0,707244.158298884,5711681.39430334,3
"1888",5810,1,10172855,263.48,301.93,0,0,0,-38.7159496,-72.61463284,0,707389.612574682,5712042.996655,3
"1889",5810,1,19605965,273.67,239.58,0,0,0,-38.71617985,-72.63240263,0,705843.809128336,5712057.55001578,3
"1890",5810,1,24458518,278.62,315.48,0,0,0,-38.71314342,-72.6284337,0,706197.648742296,5712385.62066056,3
"1891",5810,1,2678076,277.39,335.18,0,0,0,-38.71014471,-72.62163218,0,706797.731785057,5712703.09580631,3
"1892",5810,1,11080972,269.61,336.54,0,0,0,-38.71329564,-72.62139198,0,706809.53476894,5712352.84217877,3
"1893",5810,1,4710351,309.83,277,0,0,0,-38.71689653,-72.61833032,0,707065.369945081,5711946.27027115,3
"1894",5810,1,12133780,264.8,261.06,0,0,0,-38.71775871,-72.62135044,0,706800.277516076,5711857.40705295,3
"1895",5810,1,8075573,331.82,299.24,0,0,0,-38.71844608,-72.61116484,0,707683.937436131,5711758.05751932,3
"1896",5810,1,11416013,307.79,345.75,0,0,0,-38.72540764,-72.62404406,0,706544.030261016,5711014.55933385,3
"1897",5810,1,7039239,293.73,264.22,0,0,0,-38.70827737,-72.64578005,0,704703.15546595,5712964.61207907,3
"1898",5810,1,3744134,273.71,328.85,0,0,0,-38.72221534,-72.61984852,0,706918.010994879,5711359.38590798,3
"1899",5810,1,12632872,306.7,382.99,0,0,0,-38.719845,-72.6189167,0,707005.871613569,5711620.35539297,3
"1900",5810,1,22852728,299.95,293.22,0,0,0,-38.7189931,-72.61591802,0,707269.065239594,5711708.11917731,3
"1901",5810,1,16792181,319.41,349.77,0,0,0,-38.75010387,-72.64789621,0,704399.833292062,5708327.16763704,8
"1902",5810,1,20486948,286.65,306.53,0,0,0,-38.74073774,-72.59134159,0,709342.470166302,5709238.80002794,4
"1903",5810,1,8571517,307.07,374.08,0,0,0,-38.73087342,-72.62299014,0,706619.905767888,5710405.55070868,4
"1904",5810,1,3486948,326.03,330.34,0,0,0,-38.72859971,-72.5967696,0,708906.025313456,5710598.37453487,10
"1905",5810,1,14868594,286.79,331.87,0,0,0,-38.72715087,-72.60069865,0,708568.655551259,5710768.13900313,10
"1906",5810,1,11512877,266.39,257.83,0,0,0,-38.73183536,-72.60285879,0,708367.235651685,5710253.14121652,10
"1907",5810,1,12118817,276.53,291.87,0,0,0,-38.72632627,-72.60186128,0,708469.974311116,5710862.30802682,10
"1908",5810,1,19918893,281.19,323.82,0,0,0,-38.7289115,-72.60062474,0,708569.958740423,5710572.56310443,10
"1909",5810,1,6676233,303.6,308.11,0,0,0,-38.72614106,-72.59945801,0,708679.456253729,5710877.3868779,10
"1910",5810,1,21510537,318.15,315.91,0,0,0,-38.74111727,-72.59499378,0,709023.901309109,5709205.02729883,4
"1911",5810,1,17079062,277.97,368.75,0,0,0,-38.73944454,-72.58959918,0,709497.707757896,5709378.34089891,4
"1912",5810,1,3122020,199.18,225.98,0,0,0,-38.73586898,-72.59619559,0,708934.737813974,5709790.26682213,4
"1913",5810,1,18026574,290.82,280.24,0,0,0,-38.74330316,-72.61237187,0,707507.014119797,5709001.98091832,4
"1914",5810,1,2226695,287.33,251.31,0,0,0,-38.73234944,-72.60336238,0,708321.962252987,5710197.23145613,4
"1915",5810,1,8317723,374.17,382.99,0,0,0,-38.74555134,-72.62566159,0,706345.394205496,5708782.52143661,4
"1916",5810,1,6606924,276.76,299.11,0,0,0,-38.73168607,-72.62597381,0,706358.180254214,5710322.08971041,4
"1917",5810,1,13800485,281.28,306.61,0,0,0,-38.73220996,-72.61543731,0,707272.648221846,5710240.13178635,4
"1918",5810,1,20365625,289.53,234.38,0,0,0,-38.73672064,-72.61700299,0,707123.501943009,5709743.04993279,4
"1919",5810,1,17187494,338.99,287.15,0,0,0,-38.7309418,-72.62346113,0,706578.763080366,5710399.02474706,4
"1920",5810,1,8899540,271.7,291.74,0,0,0,-38.71116947,-72.65438046,0,703947.02166921,5712662.82290848,6
"1921",5810,1,1529320,248.45,308.01,0,0,0,-38.70775825,-72.66251238,0,703249.545393917,5713059.50369735,6
"1922",5810,1,24401023,289.65,342.21,0,0,0,-38.71020379,-72.66264009,0,703231.511160741,5712788.36686342,6
"1923",5810,1,1192267,279.65,296.76,0,0,0,-38.71126556,-72.65697473,0,703721.154420195,5712657.93418954,6
"1924",5810,1,15001958,330.58,293.55,0,0,0,-38.73310684,-72.64254533,0,704913.488572662,5710201.64197133,5
"1925",5810,1,18123159,305.49,275.74,0,0,0,-38.72310586,-72.63571302,0,705536.108640748,5711296.29518844,5
"1926",5810,1,3974439,315.54,331.86,0,0,0,-38.73152663,-72.64395622,0,704795.351637883,5710380.18245637,5
"1927",5810,1,8364345,261.18,327.32,0,0,0,-38.73269777,-72.64272703,0,704898.862381196,5710247.45011107,5
"1928",5810,1,24836163,311.7,361.47,0,0,0,-38.71839973,-72.62522756,0,706461.311995349,5711795.01436721,3
"1929",5810,1,128115,308.58,343.89,0,0,0,-38.75692889,-72.61563791,0,707183.714450251,5707497.10057813,2
"1930",5810,1,4471336,358.91,367.65,0,0,0,-38.75439254,-72.61514499,0,707233.890227169,5707777.4867724,2
"1931",5810,1,15444557,311.57,304.8,0,0,0,-38.75748175,-72.62956861,0,705971.496673255,5707467.20518628,2
"1932",5810,1,5221571,316.65,324.91,0,0,0,-38.75774365,-72.62074527,0,706737.514149485,5707418.22985983,2
"1933",5810,1,23712486,352.96,325.97,0,0,0,-38.75711772,-72.61660962,0,707098.723208404,5707478.34359793,2
"1934",5810,1,17303248,342.24,374.08,0,0,0,-38.75417877,-72.6145017,0,707290.415196537,5707799.75483024,2
"1935",5810,1,4455097,352.61,369.22,0,0,0,-38.75739822,-72.61875764,0,706911.242480788,5707452.07338982,2
"1936",5810,1,3743873,303.72,337.57,0,0,0,-38.75098756,-72.61147756,0,707562.482012288,5708147.08094414,13
"1937",5810,1,24369083,380.6,374.08,0,0,0,-38.71776817,-72.64892856,0,704402.305892505,5711918.29940499,3
"1938",5812,0,20484454,320.99,282.96,1,0,0,-38.74177304,-72.62742958,1,706202.598888017,5709205.84998788,4
"1939",5812,1,15517373,285.19,312.05,0,0,0,-38.73634801,-72.58736094,0,709701.328613399,5709716.88996658,4
"1940",5812,1,17660194,295.54,286.35,0,0,0,-38.73584016,-72.62637629,0,706311.233077215,5709861.94778877,4
"1941",5812,1,11419111,345.2,328.24,0,0,0,-38.7431501,-72.61572093,0,707216.35565669,5709026.5595376,4
"1942",5812,1,8257964,358.91,364.9,0,0,0,-38.74754269,-72.63308893,0,705694.112173327,5708578.23420596,4
"1943",5812,1,12425143,264.93,319.6,0,0,0,-38.73433753,-72.62175357,0,706717.416336476,5710018.28704096,4
"1944",5812,1,3249591,262.57,309.02,0,0,0,-38.7327758,-72.61218544,0,707553.706878852,5710169.96012626,4
"1945",5812,1,16471830,359.4,364.9,0,0,0,-38.73500681,-72.62406766,0,706514.321640896,5709949.23090432,4
"1946",5812,1,532905,323.93,326.4,0,0,0,-38.73412326,-72.62234938,0,706666.239808032,5710043.41403463,4
"1947",5812,1,7469897,359.78,367.65,0,0,0,-38.74552888,-72.59577329,0,708943.277959473,5708717.17409794,14
"1948",5812,1,6138944,283.48,342.58,0,0,0,-38.7452329,-72.6062497,0,708033.551681836,5708773.90012979,14
"1949",5812,1,24084704,341.4,342.87,0,0,0,-38.75163808,-72.60373751,0,708233.286324642,5708057.28940452,14
"1950",5812,1,2415479,376.61,335.69,0,0,0,-38.74462276,-72.60583162,0,708071.662364559,5708840.66717591,14
"1951",5812,1,9397100,269.78,317.93,0,0,0,-38.75046689,-72.60696079,0,707956.550552838,5708194.6098107,14
"1952",5812,1,9977238,323.63,302.33,0,0,0,-38.75651883,-72.60863989,0,707793.058246234,5707526.73616769,14
"1953",5812,1,5390586,304.65,305.4,0,0,0,-38.76129435,-72.64869894,0,704298.142129592,5707086.96514873,1
"1954",5812,1,15561101,313.68,323.44,0,0,0,-38.75591467,-72.648833,0,704301.840075479,5707684.33847349,1
"1955",5812,1,3738476,341.79,349.77,0,0,0,-38.75453087,-72.65746344,0,703555.749917563,5707857.16424087,1
"1956",5812,1,20892954,293.76,321.7,0,0,0,-38.75907661,-72.64062442,0,705006.150772739,5707315.03665508,1
"1957",5812,1,5098140,288.34,311.49,0,0,0,-38.75983425,-72.64763656,0,704394.628508614,5707246.64334141,1
"1958",5812,1,6934933,319.22,334.89,0,0,0,-38.76054251,-72.64901745,0,704272.609110536,5707171.12102258,1
"1959",5812,1,3968826,281.73,270.41,0,0,0,-38.75574545,-72.64498743,0,704636.52084727,5707694.5227747,1
"1960",5812,1,6562313,332.1,368.75,0,0,0,-38.75598495,-72.65022218,0,704180.913794832,5707679.64041987,1
"1961",5812,1,5609830,303.96,374.08,0,0,0,-38.75215062,-72.64170172,0,704932.350246459,5708086.14543757,1
"1962",5812,1,263733,290.59,300.13,0,0,0,-38.71719443,-72.55275734,0,712766.235060105,5711762.8331017,11
"1963",5812,1,7746922,225,309.9,0,0,0,-38.71956679,-72.62650349,0,706347.011243212,5711668.36339808,3
"1964",5812,1,22512658,248.6,319.34,0,0,0,-38.74239139,-72.65053303,0,704192.644051,5709189.03857993,8
"1965",5812,1,7038066,351.41,331.35,0,0,0,-38.75360911,-72.66244827,0,703125.152516508,5707970.54897905,8
"1966",5812,1,19230198,301.89,358.45,0,0,0,-38.75473284,-72.66374408,0,703009.352305103,5707848.70688997,8
"1967",5812,1,22855414,324.48,341.01,0,0,0,-38.74851626,-72.65155245,0,704086.587056874,5708511.53468512,8
"1968",5812,1,10205557,266.14,313.63,0,0,0,-38.72897907,-72.58502124,0,709926.298352211,5710529.38598576,12
"1969",5812,1,22616265,317.12,374.08,0,0,0,-38.72381578,-72.57207131,0,711067.342329102,5711072.66160472,12
"1970",5812,1,23553169,308.51,273.99,0,0,0,-38.71553736,-72.55597457,0,712491.397763017,5711954.22103016,12
"1971",5812,1,9299223,257.09,273.95,0,0,0,-38.71687943,-72.55972844,0,712161.010514816,5711813.97493923,12
"1972",5812,1,12643914,263.31,281.3,0,0,0,-38.72284397,-72.56312726,0,711847.850343323,5711159.85613945,12
"1973",5812,1,19183206,322.9,329.7,0,0,0,-38.71438517,-72.55678261,0,712424.547492179,5712083.97550343,12
"1974",5812,1,23315875,264.29,352.29,0,0,0,-38.71461943,-72.56120373,0,712039.411360328,5712068.22562584,12
"1975",5812,1,3771054,297.46,304.28,0,0,0,-38.72775805,-72.57592178,0,710720.977485164,5710643.99114243,12
"1976",5812,1,11579234,312.77,305.38,0,0,0,-38.69859125,-72.53675466,0,714213.259594196,5713790.24533801,12
"1977",5812,1,11360360,278.55,279.83,0,0,0,-38.71703692,-72.56441621,0,711752.929489806,5711807.35028486,12
"1978",5812,1,495787,289.52,322.72,0,0,0,-38.73195007,-72.58294367,0,710098.209889818,5710194.87398229,12
"1979",5812,1,1610724,346.87,382.99,0,0,0,-38.72315478,-72.56357172,0,711808.288221714,5711126.38869566,12
"1980",5812,1,8510693,340.02,336.97,0,0,0,-38.72639869,-72.56980817,0,711256.498795991,5710780.76863912,12
"1981",5812,1,25578132,274.48,311.57,0,0,0,-38.69892571,-72.53564212,0,714309.02460819,5713750.52114444,12
"1982",5812,1,7017612,307.19,345.98,0,0,0,-38.72119268,-72.55959658,0,712159.714339303,5711334.95105092,12
"1983",5812,1,556454,276.2,259.06,0,0,0,-38.71886461,-72.56554155,0,711649.683635181,5711607.10184638,12
"1984",5812,1,10123896,338.86,285.49,0,0,0,-38.72218729,-72.56228491,0,711923.030106936,5711230.78953862,12
"1985",5812,1,9338503,265.27,275.98,0,0,0,-38.75507154,-72.63893824,0,705164.15473053,5707755.76639381,13
"1986",5812,1,15750968,312.09,311.98,0,0,0,-38.75038388,-72.63201481,0,705779.307280579,5708260.48326955,13
"1987",5812,1,13660002,274.82,287.24,0,0,0,-38.75440173,-72.62573634,0,706313.404603005,5707800.4105856,13
"1988",5812,1,13783540,321.5,295.38,0,0,0,-38.75308184,-72.61440475,0,707302.015770516,5707921.28050627,13
"1989",5812,1,14838360,376.61,337.53,0,0,0,-38.74840186,-72.63107635,0,705866.566207302,5708478.35020468,13
"1990",5812,1,13894086,311.75,323.41,0,0,0,-38.7536204,-72.62204826,0,706636.177436621,5707878.80276312,13
"1991",5812,1,18185775,284.82,288.3,0,0,0,-38.75173495,-72.61763669,0,707025.026249276,5708078.08815537,13
"1992",5812,1,422892,259.72,178.28,0,0,0,-38.75098061,-72.61813899,0,706983.551198963,5708162.94705217,13
"1993",5812,1,1496906,298.64,369.22,0,0,0,-38.75483429,-72.63750139,0,705289.705124118,5707778.87407579,13
"1994",5812,1,3372429,292.61,287.68,0,0,0,-38.75253956,-72.61222315,0,707493.186066053,5707976.52009392,13
"1995",5812,1,7343712,263.16,299.16,0,0,0,-38.75340936,-72.61413099,0,707324.859734855,5707884.30942659,13
"1996",5812,1,15831074,354.08,332.17,0,0,0,-38.75197096,-72.61272489,0,707451.227177894,5708040.76559754,13
"1997",5812,1,13207954,346.65,336.97,0,0,0,-38.74797218,-72.62495506,0,706399.829172091,5708512.24555893,13
"1998",5812,1,19824874,337.89,342.95,0,0,0,-38.75410289,-72.62606326,0,706285.853832761,5707834.31536773,13
"1999",5812,1,12244495,248.95,208.86,0,0,0,-38.74529763,-72.61072942,0,707643.995850477,5708776.89340746,13
"2000",5812,1,8001650,272.92,337.49,0,0,0,-38.74581798,-72.61169165,0,707558.853330165,5708721.32476103,13
"2001",5812,1,20504602,293.67,276.69,0,0,0,-38.75093756,-72.62955609,0,705991.405854295,5708193.49790586,13
"2002",5813,0,834439,308.49,349.95,0,1,0,-38.74510484,-72.62868973,1,706083.4806968,5708838.90295701,4
"2003",5813,0,1197909,298.98,311.58,0,1,0,-38.73007699,-72.61009099,1,707743.605602106,5710464.74062979,4
"2004",5813,0,3221148,376.61,358.01,1,0,0,-38.74068169,-72.59700535,1,708850.318889062,5709257.96508399,4
"2005",5813,0,3793636,215.92,182.73,1,0,0,-38.7299952,-72.61626702,1,707206.920658635,5710487.8203864,4
"2006",5813,0,5670541,295.07,248.23,1,0,0,-38.74271162,-72.58862319,1,709572.990049959,5709013.50010782,4
"2007",5813,0,7119902,347.54,339.1,1,0,0,-38.73668556,-72.62826842,1,706144.320110874,5709772.38400277,4
"2008",5813,0,8160013,340.62,304.11,0,1,0,-38.73596387,-72.62466524,1,706459.616828683,5709844.3582645,4
"2009",5813,0,8504369,273.39,214.78,0,1,0,-38.74201256,-72.59861653,1,708706.39268695,5709113.93186085,4
"2010",5813,0,9546179,303.22,269,1,0,0,-38.74594949,-72.62577416,1,706334.463217637,5708738.58583808,4
"2011",5813,0,10716574,303.4,335.58,0,1,0,-38.73597533,-72.62306453,1,706598.731960139,5709839.47337369,4
"2012",5813,0,11238824,212.82,307.42,0,1,0,-38.74648321,-72.62962305,1,705998.395162014,5708688.02385891,4
"2013",5813,0,13096536,367.78,382.99,0,1,0,-38.73450216,-72.62534571,1,706404.673864423,5710008.12410129,4
"2014",5813,0,15540716,318.32,323.08,0,1,0,-38.74711521,-72.62787724,1,706148.315672715,5708613.94734852,4
"2015",5813,0,17750014,308.64,253.2,0,1,0,-38.73822434,-72.62128784,1,706746.689574011,5709585.84943129,4
"2016",5813,0,19107852,259.45,192.35,0,1,0,-38.7355344,-72.62225299,1,706670.549865723,5709886.57819303,4
"2017",5813,0,20693513,262.61,257.61,0,1,0,-38.74095646,-72.60992861,1,707726.186291036,5709256.89021591,4
"2018",5813,0,22134210,341.3,267.86,0,1,0,-38.73928394,-72.60689831,1,707994.44433538,5709435.63418118,4
"2019",5813,0,22316145,304.56,315.2,0,1,0,-38.73766798,-72.62498034,1,706427.316851899,5709655.9352333,4
"2020",5813,0,24011354,319.48,343.38,1,0,0,-38.7312965,-72.62031241,1,706851.473960843,5710352.54502296,4
"2021",5813,1,11090752,289.16,312.43,0,0,0,-38.73325025,-72.625727,0,706375.132752335,5710147.92968861,4
"2022",5813,1,14571027,380.6,329.73,0,0,0,-38.71591108,-72.55621435,0,712469.440547471,5711913.29923697,12
"2023",5813,1,10704512,336.8,374.08,0,0,0,-38.72778044,-72.58115271,0,710266.136709274,5710653.53773524,12
"2024",5813,1,3323524,323.09,278.23,0,0,0,-38.73247187,-72.58991284,0,709490.823999933,5710152.93862261,12
"2025",5813,1,20930541,353.9,338.04,0,0,0,-38.71410859,-72.55491706,0,712587.588423269,5712110.34177303,12
"2026",5813,1,22981101,340.03,304.59,0,0,0,-38.71864739,-72.56176036,0,711979.10264009,5711622.46059418,12
"2027",5813,1,22822339,328.11,312.08,0,0,0,-38.7325194,-72.58926668,0,709546.85815208,5710146.18390098,12
"2028",5813,1,8234160,380.6,287.43,0,0,0,-38.72784159,-72.56799786,0,711409.634498604,5710616.44391323,12
"2029",5813,1,19076552,242.88,285.86,0,0,0,-38.73567826,-72.58217196,0,710154.365995165,5709779.31881065,12
"2030",5813,1,5782843,364.14,347.81,0,0,0,-38.72395319,-72.56907202,0,711327.70915619,5711050.48962897,12
"2031",5813,1,19679536,273.69,306.92,0,0,0,-38.7228921,-72.57458637,0,710851.388102891,5711180.9758024,9
"2032",5813,1,16757688,345.95,326.07,0,0,0,-38.72116624,-72.57054915,0,711207.490462007,5711363.21645678,9
"2033",5813,1,18760229,294.64,297.33,0,0,0,-38.73922496,-72.58230873,0,710132.076424371,5709385.99282355,4
"2034",5813,1,8521624,314.76,347.95,0,0,0,-38.73548913,-72.61577566,0,707233.752593403,5709876.95268355,4
"2035",5813,1,6668609,372.35,278.18,0,0,0,-38.73432374,-72.62622206,0,706329.005714067,5710029.90277788,4
"2036",5813,1,23558007,311.51,324.82,0,0,0,-38.73920472,-72.62819346,0,706143.589520156,5709492.62134951,4
"2037",5813,1,11385997,336.68,325.49,0,0,0,-38.74520458,-72.61918315,0,706909.48484958,5708806.37481086,4
"2038",5813,1,1503678,317.79,284.56,0,0,0,-38.7323145,-72.62130826,0,706761.963458486,5710241.81088569,4
"2039",5813,1,21244467,323.52,361.47,0,0,0,-38.71899536,-72.62762408,0,706251.220698712,5711734.31004533,3
"2040",5813,1,23505902,309.52,278.72,0,0,0,-38.72342819,-72.6264764,0,706338.254775233,5711239.73838067,3
"2041",5813,1,13764138,359.78,367.65,0,0,0,-38.71764903,-72.61141837,0,707664.200943956,5711847.09481684,3
"2042",5813,1,17321091,338.59,262.28,0,0,0,-38.71115271,-72.62293144,0,706681.843249464,5712594.1552871,3
"2043",5813,1,9328273,338.8,345.15,0,0,0,-38.71481854,-72.62622601,0,706384.801974777,5712194.7300139,3
"2044",5813,1,8237444,311.94,326.58,0,0,0,-38.71420932,-72.64911899,0,704395.890053921,5712313.70781637,3
"2045",5813,1,18922762,306.94,319.74,0,0,0,-38.72056144,-72.61977945,0,706928.789190359,5711542.79081428,3
"2046",5813,1,19021989,293.97,314.76,0,0,0,-38.72999026,-72.63141981,0,705889.607655522,5710522.56891032,7
"2047",5813,1,15880223,255.36,367.65,0,0,0,-38.73000233,-72.63799086,0,705318.311384269,5710535.99243667,7
"2048",5813,1,19657361,242.88,226.95,0,0,0,-38.74509549,-72.63930315,0,705161.012493142,5708863.79574779,7
"2049",5813,1,15159677,299.27,261.67,0,0,0,-38.74688176,-72.65133642,0,704110.019877233,5708692.46039073,8
"2050",5813,1,13821301,274.02,248.17,0,0,0,-38.73325666,-72.64221919,0,704941.412274172,5710184.28358879,7
"2051",5813,1,21246859,358.36,303.12,0,0,0,-38.72694709,-72.62883089,0,706123.428457891,5710854.49265033,7
"2052",5813,1,6074489,333.26,347.3,0,0,0,-38.72737272,-72.59914226,0,708703.322338975,5710739.96832522,10
"2053",5813,1,1666804,276.67,229,0,0,0,-38.72642719,-72.6018927,0,708466.94916311,5710851.17877029,10
"2054",5813,1,4523500,319.2,283.14,0,0,0,-38.73160832,-72.57683083,0,710630.630958819,5710218.75135109,12
"2055",5813,1,7741261,322.54,358.45,0,0,0,-38.71489478,-72.55748318,0,712362.119639587,5712029.04048131,12
"2056",5813,1,14898850,318.43,291.8,0,0,0,-38.69392057,-72.5281936,0,714971.85423822,5714288.57317043,9
"2057",5813,1,530572,294.53,296.53,0,0,0,-38.71968216,-72.56875539,0,711367.828514819,5711523.79030415,9
"2058",5813,1,8481059,279.91,278.31,0,0,0,-38.69095956,-72.52509008,0,715250.682686279,5714609.92020397,9
"2059",5813,1,3505881,349.91,309.03,0,0,0,-38.69261483,-72.5287047,0,714931.308161492,5714434.694247,9
"2060",5813,1,18486011,286.11,270.57,0,0,0,-38.69780106,-72.55296389,0,712805.796671919,5713915.7400849,9
"2061",5813,1,13093151,345.77,340.68,0,0,0,-38.69207968,-72.52907832,0,714900.411840967,5714494.96622621,9
"2062",5813,1,858149,280.18,302.81,0,0,0,-38.72284562,-72.5753484,0,710785.269602292,5711187.88976466,9
"2063",5813,1,20129322,295.91,323.05,0,0,0,-38.69301389,-72.51647972,0,715993.473812507,5714361.6419328,9
"2064",5813,1,8354277,273.49,273.39,0,0,0,-38.72155514,-72.57366049,0,710935.822460582,5711327.22840519,9
"2065",5813,1,10538763,267.49,289.29,0,0,0,-38.69982894,-72.55336775,0,712764.657743714,5713691.6089374,9
"2066",5813,1,12838743,336.59,335.97,0,0,0,-38.690647,-72.52014921,0,715681.403943275,5714632.98668541,9
"2067",5813,1,7362326,311.01,311.25,0,0,0,-38.70013719,-72.55168733,0,712909.895824008,5713653.49113907,9
"2068",5813,1,9072777,307.37,344.82,0,0,0,-38.72287084,-72.57742743,0,710604.432963432,5711189.87668028,12
"2069",5813,1,17588714,304.54,299.92,0,0,0,-38.73135842,-72.57507686,0,710783.847210822,5710242.44846938,12
"2070",5813,1,9437024,292.49,325.86,0,0,0,-38.72728414,-72.57538326,0,710769.189588238,5710695.34919089,12
"2071",5813,1,23544218,329.24,302.08,0,0,0,-38.70904719,-72.66061249,0,703411.110380799,5712912.23036981,6
"2072",5813,1,13107307,296.17,312.65,0,0,0,-38.72042669,-72.63506601,0,705600.044516951,5711592.19383243,3
"2073",5813,1,2278381,286.1,223.61,0,0,0,-38.72279855,-72.60864298,0,707890.595345733,5711269.26520249,3
"2074",5813,1,5853304,323.98,368.75,0,0,0,-38.71205619,-72.65208925,0,704143.738811116,5712559.30283055,3
"2075",5813,1,482232,230.09,175.54,0,0,0,-38.71522136,-72.65373998,0,703991.193139832,5712211.69261415,6
"2076",5813,1,3470347,259.19,176.16,0,0,0,-38.70981893,-72.66579635,0,702958.13241462,5712838.08231675,6
"2077",5813,1,5655735,304.72,244.78,0,0,0,-38.71000431,-72.65578464,0,703828.226701232,5712795.26642773,6
"2078",5813,1,10458411,351.31,349.04,0,0,0,-38.70894425,-72.65796734,0,703641.428088706,5712917.7752429,6
"2079",5813,1,4484538,289.58,296.85,0,0,0,-38.70921128,-72.66008964,0,703456.112674917,5712892.85695665,6
"2080",5813,1,19912412,311.58,322.43,0,0,0,-38.70846182,-72.65729897,0,703700.920308614,5712969.83138633,6
"2081",5813,1,15932554,248,292.06,0,0,0,-38.70921731,-72.66176968,0,703309.997614565,5712895.91973005,6
"2082",5813,1,19689435,352.49,328.54,0,0,0,-38.71141967,-72.65972317,0,703481.716903848,5712646.94233909,6
"2083",5813,1,9893741,350.87,320.29,0,0,0,-38.70847571,-72.65680623,0,703743.730501372,5712967.19341512,6
"2084",5813,1,7784747,283.48,321.59,0,0,0,-38.71564262,-72.65641994,0,703756.963677233,5712170.90704605,6
"2085",5813,1,5104144,316.4,262.6,0,0,0,-38.71066866,-72.66016673,0,703445.275626696,5712731.27962619,6
"2086",5813,1,11391825,367.78,316.37,0,0,0,-38.71074592,-72.66043088,0,703422.086248388,5712723.29179913,6
"2087",5813,1,20471056,258.51,266.38,0,0,0,-38.71111096,-72.66060464,0,703405.941121181,5712683.16356282,6
"2088",5813,1,2545211,348.96,367.65,0,0,0,-38.71119768,-72.66667915,0,702877.464579353,5712687.01723823,6
"2089",5813,1,14886651,312.52,299.23,0,0,0,-38.74431895,-72.58052235,0,710272.40885792,5708816.51772853,11
"2090",5813,1,20085109,226.06,300.24,0,0,0,-38.70506855,-72.54176246,0,713758.405500265,5713083.04636735,11
"2091",5813,1,2528361,293.7,258.72,0,0,0,-38.74164534,-72.57998323,0,710327.117350766,5709112.01661619,11
"2092",5813,1,22492010,315.12,272.15,0,0,0,-38.74409509,-72.57889574,0,710414.450435312,5708837.62345799,11
"2093",5813,1,145967,314.65,291.75,0,0,0,-38.722594,-72.5542938,0,712616.624518203,5711167.11621801,11
"2094",5813,1,12918714,256.65,275.52,0,0,0,-38.7537314,-72.66226323,0,703140.886957449,5707956.56549599,8
"2095",5813,1,20129198,298.43,374.08,0,0,0,-38.75036409,-72.64801881,0,704388.43544636,5708298.56060604,8
"2096",5813,1,9516644,315.89,283.06,0,0,0,-38.7398253,-72.65269656,0,704011.894051755,5709478.6664505,8
"2097",5813,1,9589999,289.1,278.59,0,0,0,-38.75469262,-72.66406627,0,702981.466150977,5707853.88581912,8
"2098",5813,1,14490262,308.82,269.38,0,0,0,-38.75856341,-72.65717413,0,703569.429810709,5707408.96206485,1
"2099",5813,1,18624126,301.36,252.56,0,0,0,-38.76027127,-72.65396952,0,703843.052361937,5707212.27440582,1
"2100",5813,1,4669414,330.98,349.77,0,0,0,-38.75369283,-72.66315911,0,703063.138141399,5707962.83551469,8
"2101",5814,0,251346,247.38,248.78,1,0,1,-38.73535664,-72.61566982,1,707243.336355476,5709891.41765084,4
"2102",5814,0,324488,301.96,304.51,0,1,0,-38.73695865,-72.62333625,1,706572.277236187,5709730.95114378,4
"2103",5814,0,402791,259.2,253.54,1,0,1,-38.72753631,-72.61853744,1,707016.639347288,5710765.86334835,4
"2104",5814,0,1328277,291.33,319.58,0,1,0,-38.73721844,-72.62052699,1,706815.730435497,5709695.77179658,4
"2105",5814,0,2061233,273.02,240.24,1,0,1,-38.73180574,-72.62583256,1,706370.115165542,5710308.48938187,4
"2106",5814,0,2249411,176.56,192.97,0,1,0,-38.74727943,-72.63479167,1,705546.87417388,5708611.27992404,4
"2107",5814,0,2496262,296.93,325.04,1,0,1,-38.73757939,-72.61571392,1,707233.075205574,5709644.82095374,4
"2108",5814,0,4743181,224.62,298.1,1,0,1,-38.74001611,-72.60839174,1,707862.503721218,5709357.76659484,4
"2109",5814,0,5216599,282.22,330.22,0,1,0,-38.73786355,-72.58771296,1,709666.293734636,5709549.49052563,4
"2110",5814,0,5292183,310.78,354.42,0,1,0,-38.73800817,-72.60469263,1,708189.880022941,5709572.2119749,4
"2111",5814,0,6495180,146.33,228.23,1,0,1,-38.7290188,-72.62516026,1,706436.586904626,5710616.28667983,4
"2112",5814,0,7207750,326.79,318.59,1,0,1,-38.72604702,-72.6164561,1,707201.894037197,5710926.44496519,4
"2113",5814,0,7974939,183.23,205.45,0,1,0,-38.74345685,-72.60079899,1,708512.485656221,5708958.61022574,4
"2114",5814,0,8299519,300.22,337.04,1,0,1,-38.74308953,-72.62794814,1,706153.736822353,5709060.90535275,4
"2115",5814,0,11859927,242.92,174.5,1,0,1,-38.74724476,-72.62836654,1,706105.415238242,5708600.67149493,4
"2116",5814,0,12351136,248.38,356.66,0,1,0,-38.74180805,-72.60666954,1,708007.002849182,5709154.969875,4
"2117",5814,0,12643335,231.37,248.73,0,1,0,-38.73645225,-72.60782686,1,707921.945716756,5709752.02617428,4
"2118",5814,0,12811110,290.64,300.82,0,1,0,-38.73582018,-72.61517211,1,707285.261526872,5709838.8433125,4
"2119",5814,0,13072780,235.53,276.79,1,0,1,-38.7391285,-72.58237502,1,710126.596980639,5709396.850947,4
"2120",5814,0,13754212,320.21,294.79,0,1,0,-38.74275735,-72.59897907,1,708672.710838896,5709032.09646641,4
"2121",5814,0,14380668,222.23,252.64,0,1,0,-38.737339,-72.61956518,1,706898.990164384,5709680.21677082,4
"2122",5814,0,14530931,295.22,304.53,0,1,0,-38.73386978,-72.62098832,1,706785.28984413,5710068.47214845,4
"2123",5814,0,15170657,259.48,332.71,1,0,1,-38.74581936,-72.63280837,1,705723.445689513,5708768.8704795,4
"2124",5814,0,17289258,262.91,349.77,1,0,1,-38.73532376,-72.60828743,1,707885.182387209,5709878.32063342,4
"2125",5814,0,17947279,201.61,233.84,1,0,1,-38.74838223,-72.6353241,1,705497.434457846,5708490.07972031,4
"2126",5814,0,18056958,268.93,314.44,1,0,1,-38.7442356,-72.62773433,1,706169.023371181,5708933.22466755,4
"2127",5814,0,18488681,321.03,349.04,0,1,0,-38.74309813,-72.61075442,1,707648.197542872,5709021.06673954,4
"2128",5814,0,18647981,225.45,181.59,0,1,0,-38.74745421,-72.63522825,1,705508.427376597,5708592.86249518,4
"2129",5814,0,19263733,265,309.26,1,0,1,-38.74072956,-72.61207935,1,707539.894404019,5709286.95418332,4
"2130",5814,0,19884371,212.57,248.07,0,1,0,-38.72979917,-72.6174135,1,707107.816216971,5710512.17243556,4
"2131",5814,0,19920580,219.88,257.25,1,0,1,-38.73211828,-72.62078209,1,706808.271409056,5710262.39974211,4
"2132",5814,0,20529167,308.95,358.45,0,1,0,-38.73733582,-72.60141434,1,708476.807364489,5709639.36984259,4
"2133",5814,0,21010790,261.18,328.62,1,0,0,-38.73495265,-72.59688305,1,708877.647900175,5709893.53746676,4
"2134",5814,0,21653405,233.04,314.76,1,0,1,-38.74729255,-72.63092632,1,705882.793984044,5708601.13155975,4
"2135",5814,0,24430655,210.15,268,0,1,0,-38.73756687,-72.62209184,1,706678.696993847,5709660.63647429,4
"2136",5814,1,6097436,290.78,309.64,0,0,0,-38.73447546,-72.60008434,0,708600.746709204,5709953.80243226,4
"2137",5814,1,22767774,307.56,277.57,0,0,0,-38.74140063,-72.61012409,0,707707.90699417,5709208.03680957,4
"2138",5814,1,8177841,314.94,159.77,0,0,0,-38.74168665,-72.63040332,0,705944.364046643,5709222.13622113,4
"2139",5814,1,24221773,211.99,257.93,0,0,0,-38.73747678,-72.62197096,0,706689.464577869,5709670.36223992,4
"2140",5814,1,20270708,352.38,353.02,0,0,0,-38.69893247,-72.54921269,0,713128.702202474,5713781.44347947,9
"2141",5814,1,10720826,317.33,273.56,0,0,0,-38.69486886,-72.52774148,0,715008.339383644,5714182.26294472,9
"2142",5814,1,7418691,331.82,352.03,0,0,0,-38.69944444,-72.54665232,0,713349.86836358,5713718.65878929,9
"2143",5814,1,18836499,271.98,332.71,0,0,0,-38.7004175,-72.55137238,0,712936.456318998,5713621.64783286,9
"2144",5814,1,21639014,344.18,200.92,0,0,0,-38.72093686,-72.57161655,0,711115.357805959,5711391.13736116,9
"2145",5814,1,15492272,313.79,342.39,0,0,0,-38.72159175,-72.57338508,0,710959.660884722,5711322.53039767,9
"2146",5814,1,24341245,220.93,257.05,0,0,0,-38.69280976,-72.5283159,0,714964.543338588,5714412.14682804,9
"2147",5814,1,24291810,286.23,279.03,0,0,0,-38.71493868,-72.5667637,0,711554.99807657,5712045.65691582,9
"2148",5814,1,18321818,257.25,344.44,0,0,0,-38.69811781,-72.55255941,0,712840.037416419,5713879.64471425,9
"2149",5814,1,14148771,322.73,328.71,0,0,0,-38.69083903,-72.52979881,0,714841.454413031,5714634.3537964,9
"2150",5814,1,10132896,275.5,266.59,0,0,0,-38.71670414,-72.56710796,0,711519.855747329,5711850.50821892,9
"2151",5814,1,12456158,269.23,312.76,0,0,0,-38.70043483,-72.55155267,0,712920.724496035,5713620.14365392,9
"2152",5814,1,2909482,244.06,272.37,0,0,0,-38.7154189,-72.5641282,0,711782.750892065,5711986.26430801,9
"2153",5814,1,6625477,298.3,369.22,0,0,0,-38.73188194,-72.56396578,0,711748.246570219,5710158.69155879,11
"2154",5814,1,14966489,274.89,292.4,0,0,0,-38.7353575,-72.5759089,0,710699.756832759,5709800.51576949,11
"2155",5814,1,15994378,228.98,179.51,0,0,0,-38.74166961,-72.58095585,0,710242.503349971,5709111.55850853,11
"2156",5814,1,2227433,247.05,230.04,0,0,0,-38.72354638,-72.56762677,0,711454.56534234,5711092.30244591,12
"2157",5814,1,24328872,322.67,364.9,0,0,0,-38.74972393,-72.62364403,0,706508.726562518,5708314.86493326,13
"2158",5814,1,21198175,251.41,308.59,0,0,0,-38.75191249,-72.62662554,0,706243.295034918,5708078.68964524,13
"2159",5814,1,5531776,232.5,286.59,0,0,0,-38.75124581,-72.63955953,0,705121.117230637,5708181.76591886,1
"2160",5814,1,18781294,230.35,229.85,0,0,0,-38.7504691,-72.60617574,0,708024.774124938,5708192.57946356,14
"2161",5814,1,11657538,194.06,256.51,0,0,0,-38.7290272,-72.59869977,0,708736.97474264,5710555.33292125,10
"2162",5814,1,7438855,274.28,326.93,0,0,0,-38.75073076,-72.6222127,0,706630.222398577,5708199.88739558,13
"2163",5814,1,4328429,290.38,248.97,0,0,0,-38.75482657,-72.63802973,0,705243.81137705,5707780.91660437,13
"2164",5814,1,3524792,267.67,320.03,0,0,0,-38.73988149,-72.61593479,0,707207.218888351,5709389.81770007,4
"2165",5816,0,615016,341.88,316.61,1,0,0,-38.73620248,-72.61701694,1,707123.786841211,5709800.5905748,4
"2166",5816,0,1055236,224.41,241.48,0,1,0,-38.74304984,-72.61348942,1,707410.609696819,5709032.63041185,4
"2167",5816,0,2297852,336.92,324,0,1,0,-38.73907694,-72.58448491,1,709943.344277697,5709407.41701501,4
"2168",5816,0,2857505,229.35,284.35,1,0,0,-38.73697613,-72.62432003,1,706486.709018348,5709731.23164405,4
"2169",5816,0,5781577,260.88,241.04,0,1,0,-38.74185758,-72.58793544,1,709635.268961783,5709106.71233451,4
"2170",5816,0,6246122,315.37,352.29,0,1,0,-38.74178803,-72.61425987,1,707347.293240848,5709174.42160616,4
"2171",5816,0,10261291,297.09,349.15,1,0,0,-38.74027557,-72.63002415,1,705981.378561358,5709377.89406826,4
"2172",5816,0,11879160,286.2,269.94,0,1,0,-38.7355933,-72.59381452,1,709142.527651789,5709815.42413745,4
"2173",5816,0,14944361,288.37,284.59,0,1,0,-38.74224989,-72.62858396,1,706100.886343437,5709155.52698772,4
"2174",5816,0,15490676,314.19,366.53,1,0,1,-38.7374907,-72.62023901,1,706839.978017566,5709664.90350329,4
"2175",5816,0,16181682,287.8,236.45,1,0,0,-38.73565367,-72.60788966,1,707918.803425324,5709840.80106173,4
"2176",5816,0,16903058,279.41,308.23,0,1,0,-38.7390004,-72.62116225,1,706755.367543153,5709499.43303914,4
"2177",5816,0,17181490,333.17,328.9,0,1,0,-38.74633877,-72.63458654,1,705567.40223634,5708715.2199628,4
"2178",5816,0,17538381,313.74,353.17,0,1,0,-38.74210949,-72.59041154,1,709419.30424669,5709084.42425618,4
"2179",5816,0,17689963,284.32,232.13,1,0,0,-38.74189782,-72.60017462,1,708571.294356273,5709130.21978352,4
"2180",5816,0,18780055,352.65,335.79,0,1,0,-38.73041363,-72.62030971,1,706854.256444423,5710450.5259519,4
"2181",5816,0,19475923,207.54,189.91,0,1,0,-38.73668351,-72.62169209,1,706715.994146662,5709757.77491403,4
"2182",5816,0,21151990,304.17,271.25,0,1,0,-38.74453701,-72.6287954,1,706075.929360768,5708902.16274219,4
"2183",5816,0,21558667,263.72,296.99,0,1,0,-38.72755883,-72.61903168,1,706973.605432166,5710764.48179329,4
"2184",5816,0,22001452,359.78,350.74,0,1,0,-38.73380257,-72.6037582,1,708283.329339364,5710036.85357147,4
"2185",5816,0,22154381,237.29,250.67,1,0,0,-38.73977187,-72.58602465,1,709807.466443139,5709333.82036093,4
"2186",5816,0,22380428,230.77,192.55,0,1,0,-38.74053172,-72.58566076,1,709836.872373929,5709248.65183522,4
"2187",5816,0,22397721,271.02,270.68,0,1,0,-38.73832792,-72.58765977,1,709669.558698371,5709497.82931449,4
"2188",5816,1,11190269,283.93,334.75,0,0,0,-38.73091455,-72.62036763,0,706847.775623109,5710395.0613008,4
"2189",5816,1,585325,341.88,362.13,0,0,0,-38.73293333,-72.61185531,0,707581.949859002,5710151.72748495,4
"2190",5816,1,6637493,210.81,247.84,0,0,0,-38.72861278,-72.62059582,0,706834.579297844,5710651.04340286,4
"2191",5816,1,5434734,212.25,293.59,0,0,0,-38.73765603,-72.620915,0,706780.739032624,5709648.08193531,4
"2192",5816,1,4410511,310.07,315.44,0,0,0,-38.73792218,-72.6238706,0,706523.050593368,5709625.2180957,4
"2193",5816,1,11111519,326.54,324.8,0,0,0,-38.74495248,-72.59612107,0,708914.73050921,5708781.94161646,14
"2194",5816,1,14577379,290.74,316.29,0,0,0,-38.74841316,-72.60564051,0,708077.263879814,5708419.54571406,14
"2195",5816,1,6434139,256.97,218.12,0,0,0,-38.75032991,-72.60751489,0,707908.790404569,5708211.07244594,14
"2196",5816,1,6330094,247.66,217.32,0,0,0,-38.74439421,-72.60198732,0,708406.469084351,5708857.28277591,14
"2197",5816,1,20899376,186.43,191.09,0,0,0,-38.73508369,-72.64601252,0,704606.434621881,5709989.99656932,5
"2198",5816,1,24123859,245.46,219.44,0,0,0,-38.7230858,-72.63938111,0,705217.245958645,5711306.75229286,5
"2199",5816,1,23361269,341.54,295.51,0,0,0,-38.71850014,-72.66178348,0,703282.486808729,5711865.68678362,5
"2200",11465,0,20550390,229.75,321.33,1,0,1,-38.73256429,-72.5598144,1,712107.126875024,5710073.34427288,11
"2201",11465,0,21250221,210.48,261.45,1,0,1,-38.73792744,-72.57193294,1,711037.82065007,5709506.12050492,11
"2202",11465,0,21960777,169.4,214.57,1,0,1,-38.73014305,-72.55615139,1,712432.743175662,5710333.57586203,11
"2203",19908,1,16129988,380.6,382.99,0,0,0,-38.73016507,-72.64191453,0,704976.737660881,5710526.72618529,5
"2204",19908,1,19287608,260.21,306.74,0,0,0,-38.71910223,-72.66092722,0,703355.231038678,5711796.96132858,5
"2205",19908,1,8611041,334.88,297.6,0,0,0,-38.7267186,-72.60238805,0,708423.035775798,5710819.96421013,10
"2206",19908,1,14485879,376.61,370.17,0,0,0,-38.71885173,-72.56919321,0,711332.207620744,5711616.96873138,9
"2207",19908,1,16880203,344.62,309.75,0,0,0,-38.72101915,-72.5745723,0,710858.119302472,5711388.81762375,9
"2208",19908,1,18134539,358.29,319.58,0,0,0,-38.68793675,-72.5216433,0,715559.578319566,5714937.30953679,9
"2209",19908,1,17277966,372.35,329.42,0,0,0,-38.7374155,-72.61567273,0,707237.129676908,5709662.91734066,4
"2210",19908,1,10691883,327.91,309.92,0,0,0,-38.73265066,-72.60825412,0,707895.831649596,5710174.92482194,4
"2211",19908,1,19357843,364.14,374.08,0,0,0,-38.73469583,-72.62593166,0,706353.179162802,5709987.95082038,4
"2212",19908,1,12891232,312.12,299.26,0,0,0,-38.73832554,-72.62925171,0,706054.129111737,5709592.58256864,4
"2213",19908,1,16241333,295.89,291.04,0,0,0,-38.73546489,-72.62300446,0,706605.425285453,5709895.98992573,4
"2214",19908,1,15193461,237.56,183.82,0,0,0,-38.74524753,-72.61961972,0,706871.415097969,5708802.59522368,4
"2215",19908,1,21818624,359.4,354.66,0,0,0,-38.73897643,-72.5857255,0,709835.799340107,5709421.41835226,4
"2216",19908,1,15017629,319.6,301,0,0,0,-38.7407241,-72.60440917,0,708206.628827499,5709270.1330927,4
"2217",19908,1,15621361,286.86,298.91,0,0,0,-38.73469709,-72.61699437,0,707130.099533697,5709967.61829786,4
"2218",19908,1,15704002,290.53,297.43,0,0,0,-38.71793995,-72.66135692,0,703321.164295915,5711926.91267538,5
"2219",19908,1,8399711,350.87,301.25,0,0,0,-38.72544791,-72.64422976,0,704788.935967204,5711055.45028502,5
"2220",19908,1,1857101,274.15,309.35,0,0,0,-38.73258761,-72.64817445,0,704425.617626383,5710271.85963683,5
"2221",19908,1,625117,297.75,254.36,0,0,0,-38.7247759,-72.65194414,0,704120.149639376,5711147.26721389,5
"2222",19908,1,16301676,276.54,321.34,0,0,0,-38.74668999,-72.59142948,0,709317.439937048,5708578.3749212,14
"2223",19908,1,23018235,340.03,338.14,0,0,0,-38.74458305,-72.59703334,0,708836.514242157,5708825.02667526,14
"2224",19908,1,15155434,314.4,294.41,0,0,0,-38.75450406,-72.6635858,0,703023.756256696,5707873.74707984,8
"2225",19908,1,2174631,315.17,327.93,0,0,0,-38.75388248,-72.66152738,0,703204.408784852,5707938.16314583,8
"2226",19908,1,7363694,356.78,333.47,0,0,0,-38.75431366,-72.66374177,0,703010.741219232,5707895.22510467,8
"2227",19908,1,86887,380.6,343.57,0,0,0,-38.72052399,-72.60843425,0,707915.338759003,5711521.23766329,3
"2228",19908,1,17292560,323.52,302.52,0,0,0,-38.71198791,-72.62990846,0,706072.728259896,5712517.18730233,3
"2229",19908,1,11383241,314.87,290.33,0,0,0,-38.71566525,-72.63220246,0,705862.691599281,5712114.21353211,3
"2230",19908,1,3827016,340.66,303.87,0,0,0,-38.71609575,-72.61915955,0,706995.577783904,5712037.02164558,3
"2231",19908,1,23897649,342.24,310.37,0,0,0,-38.71474469,-72.65053857,0,704270.925592684,5712257.45771279,3
"2232",19908,1,3786632,284.6,309.13,0,0,0,-38.71126324,-72.62945948,0,706113.85299227,5712596.60514223,3
"2233",19908,1,7248270,293.96,271.85,0,0,0,-38.72729727,-72.61097342,0,707674.943116423,5710775.25642935,3
"2234",19908,1,10945587,376.61,374.08,0,0,0,-38.72629585,-72.60342157,0,708334.409493159,5710869.23724204,3
"2235",19908,1,9078761,302.78,325.82,0,0,0,-38.72690083,-72.56069551,0,712047.281524942,5710703.962273,11
"2236",19908,1,2904101,286.24,239.92,0,0,0,-38.73907619,-72.57024471,0,711181.188610273,5709374.7277558,11
"2237",19908,1,13808545,322.9,323.03,0,0,0,-38.73047506,-72.55756319,0,712309.022072452,5710300.00316917,11
"2238",19908,1,2756252,334.01,333.61,0,0,0,-38.73248582,-72.568668,0,711337.67947376,5710102.53874701,11
"2239",19908,1,10428092,351.31,306.74,0,0,0,-38.73550598,-72.63078389,0,705929.044524435,5709908.96602658,7
"2240",19908,1,23509478,291.08,316.06,0,0,0,-38.73414411,-72.64587062,0,704621.452424575,5710093.96000386,5
"2241",19908,1,2204441,269.46,311.21,0,0,0,-38.7276298,-72.6575868,0,703621.45872543,5710843.09281808,5
"2242",19908,1,780092,290.07,277.84,0,0,0,-38.73043297,-72.64199304,0,704969.146295824,5710497.16873735,5
"2243",19908,1,24595237,344.62,285.85,0,0,0,-38.73545738,-72.64718749,0,704503.228441019,5709951.14861915,5
"2244",19908,1,4866818,353.41,351.82,0,0,0,-38.72435844,-72.63480467,0,705611.492621078,5711155.23544158,5
"2245",19908,1,16835902,281.36,264.8,0,0,0,-38.73017024,-72.64190903,0,704977.201024333,5710526.14006574,5
"2246",19908,1,13087565,329.71,356.66,0,0,0,-38.73392164,-72.64899755,0,704350.259820713,5710125.63878195,5
"2247",19908,1,23546177,380.6,364.9,0,0,0,-38.72743633,-72.60134159,0,708511.928031905,5710737.92165412,10
"2248",19908,1,23714647,293.6,288.9,0,0,0,-38.72919361,-72.60519153,0,708172.112421405,5710551.65074708,10
"2249",19908,1,23653643,307.52,319.25,0,0,0,-38.73712773,-72.63020073,0,705975.077255625,5709727.66053742,7
"2250",19908,1,22144929,376.61,367.65,0,0,0,-38.73026519,-72.63774225,0,705339.171586412,5710506.26069244,7
"2251",19908,1,8045058,310.82,282.99,0,0,0,-38.7338828,-72.62992822,0,706008.093041855,5710087.19156655,7
"2252",19908,1,5452910,300.17,266.99,0,0,0,-38.69868747,-72.54897166,0,713150.393528593,5713808.07445139,9
"2253",19908,1,2209353,347.15,303.08,0,0,0,-38.75861795,-72.65759439,0,703532.753733228,5707403.84418557,1
"2254",19908,1,14936133,352.8,374.08,0,0,0,-38.75243281,-72.64968155,0,704238.02601881,5708072.6739937,1
"2255",19908,1,12269931,319,314.56,0,0,0,-38.7545015,-72.65463355,0,703801.768009439,5707854.12227891,1
"2256",19908,1,18491944,276.74,313.07,0,0,0,-38.75640744,-72.65895153,0,703421.095806365,5707652.20067326,1
"2257",19908,1,8289426,317.67,286.93,0,0,0,-38.75525721,-72.65484622,0,703781.135453441,5707770.72235489,1
"2258",19908,1,16730938,376.61,352.46,0,0,0,-38.74977384,-72.63762191,0,705293.734927347,5708340.78856746,1
"2259",19908,1,1790082,364.07,346.26,0,0,0,-38.76092174,-72.64848793,0,704317.54167808,5707127.84858227,1
"2260",19908,1,22614516,321.28,346.47,0,0,0,-38.75427698,-72.64189446,0,704909.515961472,5707850.57912033,1
"2261",19908,1,11969752,310.37,261.9,0,0,0,-38.75697701,-72.64203286,0,704889.763477768,5707551.2210914,1
"2262",19908,1,6660898,342.03,314.3,0,0,0,-38.75646056,-72.65165084,0,704055.401894871,5707630.04234122,1
"2263",19908,1,19434427,330.63,320.06,0,0,0,-38.75503795,-72.64719067,0,704447.068619288,5707777.97310254,1
"2264",19908,1,8076458,289.75,292.31,0,0,0,-38.73072715,-72.60260207,0,708392.775337993,5710375.55380932,10
"2265",19908,1,9885492,309.67,307.59,0,0,0,-38.72941255,-72.60640552,0,708065.935676127,5710530.11205062,10
"2266",19908,1,4550608,292.24,244.64,0,0,0,-38.72694871,-72.60217489,0,708440.89897113,5710793.93948026,10
"2267",19908,1,13215677,380.6,349.96,0,0,0,-38.72749414,-72.60126533,0,708518.389902347,5710731.3317306,10
"2268",19908,1,24254109,374.17,316.1,0,0,0,-38.72501573,-72.60165947,0,708491.331052829,5711007.30144805,10
"2269",19908,1,22912462,265.93,181.76,0,0,0,-38.72997095,-72.60132243,0,708506.221362604,5710456.56753901,10
"2270",19908,1,3257555,229.21,224.31,0,0,0,-38.72727302,-72.60071257,0,708567.089969867,5710754.61363765,10
"2271",19923,0,3811648,262.94,309.85,1,0,1,-38.72455182,-72.5612179,1,712008.810977404,5710965.88424417,11
"2272",19923,0,4590601,203.53,247.62,1,0,1,-38.74058127,-72.57449955,1,710806.904607786,5709217.4944403,11
"2273",19923,0,5278668,255.56,255.97,1,0,1,-38.74390416,-72.57595389,1,710670.716867689,5708852.04389132,11
"2274",19923,0,6194877,258.48,229.42,0,1,1,-38.73379188,-72.5612461,1,711979.032613069,5709940.41417831,11
"2275",19923,0,7178462,277.68,288.71,0,1,1,-38.71642455,-72.55232438,1,712806.166721381,5711847.27401467,11
"2276",19923,0,10008626,256.42,268.58,1,0,1,-38.73067628,-72.56219567,1,711905.695184604,5710288.40774684,11
"2277",19923,0,15050193,249.45,312.45,1,0,1,-38.73632324,-72.56581138,1,711574.688197093,5709670.02991202,11
"2278",19923,0,18939206,260,299.64,1,0,1,-38.74441885,-72.5789319,1,710410.356569235,5708801.7731921,11
"2279",19923,0,21644125,294.76,275.26,1,0,1,-38.71886526,-72.55231429,1,712799.801280097,5711576.3611821,11
"2280",19923,0,22006428,249.76,285.21,1,0,1,-38.7292205,-72.56297345,1,711842.380205691,5710451.78257746,11
"2281",19923,0,24707120,289.2,279.05,1,0,1,-38.72577499,-72.56046173,1,712070.936998197,5710828.37521626,11
"2282",19923,1,1819044,202.61,156.74,0,0,0,-38.73638257,-72.56344198,0,711780.483430145,5709657.96343774,11
"2283",19944,0,4837281,205.47,200.52,1,0,1,-38.73432475,-72.62177868,1,706715.270358349,5710019.76217979,4
"2284",19944,0,8301754,374.17,340.79,1,0,1,-38.73800408,-72.59735114,1,708828.064634518,5709555.93554042,4
"2285",19944,0,9060344,205.91,224.2,1,0,1,-38.73395995,-72.62383159,1,706537.860010227,5710064.88586507,4
"2286",19944,0,15305968,252.52,292.57,1,0,1,-38.74039966,-72.62919686,1,706052.932850538,5709362.25887496,4
"2287",19944,0,23295649,304.24,276.12,1,0,1,-38.73123315,-72.61509551,1,707305.187251903,5710347.77077988,4
"2288",19981,0,3118287,312.8,305.42,0,1,0,-38.73231678,-72.62315259,1,706601.622851923,5710245.72344265,4
"2289",19981,0,3781059,235.5,217.5,0,1,0,-38.7411983,-72.6061461,1,708054.271890993,5709221.45420122,4
"2290",19981,0,6184790,287.38,335.94,0,1,0,-38.73763671,-72.62147415,1,706732.189528241,5709651.48970526,4
"2291",19981,0,11437688,310.06,344.44,0,1,0,-38.73765035,-72.62415565,1,706499.055440017,5709656.03104366,4
"2292",19981,0,12072369,284.47,268.62,1,0,0,-38.73167329,-72.62604575,1,706351.962999901,5710323.67034663,4
"2293",19981,0,17654734,251.97,295.19,0,1,0,-38.7374194,-72.62446698,1,706472.657864591,5709682.36606626,4
"2294",19981,0,19900620,297.88,265.99,0,1,0,-38.73983709,-72.62892167,1,706078.471239564,5709424.07699414,4
"2295",19981,0,22600128,267.11,309.98,0,1,0,-38.72838922,-72.62310455,1,706617.119714411,5710681.52258814,4
"2296",19981,0,24689828,266.48,271.23,0,1,0,-38.72885174,-72.61626463,1,707210.433713209,5710614.7241471,4
"2297",19981,1,4430516,336.92,367.65,0,0,0,-38.74070682,-72.61940358,0,706903.313435924,5709306.06685004,4
"2298",19981,1,11444717,265.34,294.92,0,0,0,-38.73787458,-72.5889007,0,709563.014548081,5709550.98741475,4
"2299",19981,1,1408677,308.86,350.93,0,0,0,-38.73555129,-72.6036827,0,708284.81055704,5709842.59603016,4
"2300",19981,1,23123048,304.92,314.38,0,0,0,-38.73374213,-72.62500991,0,706436.054312621,5710091.71996519,4
"2301",19981,1,24570194,289.89,282.41,0,0,0,-38.72801346,-72.62241085,0,706678.512110157,5710721.66061163,4
"2302",19981,1,18918493,230.68,275.26,0,0,0,-38.73949938,-72.58490062,0,709905.970895762,5709361.48519416,4
"2303",19981,1,11965188,309.2,255.15,0,0,0,-38.73007317,-72.61793922,0,707061.320432171,5710482.95165542,4
"2304",19981,1,620232,264.82,316.4,0,0,0,-38.73229171,-72.62636798,0,706322.170078112,5710255.76043012,4
"2305",19981,1,15611587,305.81,279.97,0,0,0,-38.70019904,-72.55271697,0,712820.160951817,5713649.0200977,9
"2306",19981,1,8353963,342.12,339.48,0,0,0,-38.69194827,-72.52928349,0,714882.958819228,5714510.03256404,9
"2307",19981,1,8400276,312.5,329.74,0,0,0,-38.69148837,-72.52882159,0,714924.513730906,5714559.99207514,9
"2308",19981,1,17867842,311.85,327.73,0,0,0,-38.73773676,-72.65109406,0,704157.139685504,5709706.8918385,5
"2309",19981,1,22538865,290.04,292.84,0,0,0,-38.75809379,-72.62891538,0,706026.50335036,5707397.80526021,2
"2310",19981,1,3636757,304.58,275.03,0,0,0,-38.7581745,-72.62604959,0,706275.314014976,5707382.38782455,2
"2311",19981,1,6544714,316.96,296.1,0,0,0,-38.76011529,-72.6250941,0,706352.755169001,5707164.82932801,2
"2312",19981,1,15300977,312.19,342.81,0,0,0,-38.75987098,-72.63035619,0,705896.183964499,5707203.8046359,2
"2313",19981,1,15250594,328.45,343.04,0,0,0,-38.74792168,-72.61325547,0,707416.839495342,5708491.38769653,13
"2314",19981,1,18302988,289.62,301.66,0,0,0,-38.75150511,-72.63002895,0,705948.677386485,5708131.5719423,13
"2315",19981,1,1534146,284.54,346.51,0,0,0,-38.7258243,-72.63057084,0,705975.383182502,5710983.02471006,5
"2316",19981,1,24087084,333.58,330.04,0,0,0,-38.71756635,-72.62683369,0,706324.056124445,5711891.12979977,3
"2317",19981,1,12764660,295.99,249.68,0,0,0,-38.71898215,-72.62560575,0,706426.751709544,5711731.2264664,3
"2318",19981,1,19807104,287.31,254.3,0,0,0,-38.71832842,-72.61793186,0,707095.881903872,5711786.44802475,3
"2319",19981,1,6775810,221.41,301.93,0,0,0,-38.72151801,-72.61427595,0,707404.539717254,5711424.16777763,3
"2320",19981,1,24411649,283.23,283.63,0,0,0,-38.712469,-72.62764766,0,706267.939618027,5712458.70144598,3
"2321",19983,0,309560,283.91,294.57,1,0,1,-38.757404,-72.630277,1,705910.159153346,5707477.42953815,2
"2322",19983,0,388785,310.06,278.77,0,1,1,-38.7574701,-72.62581608,1,706297.63572824,5707460.04056097,2
"2323",19983,0,429136,217.74,172.86,1,0,1,-38.75799693,-72.62180648,1,706644.561357209,5707392.51727715,2
"2324",19983,0,582732,289.18,301.74,1,0,1,-38.75686415,-72.61967702,1,706832.88805315,5707513.42796148,2
"2325",19983,0,1291140,273.28,275.54,1,0,1,-38.76007951,-72.63443867,1,705540.818423441,5707189.84366353,2
"2326",19983,0,1449302,255.77,185.55,1,0,1,-38.75862135,-72.62937976,1,705984.630247868,5707340.29885299,2
"2327",19983,0,1456506,280.44,300.97,0,1,1,-38.75587064,-72.61911567,1,706884.541529306,5707622.42538606,2
"2328",19983,0,1491898,255.05,234.18,1,0,1,-38.7582254,-72.62916079,1,706004.798105097,5707383.75103879,2
"2329",19983,0,1513044,259.94,310.93,0,1,1,-38.7571271,-72.62303131,1,706540.629557079,5707491.82410017,2
"2330",19983,0,1540509,161.18,168.72,0,1,1,-38.76063428,-72.62787542,1,706109.565550342,5707113.50004019,2
"2331",19983,0,1634238,238.8,278.11,1,0,1,-38.75964931,-72.63497036,1,705495.849366846,5707238.78515211,2
"2332",19983,0,1982672,240.37,205.3,0,1,1,-38.75587893,-72.63146905,1,705810.949373809,5707649.37578805,2
"2333",19983,0,2524849,286.55,305.94,1,0,1,-38.75822078,-72.61763008,1,707006.853103667,5707358.22805495,2
"2334",19983,0,3472353,209.58,202.34,1,0,1,-38.75461448,-72.61595187,1,707163.124929657,5707754.68209675,2
"2335",19983,0,3736265,292.68,239.46,0,1,1,-38.75990709,-72.6278829,1,706111.008707831,5707194.22572542,2
"2336",19983,0,3868061,269.66,220.88,1,0,1,-38.75979999,-72.63632005,1,705378.129010886,5707225.09344662,2
"2337",19983,0,4186935,244.12,267.53,1,0,1,-38.75474883,-72.61291667,1,707426.514428969,5707732.89192226,2
"2338",19983,0,4189281,268.47,312.65,1,0,1,-38.76079176,-72.62933393,1,705982.369481863,5707099.30784094,2
"2339",19983,0,5176735,334.28,285.96,0,1,1,-38.75760683,-72.6359349,1,705417.889678381,5707467.64091543,2
"2340",19983,0,5900425,282.79,288.97,1,0,1,-38.75691419,-72.63884641,1,705166.856387707,5707551.05020325,2
"2341",19983,0,5968556,269.8,228.88,0,1,1,-38.75758513,-72.62130812,1,706689.05854521,5707437.09572239,2
"2342",19983,0,6265342,247.15,255.92,1,0,1,-38.75858122,-72.63246439,1,705716.686848673,5707351.69563218,2
"2343",19983,0,6380848,289.25,245.08,1,0,1,-38.75917921,-72.63906737,1,705141.165630834,5707300.15799481,2
"2344",19983,0,6537624,224.17,197.84,1,0,1,-38.75670587,-72.6359538,1,705418.831552649,5707567.67827755,2
"2345",19983,0,6562687,231.28,165.36,1,0,1,-38.75860662,-72.62440552,1,706416.941429762,5707330.71863798,2
"2346",19983,0,6675617,232.04,239.39,1,0,1,-38.75785666,-72.62569737,1,706306.838321335,5707416.86955319,2
"2347",19983,0,7861597,280.2,233.38,1,0,1,-38.75575824,-72.62815231,1,706099.537169396,5707655.30218684,2
"2348",19983,0,8023633,295.1,260.98,1,0,1,-38.75468928,-72.61667684,1,707099.904044112,5707748.02202493,2
"2349",19983,0,8097458,226.5,237.09,0,1,1,-38.7580649,-72.62748939,1,706150.508020517,5707397.79839556,2
"2350",19983,0,9114659,329.82,311.39,1,0,1,-38.75762317,-72.62522427,1,706348.624651971,5707441.71666817,2
"2351",19983,0,9346340,310.97,308.64,1,0,1,-38.75613026,-72.62378003,1,706478.437370834,5707604.15120638,2
"2352",19983,0,9706762,276.64,268.38,1,0,1,-38.75772649,-72.63830925,1,705211.209703081,5707459.69032831,2
"2353",19983,0,10001582,233.38,254.25,0,1,1,-38.75499029,-72.61596005,1,707161.326978306,5707712.99045494,2
"2354",19983,0,10829181,359.31,314.33,1,0,1,-38.75585381,-72.62323463,1,706526.632331534,5707633.60223205,2
"2355",19983,0,10843907,321.71,303.75,1,0,1,-38.75750694,-72.62549537,1,706325.400208209,5707455.22833774,2
"2356",19983,0,11273300,269.2,203.67,0,1,1,-38.75667957,-72.63196251,1,705765.764955128,5707561.62533393,2
"2357",19983,0,11601244,305.07,291.97,0,1,1,-38.7555965,-72.62041471,1,706772.440087485,5707655.78904901,2
"2358",19983,0,11614481,299.68,374.08,1,0,1,-38.75548307,-72.63128467,1,705828.110570883,5707692.89624089,2
"2359",19983,0,11920791,242.27,249.56,1,0,1,-38.76024679,-72.63421154,1,705560.075711386,5707170.76724002,2
"2360",19983,0,13349896,325.84,345.74,1,0,1,-38.7570892,-72.635613,1,705447.348617881,5707524.36811979,2
"2361",19983,0,13789210,255.39,239.27,0,1,1,-38.75696076,-72.63884876,1,705166.518746872,5707545.88680937,2
"2362",19983,0,14174085,295.61,298.04,0,1,1,-38.75835345,-72.62722398,1,706172.741951815,5707365.17474616,2
"2363",19983,0,15073267,232.92,224.7,1,0,1,-38.7591051,-72.62309055,1,706529.776627649,5707272.42497504,2
"2364",19983,0,15830631,235.92,178.32,0,1,1,-38.75875766,-72.62252999,1,706579.492123185,5707309.72037851,2
"2365",19983,0,16468536,345.89,290.92,1,0,1,-38.75578391,-72.61718226,1,707052.815126579,5707627.67620991,2
"2366",19983,0,17472863,310.95,258.18,1,0,1,-38.75810718,-72.622382,1,706594.229285989,5707381.58112931,2
"2367",19983,0,17613646,253.47,233.23,1,0,1,-38.75845719,-72.62252878,1,706580.464077811,5707343.06600839,2
"2368",19983,0,17864987,301.24,321.07,0,1,1,-38.75903759,-72.62606435,1,706271.545184295,5707286.62911336,2
"2369",19983,0,17928153,254.97,243.03,1,0,1,-38.76057391,-72.63710124,1,705308.024685876,5707140.95232047,2
"2370",19983,0,17977258,279.11,282.39,0,1,1,-38.75592028,-72.61514659,1,707229.330538612,5707607.9304994,2
"2371",19983,0,18266191,272.21,270.65,1,0,1,-38.76087262,-72.63065377,1,705867.444515189,5707093.30531688,2
"2372",19983,0,18279917,286.28,310.12,0,1,1,-38.76054967,-72.63125055,1,705816.51340197,5707130.49187135,2
"2373",19983,0,18971896,240.94,317.06,1,0,1,-38.75901541,-72.62329178,1,706512.548214341,5707282.83383722,2
"2374",19983,0,19269845,160.52,218.83,0,1,1,-38.75759276,-72.62076473,1,706736.258630743,5707435.02072886,2
"2375",19983,0,19970424,289.47,249.1,0,1,1,-38.75551043,-72.61347152,1,707376.089138599,5707649.62206698,2
"2376",19983,0,20048934,273.41,350.74,1,0,1,-38.75495485,-72.62134099,1,706693.793361666,5707729.09771736,2
"2377",19983,0,20091823,225.46,274.92,0,1,1,-38.76019823,-72.6371958,1,705300.884639002,5707182.86023291,2
"2378",19983,0,20671340,265.93,266.04,0,1,1,-38.75990943,-72.63596297,1,705408.845290552,5707212.14506954,2
"2379",19983,0,20917214,255.58,277.29,0,1,1,-38.75782393,-72.62618742,1,706264.346072022,5707421.60748271,2
"2380",19983,0,21008089,329.06,366.41,0,1,1,-38.75869133,-72.63032258,1,705902.49663324,5707334.65502281,2
"2381",19983,0,21359119,270.51,306.67,1,0,1,-38.75969599,-72.62911978,1,706004.131300982,5707220.44196843,2
"2382",19983,0,22857064,372.35,319.94,0,1,1,-38.75416675,-72.61328046,1,707396.58435487,5707798.32044476,2
"2383",19983,0,23510329,257.95,258.24,1,0,1,-38.7611637,-72.622754,1,706553.084794759,5707043.18634715,2
"2384",19983,0,23964719,305.47,312.6,1,0,1,-38.75991163,-72.63370313,1,705605.218587939,5707206.82282394,2
"2385",19983,0,24003176,244.32,209.06,0,1,1,-38.75996938,-72.63738807,1,705284.832572285,5707208.69122927,2
"2386",19983,0,24503201,257.63,214.32,1,0,1,-38.75617728,-72.63221674,1,705745.114452303,5707617.94498564,2
"2387",19983,0,24640788,275.11,330.33,1,0,1,-38.75467714,-72.6230322,1,706547.618006866,5707763.74050259,2
"2388",19983,1,192925,306.82,367.65,0,0,0,-38.76210556,-72.63580159,0,705416.568812705,5706968.04041568,2
"2389",19983,1,18193791,213.94,175.9,0,0,0,-38.75532864,-72.6180625,0,706977.633596102,5707680.19775929,2
"2390",19983,1,7074475,250.5,284.34,0,0,0,-38.75920605,-72.63303748,0,705665.089950288,5707283.63644025,2
"2391",19983,1,929493,319.89,321.2,0,0,0,-38.7541244,-72.6396243,0,705107.244691132,5707862.42527081,1
"2392",19983,1,1302999,267.03,226.41,0,0,0,-38.74976724,-72.62192257,0,706658.217710283,5708306.17036396,13
"2393",19983,1,4775059,259.57,228.38,0,0,0,-38.75420703,-72.63862405,0,705193.936442002,5707851.01094534,13
"2394",20016,0,1056095,284.12,294.98,1,0,1,-38.71944308,-72.61514075,1,707335.347643805,5711656.41700371,3
"2395",20016,0,1858805,169,243.56,0,1,1,-38.71165098,-72.62339444,1,706640.145740462,5712539.89915804,3
"2396",20016,0,3153040,252.03,322.41,0,1,1,-38.71904163,-72.60917087,1,707855.587892867,5711687.43327162,3
"2397",20016,0,4109811,238.35,243.29,1,0,1,-38.711518,-72.63438881,1,705684.473299699,5712579.41636764,3
"2398",20016,0,4946152,193.76,230.58,1,0,1,-38.7161243,-72.6317948,1,705896.821213479,5712062.34834811,3
"2399",20016,0,5001852,248.74,217.47,1,0,1,-38.71780325,-72.61059737,1,707735.141350154,5711828.11555319,3
"2400",20016,0,6657775,223.78,294.82,1,0,1,-38.72298469,-72.60856922,1,707896.468708615,5711248.43854175,3
"2401",20016,0,6868505,167.83,191.36,1,0,1,-38.71784639,-72.61554113,1,707305.150611195,5711834.53538648,3
"2402",20016,0,7174742,259.91,342.41,0,1,1,-38.70981836,-72.62273655,1,706702.635700525,5712741.81021903,3
"2403",20016,0,7366280,303.53,344.41,1,0,1,-38.72571816,-72.62377066,1,706566.905482532,5710979.4786844,3
"2404",20016,0,7390819,233.02,270.21,1,0,1,-38.71246674,-72.64458733,1,704794.91654283,5712496.98256358,3
"2405",20016,0,7742490,220.15,202.23,1,0,1,-38.72190967,-72.60746925,1,707995.224065196,5711365.2527303,3
"2406",20016,0,7765828,254.43,264.87,1,0,1,-38.71823022,-72.63181059,1,705889.402252165,5711828.6551451,3
"2407",20016,0,9082921,266.72,213.87,1,0,1,-38.70891502,-72.63422762,1,705705.954377745,5712867.94949214,3
"2408",20016,0,9348295,244.54,230.98,0,1,1,-38.70856287,-72.62317497,1,706668.127319323,5712882.14244919,3
"2409",20016,0,9580509,268.63,367.65,1,0,1,-38.71937525,-72.6194785,1,706958.379581423,5711673.76180753,3
"2410",20016,0,9627238,180.17,252.55,0,1,1,-38.71403641,-72.62241029,1,706718.851011567,5712272.92655237,3
"2411",20016,0,10123545,165.06,160.68,1,0,1,-38.71634813,-72.63231055,1,705851.332744699,5712038.66615027,3
"2412",20016,0,10385961,220.28,213.59,1,0,1,-38.71613506,-72.63257672,1,705828.800036501,5712062.91255201,3
"2413",20016,0,11743256,247.04,219.35,1,0,1,-38.72074527,-72.62563776,1,706418.893124591,5711535.61584606,3
"2414",20016,0,11748965,163.87,184.18,1,0,1,-38.72490233,-72.6113925,1,707645.444875246,5711042.01457042,3
"2415",20016,0,11937435,246.81,302.11,1,0,1,-38.72305882,-72.60867981,1,707886.638528293,5711240.46226643,3
"2416",20016,0,11986758,200.15,330.86,0,1,1,-38.71838276,-72.61580806,1,707280.390401699,5711775.60987637,3
"2417",20016,0,12007133,212.89,201.03,0,1,1,-38.71958961,-72.61830786,1,707059.54688452,5711647.32322062,3
"2418",20016,0,12370873,239.99,216.28,1,0,1,-38.72241467,-72.60703767,1,708031.283186457,5711308.22344351,3
"2419",20016,0,12869524,321.25,303.59,0,1,1,-38.71908065,-72.61384675,1,707448.908406738,5711693.71011168,3
"2420",20016,0,13370412,188.56,191.84,0,1,1,-38.71613556,-72.61394887,1,707448.548238161,5712020.80776346,3
"2421",20016,0,13703123,171.8,220.63,0,1,1,-38.71696331,-72.63725498,1,705419.639142164,5711981.49660286,3
"2422",20016,0,13786860,252.07,214.3,1,0,1,-38.72135384,-72.615945,1,707259.895865064,5711446.16919697,3
"2423",20016,0,13802346,229.14,336.49,1,0,1,-38.71945023,-72.61461701,1,707380.865749612,5711654.4369837,3
"2424",20016,0,15321137,238.44,260.78,1,0,1,-38.72126014,-72.62512025,1,706462.406852664,5711477.3049347,3
"2425",20016,0,16130559,218.66,256.93,1,0,1,-38.72215843,-72.60670723,1,708060.757073764,5711335.91165938,3
"2426",20016,0,16944037,177.42,221.28,1,0,1,-38.7221828,-72.62091077,1,706825.746706324,5711365.39829904,3
"2427",20016,0,17571277,196.28,197.75,1,0,1,-38.70925875,-72.64745437,1,704554.754357784,5712859.43461066,3
"2428",20016,0,18737854,256.69,241.44,1,0,1,-38.7260576,-72.61253394,1,707542.860720808,5710916.38369572,3
"2429",20016,0,18983737,280.71,238.33,0,1,1,-38.71890059,-72.62717931,1,706290.165889755,5711743.82598141,3
"2430",20016,0,19031703,166.48,214.8,0,1,1,-38.72464119,-72.61327757,1,707482.307663043,5711075.27282663,3
"2431",20016,0,20101754,198.41,260.29,1,0,1,-38.72202299,-72.62224155,1,706710.501688305,5711386.14138606,3
"2432",20016,0,20106875,220.32,216.42,1,0,1,-38.7190467,-72.61093953,1,707701.788624119,5711690.88533743,3
"2433",20016,0,20335288,307.88,331.86,1,0,1,-38.71643145,-72.61822254,1,707076.084535252,5711997.64417808,3
"2434",20016,0,20487695,279.09,252.67,1,0,1,-38.71628472,-72.6149616,1,707360.056811851,5712006.54752847,3
"2435",20016,0,20734583,265.81,285.23,1,0,1,-38.71478621,-72.65086104,1,704242.767162862,5712253.56906733,3
"2436",20016,0,21036418,224.13,190.47,0,1,1,-38.71435107,-72.64920969,1,704387.599290395,5712298.17803038,3
"2437",20016,0,21555678,202.95,235.88,1,0,1,-38.71828297,-72.61074666,1,707720.770852138,5711775.21170819,3
"2438",20016,0,21651252,242.53,270.97,1,0,1,-38.71631579,-72.63241591,1,705842.264225381,5712042.49237448,3
"2439",20016,0,22368297,224.17,208.46,1,0,1,-38.72506284,-72.60932852,1,707824.427492535,5711019.51529601,3
"2440",20016,0,22635635,303.51,303.68,0,1,0,-38.71261063,-72.62600139,1,706410.68760568,5712439.27192317,3
"2441",20016,0,22685074,285.28,183.55,1,0,1,-38.70944011,-72.63517926,1,705621.693029697,5712811.80937463,3
"2442",20016,0,22768560,269.96,303.87,1,0,1,-38.71066796,-72.63743935,1,705421.637047624,5712680.60831066,3
"2443",20016,0,23746150,206.05,266.31,0,1,1,-38.71766321,-72.61762529,1,707124.45959871,5711859.58389574,3
"2444",20016,0,24740071,208.98,287.81,1,0,1,-38.72570961,-72.61899638,1,706982.013269267,5710969.64113251,3
"2445",20016,0,24904606,223.18,300.23,1,0,1,-38.71911088,-72.62689347,1,706314.414584446,5711719.84237881,3
"2446",20025,0,469063,227.09,249.62,1,0,1,-38.74687018,-72.62937163,1,706019.134793522,5708644.50902914,4
"2447",20025,0,2076104,230.61,161.09,1,0,1,-38.74593259,-72.6303767,1,705934.473555226,5708750.83233091,4
"2448",20025,0,2280393,237.08,273.17,0,1,1,-38.73618393,-72.58641609,1,709783.943859663,5709732.93493785,4
"2449",20025,0,2342962,224.73,233.6,1,0,1,-38.72615049,-72.61814566,1,707054.702891096,5710918.78493128,4
"2450",20025,0,2386406,291.35,348.34,0,1,1,-38.74740311,-72.63197051,1,705791.720439397,5708591.21036478,4
"2451",20025,0,3666862,263.58,301.33,0,1,1,-38.73150309,-72.62573233,1,706379.699966114,5710341.85351151,4
"2452",20025,0,3671006,301.76,307.36,0,1,1,-38.73954644,-72.58549205,1,709854.422861801,5709357.61883248,4
"2453",20025,0,3737934,236.52,235.99,1,0,1,-38.73933954,-72.61758732,1,707065.139795826,5709453.70839441,4
"2454",20025,0,3843244,278.87,362.13,0,1,1,-38.73802402,-72.6214167,1,706736.066148672,5709608.3735169,4
"2455",20025,0,4836317,360.26,382.99,0,1,1,-38.73394175,-72.62431358,1,706496.012351289,5710067.99361956,4
"2456",20025,0,5557348,259.58,325.15,0,1,1,-38.7449816,-72.62743926,1,706192.523568755,5708849.76334466,4
"2457",20025,0,5563413,219.89,204.41,1,0,1,-38.73993523,-72.61408508,1,707367.84828951,5709379.66253761,4
"2458",20025,0,6084848,223.85,281.63,0,1,1,-38.74239048,-72.59849544,1,708715.817199284,5709071.71122436,4
"2459",20025,0,6489660,272.31,362.21,0,1,1,-38.74220068,-72.59865016,1,708702.921544171,5709093.12961156,4
"2460",20025,0,7760398,224.46,260.55,0,1,1,-38.72949076,-72.61557881,1,707268.209711691,5710542.24817337,4
"2461",20025,0,7888106,272.96,317.28,1,0,1,-38.7453693,-72.62685867,1,706241.871228809,5708805.4249345,4
"2462",20025,0,9282305,263.94,315.97,1,0,1,-38.74077322,-72.59891247,1,708684.27847274,5709252.15814675,4
"2463",20025,0,12180734,269.74,347.97,1,0,1,-38.74381437,-72.61609391,1,707182.015219396,5708953.67879541,4
"2464",20025,0,13139408,318.87,325.13,0,1,1,-38.73666922,-72.58201067,1,710165.480810231,5709668.96398616,4
"2465",20025,0,13266896,265.05,342.87,0,1,1,-38.73934785,-72.61789037,1,707038.773160702,5709453.47189327,4
"2466",20025,0,13545819,246.76,262.63,0,1,1,-38.74083494,-72.62914681,1,706056.031661413,5709313.83576443,4
"2467",20025,0,15465200,298.75,316.02,0,1,1,-38.72962023,-72.6185487,1,707009.642539537,5710534.60094296,4
"2468",20025,0,15723643,256.78,291.12,1,0,1,-38.74297651,-72.59974794,1,708605.241713932,5709009.52588971,4
"2469",20025,0,16244508,252.8,327.46,0,1,1,-38.73177242,-72.61969309,1,706903.940619103,5710298.32401365,4
"2470",20025,0,17343898,260.36,307.26,0,1,1,-38.73986803,-72.61751717,1,707069.710400134,5709394.89405043,4
"2471",20025,0,17855347,257.96,304.48,0,1,1,-38.74399007,-72.6240507,1,706489.908270666,5708952.16753327,4
"2472",20025,0,18487197,249.15,281.87,1,0,1,-38.73672231,-72.59542739,1,708999.028482577,5709693.80348089,4
"2473",20025,0,18968802,200.73,271.43,0,1,1,-38.74245515,-72.60053663,1,708538.205557125,5709069.18837484,4
"2474",20025,0,20699240,231.32,235.35,1,0,1,-38.73295852,-72.62543244,1,706401.579623377,5710179.64353011,4
"2475",20025,0,20858990,294.21,304.33,1,0,1,-38.74505864,-72.62276265,1,706598.783271552,5708830.66202897,4
"2476",20025,0,21515844,289.46,308.11,0,1,1,-38.74406861,-72.62323842,1,706560.284631673,5708941.61691652,4
"2477",20025,0,21920441,246.23,268.49,1,0,1,-38.74580484,-72.63028333,1,705942.956210156,5708764.80073082,4
"2478",20025,0,22114625,320.3,325.58,1,0,1,-38.74451039,-72.62449174,1,706450.074073043,5708895.41410942,4
"2479",20025,0,22756417,250.19,314.41,0,1,1,-38.7383108,-72.58885699,1,709565.538438722,5709502.47228816,4
"2480",20025,0,23195802,270.4,217.58,1,0,1,-38.73580297,-72.59056601,1,709424.307664071,5709784.72326088,4
"2481",20025,0,23296537,267.95,207.02,0,1,1,-38.74098988,-72.62884953,1,706081.426531175,5709295.9698804,4
"2482",20025,0,23467518,264.53,305.9,1,0,1,-38.74508607,-72.62931715,1,706029.000673422,5708842.39937283,4
"2483",20025,0,23624571,237.01,152.74,0,1,1,-38.74210069,-72.59630544,1,708907.020406346,5709098.8758393,4
"2484",20025,0,23737726,236.01,206.67,0,1,1,-38.73838696,-72.62114908,1,706758.282275588,5709567.48716822,4
"2485",20025,0,24152071,268.76,310.21,0,1,1,-38.74482194,-72.62504222,1,706401.329560168,5708862.07819365,4
"2486",20025,0,24354397,280.06,266.15,0,1,1,-38.73567184,-72.62594788,1,706348.959026049,5709879.66307364,4
"2487",20025,0,24812981,207.63,192.22,0,1,1,-38.74295606,-72.59471039,1,709043.169656683,5709000.29699251,4
"2488",20025,1,3796975,260.53,309.95,0,0,0,-38.74581845,-72.63127154,0,705857.024873856,5708765.51436925,4
"2489",20025,1,23882371,272.49,306.18,0,0,0,-38.7357027,-72.62832305,0,706142.39830208,5709881.59163883,4
"2490",20025,1,18898636,290.76,313.28,0,0,0,-38.74134067,-72.59750465,0,708804.997557826,5709185.96620285,4
"2491",20025,1,4478179,230.74,358.45,0,0,0,-38.74290718,-72.59520819,0,709000.042999094,5709006.85940619,4
"2492",20025,1,7003943,295.49,313.42,0,0,0,-38.73057707,-72.61163124,0,707608.253503834,5710412.73362296,4
"2493",20025,1,19618843,292.45,299.78,0,0,0,-38.73222902,-72.61192022,0,707578.346776256,5710230.04405915,4
"2494",20025,1,11988720,236.82,322.13,0,0,0,-38.74653054,-72.63419589,0,705600.805724424,5708693.05809935,4
"2495",20025,1,3399434,242.69,225.77,0,0,0,-38.7486344,-72.63479365,0,705542.814329738,5708460.90038899,4
"2496",20025,1,10840404,223.65,324.04,0,0,0,-38.73415157,-72.6017166,0,708459.794518789,5709993.46992409,4
"2497",20025,1,24191597,218.13,298.53,0,0,0,-38.73719253,-72.62489309,0,706436.270817783,5709708.50713418,4
"2498",20025,1,1740694,248.9,290.24,0,0,0,-38.74110196,-72.58776738,0,709652.088060881,5709190.19173532,4
"2499",20025,1,19684256,268.2,321.31,0,0,0,-38.73983699,-72.61629455,0,707176.07563324,5709395.5713237,4
"2500",20025,1,13889209,237.35,190.74,0,0,0,-38.73831054,-72.62128542,0,706746.651244112,5709576.27688097,4
"2501",20025,1,12826900,301.9,296.63,0,0,0,-38.73912282,-72.58669061,0,709751.477789498,5709407.38385829,4
"2502",20025,1,16769231,289.52,301.4,0,0,0,-38.73115226,-72.61248676,0,707532.21291168,5710350.83550176,4
"2503",20025,1,22761196,235.75,208.47,0,0,0,-38.74220418,-72.61434053,0,707339.077881359,5709128.41707872,4
"2504",20025,1,24045088,283.65,225.53,0,0,0,-38.73985145,-72.62191502,0,706687.47799367,5709406.67831193,4
"2505",20025,1,1503679,240.73,276.36,0,0,0,-38.7445526,-72.60442828,0,708193.84283139,5708845.2613314,14
"2506",20025,1,11169083,272.16,290.79,0,0,0,-38.72249905,-72.57220565,0,711059.538262653,5711219.11219727,9
"2507",20025,1,15215667,300.01,290.56,0,0,0,-38.69490067,-72.52781824,0,715001.56748232,5714178.9126308,9
"2508",20025,1,15223270,302.01,322.47,0,0,0,-38.71529668,-72.56082573,0,712070.278042944,5711992.18353074,12
"2509",20025,1,23333490,229.59,270.25,0,0,0,-38.73297357,-72.59934567,0,708669.332783049,5710118.80900681,12
"2510",20048,0,590676,297.34,215.92,0,1,0,-38.7401426,-72.61435122,1,707344.114202449,5709357.2502946,4
"2511",20048,0,678568,179.89,164.15,0,1,0,-38.7461234,-72.62761723,1,706173.768871898,5708723.43945427,4
"2512",20048,0,834508,219.57,240.75,0,1,0,-38.7403486,-72.62876229,1,706090.854080897,5709366.94707581,4
"2513",20048,0,1334889,296.1,215.07,1,0,0,-38.74234428,-72.61263431,1,707486.979537397,5709108.99960447,4
"2514",20048,0,2394043,270.72,237.62,0,1,0,-38.74282575,-72.58733214,1,709684.875822014,5708997.8748025,4
"2515",20048,0,4305696,313.17,345.74,1,0,1,-38.7386092,-72.62130246,1,706744.30837395,5709543.16799704,4
"2516",20048,0,4639872,167.29,192.53,0,1,0,-38.73970892,-72.61143614,1,707598.76134763,5709398.77293581,4
"2517",20048,0,4666287,283.57,309.86,1,0,1,-38.7430605,-72.60082858,1,708511.06715231,5709002.66755048,4
"2518",20048,0,6093345,278.77,273.28,1,0,1,-38.74187994,-72.626618,1,706272.835244308,5709192.15600842,4
"2519",20048,0,6338621,234.71,210.33,1,0,1,-38.7464934,-72.626684,1,706253.816860021,5708680.27058819,4
"2520",20048,0,6414300,255.87,248.65,0,1,0,-38.73769557,-72.61987691,1,706870.86296413,5709641.34696627,4
"2521",20048,0,10481770,273.54,334.6,1,0,1,-38.73415444,-72.62654357,1,706301.543847423,5710049.41776018,4
"2522",20048,0,10720434,272.96,212.77,0,1,0,-38.73922012,-72.58786299,1,709649.283165626,5709399.27182945,4
"2523",20048,0,11326653,325.32,331.03,1,0,1,-38.7295932,-72.61831659,1,707029.89950812,5710537.07584847,4
"2524",20048,0,12599578,292.34,271.67,1,0,1,-38.73525424,-72.60342649,1,708307.946239281,5709874.9815647,4
"2525",20048,0,12650110,271.1,266.16,0,1,0,-38.73942338,-72.60703925,1,707981.788378889,5709420.47850323,4
"2526",20048,0,13249430,263.44,228.43,0,1,0,-38.74038174,-72.61796722,1,707029.105874834,5709338.89732299,4
"2527",20048,0,14088674,315.13,328.48,1,0,1,-38.74655478,-72.62702567,1,706223.943514206,5708674.22848074,4
"2528",20048,0,15768991,255.62,299.07,0,1,0,-38.74226102,-72.62608351,1,706318.196775835,5709148.6558852,4
"2529",20048,0,15896303,298.04,300.26,0,1,0,-38.74171206,-72.60952925,1,707758.709040532,5709172.12141635,4
"2530",20048,0,16073037,305.86,324.97,0,1,0,-38.74021497,-72.62075218,1,706787.508045661,5709363.70475409,4
"2531",20048,0,16415297,241.66,295.96,0,1,0,-38.74357164,-72.61234822,1,707508.292202433,5708972.12941353,4
"2532",20048,0,16936356,232.83,321.86,0,1,0,-38.73411647,-72.62445794,1,706482.959566512,5710048.92774681,4
"2533",20048,0,17270484,298.47,272.04,0,1,0,-38.74725792,-72.63520065,1,705511.389329546,5708614.58611601,4
"2534",20048,0,17815212,275.64,265.08,0,1,0,-38.74536001,-72.62527096,1,706379.89789206,5708802.87542768,4
"2535",20048,0,18317633,312.59,323.64,0,1,0,-38.7354372,-72.62190858,1,706700.76961762,5709896.58817353,4
"2536",20048,0,19021904,246.4,300.98,1,0,1,-38.74293235,-72.6310721,1,705882.652943381,5709085.38501594,4
"2537",20048,0,21465981,288.99,310.04,0,1,0,-38.73706688,-72.61330152,1,707444.261933409,5709696.2363825,4
"2538",20048,0,21730457,376.61,370.17,0,1,0,-38.74279919,-72.6007673,1,708517.154138408,5709031.53001706,4
"2539",20048,0,21773032,281.77,258.35,0,1,0,-38.73600305,-72.62425196,1,706495.429965303,5709839.07721066,4
"2540",20048,0,21915628,310.25,299.65,1,0,1,-38.73084094,-72.61362215,1,707434.408684748,5710387.96227269,4
"2541",20048,1,24474807,197.24,200.36,0,0,0,-38.73168561,-72.62597117,0,706358.411084809,5710322.13481108,4
"2542",20048,1,24668914,329.81,304.72,0,0,0,-38.73412494,-72.59911345,0,708686.167937304,5709990.49192663,4
"2543",20048,1,19179482,326.24,288.53,0,0,0,-38.74308735,-72.61277365,0,707472.716215782,5709026.844309,4
"2544",20048,1,1049321,292.91,311.44,0,0,0,-38.74134229,-72.62556454,0,706365.952365046,5709249.45251937,4
"2545",20048,1,21569513,322.93,339.5,0,0,0,-38.7567621,-72.63229693,0,705736.465508165,5707553.21788085,2
"2546",20048,1,25133695,295.3,358.45,0,0,0,-38.75476249,-72.6231509,0,706537.056093841,5707754.53578554,2
"2547",20048,1,1932143,317.61,321.44,0,0,0,-38.75445994,-72.61450532,0,707289.286801034,5707768.55670624,2
"2548",20048,1,18171453,342.76,358.45,0,0,0,-38.75520825,-72.63078431,0,705872.384460249,5707722.27159905,2
"2549",20048,1,9024999,214.98,205.58,0,0,0,-38.75939112,-72.62193429,0,706629.431363825,5707238.06860861,2
"2550",20048,1,5287963,352.61,368.71,0,0,0,-38.75506891,-72.63161683,0,705800.434254784,5707739.61010406,2
"2551",20048,1,22151514,242.99,262.8,0,0,0,-38.76069541,-72.63081383,0,705854.044973946,5707113.33365897,2
"2552",20048,1,5645874,231.47,255.81,0,0,0,-38.76101958,-72.63362343,0,705608.963066736,5707083.67541197,2
"2553",20048,1,22413415,293.14,323.78,0,0,0,-38.75558327,-72.61893404,0,706901.156284173,5707653.90896114,2
"2554",20048,1,14842579,255.86,287.9,0,0,0,-38.76056353,-72.6325254,0,705705.690332353,5707131.82188403,2
"2555",20048,1,4454226,294.35,299.46,0,0,0,-38.74696819,-72.62934179,0,706021.446499869,5708633.56398871,4
"2556",20048,1,11886752,263.9,324.75,0,0,0,-38.74398425,-72.59720678,0,708823.184337499,5708891.88193376,4
"2557",20048,1,22121171,313.23,356.66,0,0,0,-38.73628918,-72.62486815,0,706441.040984714,5709808.71092122,4
"2558",20048,1,12079411,372.35,349.95,0,0,0,-38.74605964,-72.63075964,0,705900.824479377,5708737.59339708,4
"2559",20048,1,15348997,283.99,324.23,0,0,0,-38.7353681,-72.61560325,0,707249.090137956,5709889.99496255,4
"2560",20048,1,12025653,349.02,382.99,0,0,0,-38.74344834,-72.61397587,0,707367.173831598,5708989.50471906,4
"2561",20085,0,1589377,229.06,264.16,1,0,0,-38.7119412,-72.62112421,1,706836.724837524,5712502.56196553,3
"2562",20085,0,4822929,289.48,296.46,0,1,0,-38.72011608,-72.60753545,1,707994.670812257,5711564.4683422,3
"2563",20085,0,6528283,307.66,355.64,0,1,0,-38.71414815,-72.63053176,1,706012.32258462,5712278.8327149,3
"2564",20085,0,7373324,225.6,282.05,1,0,0,-38.7233961,-72.6227879,1,706659.041111827,5711234.9780974,3
"2565",20085,0,10228034,296.44,259.4,0,1,0,-38.70944945,-72.65167197,1,704187.444405013,5712847.68409115,3
"2566",20085,0,10919259,284.85,249.43,1,0,0,-38.71658958,-72.63266875,1,705819.493349408,5712012.67389785,3
"2567",20085,0,16984174,257.98,320.18,1,0,0,-38.72043822,-72.61468187,1,707372.369041692,5711544.93002307,3
"2568",20085,0,21016154,298.47,336.2,1,0,0,-38.71777053,-72.61011967,1,707776.772772794,5711830.66283803,3
"2569",20085,0,23461878,242.62,268.97,1,0,0,-38.7167905,-72.62189927,1,706755.347437204,5711966.10523924,3
"2570",20085,1,18804562,223.25,276.53,0,0,0,-38.710727,-72.6652834,0,703000.168929271,5712736.16220683,6
"2571",20085,1,22889713,277.25,277.11,0,0,0,-38.70967124,-72.65259222,0,704106.787648893,5712825.1204346,6
"2572",20085,1,1771536,307.85,340.3,0,0,0,-38.7162903,-72.65268661,0,704079.746005382,5712090.70732199,6
"2573",20085,1,5904853,346.98,361.47,0,0,0,-38.7102046,-72.66576402,0,702959.852671797,5712795.20675178,6
"2574",20091,0,968415,308.89,221.7,1,0,0,-38.74093509,-72.64034005,1,705082.79542876,5709327.86993865,7
"2575",20091,0,4455139,286.78,316.24,0,1,0,-38.74518078,-72.63783042,1,705288.774461338,5708851.02592816,7
"2576",20091,0,4677182,338.03,346.01,0,1,0,-38.7369773,-72.64207568,1,704943.248345454,5709771.02092625,7
"2577",20091,0,10631903,374.17,345.28,1,0,0,-38.73372916,-72.63671309,1,705418.714941912,5710119.49648413,7
"2578",20091,1,18339432,300.48,209.31,0,0,0,-38.73263768,-72.62832187,0,706151.316635961,5710221.76587332,7
"2579",20091,1,23871827,295.39,295.8,0,0,0,-38.73871647,-72.6464074,0,704561.738188141,5709587.68966537,7
"2580",20091,1,9915700,209.1,173.41,0,0,0,-38.73976829,-72.63239803,0,705776.488886234,5709439.53718374,7
"2581",20091,1,22422283,327.98,307.37,0,0,0,-38.73219905,-72.63239298,0,705798.662299698,5710279.61155257,7
"2582",20091,1,9247543,376.61,354.72,0,0,0,-38.74128484,-72.64641797,0,704553.487632568,5709302.65859451,7
"2583",20091,1,8874074,380.6,358.01,0,0,0,-38.73600671,-72.6301258,0,705984.812779777,5709851.91033701,7
"2584",20091,1,17671375,302.33,374.08,0,0,0,-38.76106698,-72.6493299,0,704243.961578021,5707113.60956891,1
"2585",20091,1,8039148,297.84,289.99,0,0,0,-38.751477,-72.64409427,0,704726.341204332,5708166.26600001,1
"2586",20091,1,11313425,335.82,307.81,0,0,0,-38.75458626,-72.64581867,0,704567.5931871,5707825.03709838,1
"2587",20091,1,23785732,301.07,358.45,0,0,0,-38.75467581,-72.63903835,0,705156.588190403,5707799.91182482,1
"2588",20091,1,21699448,279.98,306.11,0,0,0,-38.75443903,-72.64049889,0,705030.336223655,5707829.4662946,1
"2589",20091,1,9447507,266.59,263.42,0,0,0,-38.75018489,-72.60678663,0,707972.505852759,5708225.51232061,14
"2590",20091,1,24132135,342.43,316.59,0,0,0,-38.73360151,-72.61775297,0,707067.319158669,5710090.93037855,4
"2591",20091,1,5503435,320.6,346.28,0,0,0,-38.74477471,-72.62759666,0,706179.438060305,5708873.08019729,4
"2592",20091,1,487520,340.93,382.99,0,0,0,-38.73630648,-72.62775857,0,706189.731043802,5709813.30813057,4
"2593",20091,1,1452284,337.03,367.65,0,0,0,-38.73592614,-72.62499762,0,706430.832039481,5709849.29571426,4
"2594",20091,1,11197327,318.27,340.47,0,0,0,-38.72743436,-72.61817164,0,707048.736205762,5710776.35094988,4
"2595",20091,1,11258994,303.15,294.86,0,0,0,-38.74211954,-72.62658307,0,706275.181649725,5709165.48477038,4
"2596",20091,1,3868168,299.38,349.77,0,0,0,-38.74171669,-72.60125884,0,708477.578648785,5709152.79413514,4
"2597",20091,1,8761639,351.65,374.08,0,0,0,-38.74179654,-72.62681564,0,706255.896090838,5709201.8579031,4
"2598",20091,1,1856814,265.35,245.7,0,0,0,-38.73209079,-72.61487012,0,707322.300846991,5710252.07323893,4
"2599",20091,1,1779063,263.32,239.27,0,0,0,-38.7298296,-72.56141696,0,711975.897219637,5710380.57550404,11
"2600",20091,1,23822215,358.46,349.95,0,0,0,-38.74201027,-72.5846616,0,709919.391615442,5709082.25884336,11
"2601",20091,1,20798281,344.62,354.72,0,0,0,-38.7110319,-72.55026034,0,713001.65755265,5712440.99244808,11
"2602",20091,1,5462848,279.45,310.62,0,0,0,-38.74181065,-72.57468528,0,710787.143541093,5709081.4760661,11
"2603",20091,1,20105961,327.62,330.28,0,0,0,-38.70397801,-72.54213233,0,713729.487484137,5713204.94659203,11
"2604",20091,1,13665868,274.28,306.43,0,0,0,-38.7448426,-72.57915325,0,710389.872561609,5708755.25116316,11
"2605",20091,1,1061255,271.68,291.58,0,0,0,-38.74214641,-72.58007554,0,710317.622698555,5709056.61616305,11
"2606",20091,1,466161,333.95,382.99,0,0,0,-38.72911016,-72.55799266,0,712275.727405892,5710452.48704903,11
"2607",20091,1,20626442,341.21,367.65,0,0,0,-38.74613876,-72.58488686,0,709887.71651888,5708624.56379686,11
"2608",20091,1,18581081,324.24,323.37,0,0,0,-38.72685621,-72.55823817,0,712261.057082601,5710703.21790858,11
"2609",20091,1,15506165,349.91,273.78,0,0,0,-38.74029636,-72.5775718,0,710540.68923586,5709256.19045253,11
"2610",20091,1,20109579,330.68,344.52,0,0,0,-38.72885506,-72.5676665,0,711435.453551182,5710503.19554495,11
"2611",20091,1,7644872,321.61,345.74,0,0,0,-38.75371284,-72.62097718,0,706728.995622379,5707866.12282359,13
"2612",20091,1,7965372,267.28,246.35,0,0,0,-38.7535182,-72.61453823,0,707289.152328443,5707873.15256259,13
"2613",20091,1,11507242,246.78,225.54,0,0,0,-38.71102586,-72.65806229,0,703627.26220339,5712686.95698231,6
"2614",20091,1,6012314,269.24,210.07,0,0,0,-38.70831712,-72.66235785,0,703261.400309039,5712997.13399795,6
"2615",20091,1,6749022,287.19,320.81,0,0,0,-38.70832896,-72.65688084,0,703737.659033561,5712983.6466279,6
"2616",20091,1,3306358,332.65,303.57,0,0,0,-38.71359462,-72.66202948,0,703275.00031693,5712410.67694152,6
"2617",20091,1,5415780,360.65,374.08,0,0,0,-38.72053693,-72.62396528,0,706564.911240542,5711554.96578117,3
"2618",20091,1,23542122,318.41,274.93,0,0,0,-38.72298473,-72.62981857,0,706048.946881838,5711296.48581388,3
"2619",20091,1,12673370,304.74,315.78,0,0,0,-38.71059271,-72.6339953,0,705721.34601088,5712681.22679255,3
"2620",20091,1,1450566,320.02,329.96,0,0,0,-38.72002022,-72.62157058,0,706774.615060206,5711606.90678807,3
"2621",20091,1,19758115,287.56,342.33,0,0,0,-38.75164412,-72.63378179,0,705622.118856719,5708124.58652611,13
"2622",20091,1,11470165,213.78,233.52,0,0,0,-38.74561229,-72.61363748,0,707390.322642915,5708748.566762,13
"2623",20091,1,2882674,335.2,318.87,0,0,0,-38.754772,-72.6365982,0,705368.376301515,5707783.7598892,13
"2624",20091,1,19876254,287.92,320.2,0,0,0,-38.71854224,-72.65901695,0,703522.916388069,5711854.86689892,5
"2625",20091,1,8315564,358.84,319.87,0,0,0,-38.72978449,-72.64253803,0,704923.621147422,5710570.36179235,5
"2626",20091,1,10004591,243.23,216.66,0,0,0,-38.72547522,-72.65636631,0,703733.689233751,5711079.50537645,5
"2627",20091,1,9617943,374.17,368.75,0,0,0,-38.73261769,-72.6464043,0,704579.415886004,5710264.56528904,5
"2628",20091,1,21061417,261.11,247.99,0,0,0,-38.72994639,-72.60163834,0,708478.828645442,5710460.01312386,10
"2629",20091,1,16198237,268.29,243.29,0,0,0,-38.73097628,-72.6032792,0,708333.184496062,5710349.4453345,10
"2630",20091,1,1566660,312.66,312.94,0,0,0,-38.72719392,-72.60088392,0,708552.422929571,5710763.78321645,10
"2631",20091,1,20230450,260.14,317.93,0,0,0,-38.72890992,-72.60694032,0,708020.90023033,5710587.11330537,10
"2632",20091,1,20779841,292.39,291.37,0,0,0,-38.72884368,-72.60690499,0,708024.163967432,5710594.38478453,10
"2633",20091,1,2137116,341.21,310.37,0,0,0,-38.72622036,-72.60245123,0,708418.991345229,5710875.40634468,10
"2634",20091,1,7869744,263.57,202.08,0,0,0,-38.73114233,-72.60316942,0,708342.245620306,5710330.76597202,10
"2635",20091,1,2021999,277.62,284.91,0,0,0,-38.73761031,-72.60505541,0,708159.500394734,5709617.19478852,4
"2636",20091,1,20355778,222.95,256.43,0,0,0,-38.72970694,-72.62576378,0,706382.137228126,5710541.27343613,4
"2637",20091,1,5100684,326.58,350.95,0,0,0,-38.7324357,-72.60322019,0,708334.072631077,5710187.33398265,4
"2638",20096,0,215992,242.85,249.45,0,1,1,-38.72501632,-72.56289326,1,711861.776239958,5710918.2100343,12
"2639",20096,0,784998,274.28,281.71,1,0,1,-38.69799369,-72.53582829,1,714295.615684,5713854.39981738,12
"2640",20096,0,2319087,232.68,282.5,1,0,1,-38.70599567,-72.55123787,1,712931.599819203,5713002.22657696,12
"2641",20096,0,3176312,265.1,288.97,1,0,1,-38.6996754,-72.53696236,1,714191.958642727,5713670.40362541,12
"2642",20096,0,3401391,293.54,289.96,1,0,1,-38.70849905,-72.55300116,1,712770.827791298,5712728.48137048,12
"2643",20096,0,4575642,245.52,298.03,0,1,1,-38.73543846,-72.58660608,1,709769.610173516,5709816.10845018,12
"2644",20096,0,5803898,268.88,257.54,1,0,1,-38.6980078,-72.53648685,1,714238.294402118,5713854.37472003,12
"2645",20096,0,5830886,226.67,170.86,0,1,1,-38.69656181,-72.53519158,1,714355.271379846,5714011.83101437,12
"2646",20096,0,5952313,186.33,215.94,1,0,1,-38.70511393,-72.54986201,1,713053.871972029,5713096.88826414,12
"2647",20096,0,6219132,232.54,290.83,1,0,1,-38.71562086,-72.56012582,1,712130.179844643,5711954.58179253,12
"2648",20096,0,6248784,246.46,211,1,0,1,-38.73315939,-72.59772849,1,708809.377756218,5710094.49629714,12
"2649",20096,0,6530536,226.38,292.32,0,1,1,-38.73259303,-72.58109532,1,710257.009131345,5710119.26797835,12
"2650",20096,0,7994409,281.57,328.07,1,0,1,-38.71407129,-72.55462522,1,712613.076393912,5712113.80383487,12
"2651",20096,0,8087410,299.87,321.12,1,0,1,-38.72085587,-72.5588912,1,712222.042496948,5711370.69757568,12
"2652",20096,0,10426944,230.46,322.79,1,0,1,-38.70498218,-72.54866385,1,713158.464440921,5713108.72215535,12
"2653",20096,0,11282865,304.59,291.56,1,0,1,-38.72082485,-72.56101256,1,712037.68564197,5711379.05698083,12
"2654",20096,0,11606058,262.75,313.63,0,1,1,-38.72153208,-72.56229813,1,711923.81724296,5711303.54048157,12
"2655",20096,0,12035097,282.04,246.38,1,0,1,-38.71415413,-72.55907465,1,712225.924163803,5712114.93439847,12
"2656",20096,0,13660276,374.17,382.99,1,0,1,-38.72014613,-72.55884116,1,712228.494048242,5711449.35407715,12
"2657",20096,0,14068270,265.06,272.3,1,0,1,-38.7103318,-72.55269745,1,712791.80258786,5712524.36259446,12
"2658",20096,0,14373109,182.58,181.7,1,0,1,-38.72111408,-72.56378405,1,711795.855044545,5711353.37286603,12
"2659",20096,0,15792088,298.54,328.38,1,0,1,-38.73227802,-72.57831629,1,710499.525742542,5710147.84104691,12
"2660",20096,0,16590758,230.94,219.66,1,0,1,-38.72274054,-72.57726512,1,710618.927860956,5711203.96486355,12
"2661",20096,0,17825032,313.01,297.29,0,1,1,-38.71272271,-72.55940875,1,712201.107039383,5712274.57898858,12
"2662",20096,0,18410086,281.82,290.17,1,0,1,-38.73407583,-72.59371494,1,709155.612602063,5709983.61667132,12
"2663",20096,0,20612183,257.64,180.61,1,0,1,-38.72687495,-72.57464926,1,710834.207155005,5710739.07352343,12
"2664",20096,0,21517145,182.96,177.29,1,0,1,-38.72714636,-72.56633597,1,711556.170392106,5710689.76551395,12
"2665",20096,0,23027516,262.01,311.08,1,0,1,-38.73344475,-72.59051713,1,709435.447968771,5710046.34436917,12
"2666",20096,0,23366121,282.79,333.38,0,1,1,-38.73287147,-72.57564868,1,710729.687356652,5710075.83546292,12
"2667",20096,0,23388256,258.41,319.97,0,1,1,-38.72209695,-72.57806073,1,710551.64289546,5711277.22590481,12
"2668",20096,0,24792578,227.59,235.22,1,0,1,-38.71751239,-72.56068386,1,712076.061930238,5711745.93813912,12
"2669",20096,1,25605499,274.52,314.37,0,0,0,-38.73294861,-72.57750101,0,710568.431301508,5710071.53802196,12
"2670",20096,1,15849909,318.27,304.25,0,0,0,-38.7140632,-72.5544168,0,712631.223870393,5712114.21763144,12
"2671",20100,0,287197,181.13,207.32,0,1,1,-38.71961503,-72.55214203,1,712812.554248258,5711492.74523599,11
"2672",20100,0,1059608,276.92,261.16,0,1,1,-38.74135894,-72.57834804,1,710470.093837744,5709140.04302301,11
"2673",20100,0,3070943,195.61,249.47,0,1,1,-38.73309571,-72.5613303,1,711973.771867463,5710017.8757688,11
"2674",20100,0,3846394,321.89,336.06,1,0,1,-38.72669221,-72.55963011,1,712140.525738796,5710724.64745598,11
"2675",20100,0,3974773,290.26,287.36,1,0,1,-38.71301146,-72.55030416,1,712991.968500441,5712221.38721713,11
"2676",20100,0,6243663,252.09,237.58,1,0,1,-38.73141586,-72.56005933,1,712089.232349517,5710201.373965,11
"2677",20100,0,6959186,232.11,254.23,1,0,1,-38.73089399,-72.56041973,1,712059.444785261,5710260.13052448,11
"2678",20100,0,7219236,284.71,367.65,1,0,1,-38.73017815,-72.55635713,1,712414.752732729,5710330.15777199,11
"2679",20100,0,7245543,204.81,221.73,1,0,1,-38.72168778,-72.55405632,1,712639.960066656,5711267.14403647,11
"2680",20100,0,7586844,276.52,287.83,0,1,1,-38.72764373,-72.55554715,1,712492.682762375,5710609.56765699,11
"2681",20100,0,7940877,252.45,219.84,0,1,1,-38.72866389,-72.5572885,1,712338.267800428,5710500.38402748,11
"2682",20100,0,8318157,177.26,153.91,1,0,1,-38.74396117,-72.58140862,1,710196.424415081,5708858.26366925,11
"2683",20100,0,9288258,254.46,328.07,1,0,1,-38.70857583,-72.54537013,1,713434.219880785,5712702.1972386,11
"2684",20100,0,9419683,251.51,282.25,0,1,1,-38.74223378,-72.57742378,1,710547.862623853,5709040.81972151,11
"2685",20100,0,10550400,225.78,240.61,0,1,1,-38.73723173,-72.57556899,1,710723.794255802,5709591.71630883,11
"2686",20100,0,12104631,298.16,335.94,1,0,1,-38.73081716,-72.56536102,1,711630.095449348,5710280.09697037,11
"2687",20100,0,12196867,202.89,208.17,0,1,1,-38.74601601,-72.58274355,1,710074.367024203,5708633.26780866,11
"2688",20100,0,12954767,240.74,249.69,1,0,1,-38.71498105,-72.55099859,1,712925.734869716,5712004.40203405,11
"2689",20100,0,13857033,203.15,266.45,0,1,1,-38.73536774,-72.56725433,1,711452.07266543,5709779.41451776,11
"2690",20100,0,16870313,269.05,301.19,1,0,1,-38.72560248,-72.56250505,1,711893.795985425,5710852.25463343,11
"2691",20100,0,19653282,243.82,251.18,0,1,1,-38.71360506,-72.54976964,1,713036.686083328,5712154.26099425,11
"2692",20100,0,20996070,272.17,295.9,1,0,1,-38.72667083,-72.5593537,1,712164.620428024,5710726.37960763,11
"2693",20100,0,21863738,265.68,269.33,0,1,1,-38.72953229,-72.56328257,1,711814.584589652,5710417.89319599,11
"2694",20100,0,23251321,235.32,180.13,1,0,1,-38.71745295,-72.55309708,1,712735.926803099,5711734.9301496,11
"2695",20100,1,12078711,170.16,131.41,0,0,0,-38.74728511,-72.58415256,0,709948.180218361,5708495.64789104,11
"2696",20122,0,1419277,227.37,235.02,1,0,1,-38.72646468,-72.56880194,1,711343.787307347,5710771.12132342,12
"2697",20122,0,3169016,237.51,233.24,0,1,1,-38.71816818,-72.56017211,1,712118.619975628,5711671.96765644,12
"2698",20122,0,6927621,180.69,185.43,1,0,1,-38.72091494,-72.56243853,1,711913.433743898,5711372.36057668,12
"2699",20122,0,7275917,250.78,214.56,1,0,1,-38.72518702,-72.56882128,1,711345.872381426,5710912.97061886,12
"2700",20122,0,14225899,264.79,335.55,1,0,1,-38.7281803,-72.57675554,1,710647.249900988,5710599.04606915,12
"2701",20122,0,16227661,289.96,272.12,1,0,1,-38.71036038,-72.55416216,1,712664.344998087,5712524.59405212,12
"2702",20122,0,18658114,239.41,312.89,1,0,1,-38.71253811,-72.55500964,1,712584.192804055,5712284.86092634,12
"2703",20122,0,21010547,258.93,250.29,1,0,1,-38.72064507,-72.56582747,1,711619.568177062,5711410.15372734,12
"2704",20122,0,22874509,245.33,300.94,1,0,1,-38.71581448,-72.55774809,1,712336.361242885,5711927.57952424,12
"2705",20122,0,24997086,245.29,264.49,1,0,1,-38.71235328,-72.55943027,1,712200.328668442,5712315.6310697,12
"2706",20129,0,2802223,286.62,279.54,1,0,1,-38.71351813,-72.56028547,1,712122.516615283,5712188.32901773,12
"2707",20129,0,5386457,273.98,304.98,1,0,1,-38.72932553,-72.5876714,1,709694.885150333,5710497.00923493,12
"2708",20129,0,5989836,249.22,222.13,1,0,1,-38.6981805,-72.53534806,1,714336.826381356,5713832.54222526,12
"2709",20129,0,12108727,230.49,229.79,0,1,1,-38.72681873,-72.56664995,1,711529.839537569,5710726.85423187,12
"2710",20129,0,12189982,261.54,274.46,0,1,1,-38.73477008,-72.59228513,1,709277.881254063,5709903.29443313,12
"2711",20129,0,12767827,257.44,309.4,0,1,1,-38.72182844,-72.56070493,1,712061.465380166,5711266.95797704,12
"2712",20129,0,15537330,318.24,262.33,1,0,1,-38.73527546,-72.58957904,1,709511.646783737,5709841.01087402,12
"2713",20129,0,15920438,305.41,337.74,1,0,1,-38.70690536,-72.55021408,1,713017.934035773,5712898.88058858,12
"2714",20129,0,17481448,313.35,300.39,0,1,1,-38.72453199,-72.56233996,1,711911.313478105,5710970.68379653,12
"2715",20129,0,19180944,317.49,303.27,1,0,1,-38.73383019,-72.59195804,1,709309.060367149,5710006.86231308,12
"2716",20129,0,21530044,204.16,209.17,1,0,1,-38.70413644,-72.54633937,1,713363.134320763,5713197.17483046,12
"2717",20129,0,23329264,327.26,367.19,0,1,1,-38.72766097,-72.57419511,1,710871.379183655,5710650.78861907,12
"2718",20129,0,24892446,325.57,321.14,1,0,1,-38.73279725,-72.57604939,1,710695.070433552,5710084.9957039,12
"2719",20129,1,19270304,323.8,352.49,0,0,0,-38.72052993,-72.55901452,0,712212.284673469,5711407.15889014,12
"2720",20129,1,3066236,334.49,292.84,0,0,0,-38.71499943,-72.55980612,0,712159.817584792,5712022.81200409,12
"2721",20129,1,11836815,309.86,364.9,0,0,0,-38.7150987,-72.55773706,0,712339.43961162,5712006.99679136,12
"2722",20129,1,9514168,197.03,237.6,0,0,0,-38.73187539,-72.63790019,0,705320.828663897,5710327.90440246,7
"2723",20137,0,346145,244.18,235.71,0,1,0,-38.71028608,-72.66679393,1,702870.061548783,5712788.44623535,6
"2724",20137,0,956131,305.5,281.68,1,0,1,-38.70946163,-72.65986789,1,703474.68619107,5712864.57884383,6
"2725",20137,0,1276041,302.68,348.46,0,1,0,-38.70855704,-72.66141812,1,703342.441142555,5712968.41963854,6
"2726",20137,0,2263772,278.06,303.87,1,0,1,-38.70800735,-72.66210084,1,703284.628198107,5713030.94348525,6
"2727",20137,0,2444678,269,290.53,1,0,1,-38.71165587,-72.65891725,1,703551.128116026,5712618.9359332,6
"2728",20137,0,2934182,356.22,312.14,1,0,1,-38.71027852,-72.66559383,1,702974.443193172,5712786.62538846,6
"2729",20137,0,2958636,262.77,257.53,0,1,0,-38.71523462,-72.65366923,1,703997.307406713,5712210.06328179,6
"2730",20137,0,3125544,256,316.14,0,1,0,-38.70959759,-72.66672007,1,702878.431511642,5712864.69517811,6
"2731",20137,0,3746309,376.61,374.08,0,1,0,-38.7088274,-72.65615173,1,703799.648003521,5712926.70410577,6
"2732",20137,0,3953342,335.02,353.01,0,1,0,-38.70993798,-72.66046298,1,703421.585959031,5712813.03307302,6
"2733",20137,0,5000168,241.16,250.36,0,1,0,-38.70890798,-72.65893113,1,703557.718510585,5712923.94392113,6
"2734",20137,0,6044263,287.71,266.48,0,1,0,-38.70990637,-72.6650092,1,703026.335672074,5712826.63249296,6
"2735",20137,0,6243949,333.63,344.44,0,1,0,-38.71051685,-72.66260022,1,703234.091305474,5712753.53312438,6
"2736",20137,0,6334420,258.11,287.83,0,1,0,-38.71172832,-72.66207014,1,703276.753649437,5712617.90023333,6
"2737",20137,0,6338046,286.43,317.42,0,1,0,-38.70820145,-72.66267695,1,703233.978395145,5713010.68008688,6
"2738",20137,0,6404175,266.69,277.43,1,0,1,-38.71448604,-72.65742442,1,703672.905226162,5712301.50655059,6
"2739",20137,0,6532743,271.38,269.75,0,1,0,-38.70916748,-72.65996788,1,703466.825276815,5712897.4475585,6
"2740",20137,0,6796383,240.57,278.7,1,0,1,-38.71150724,-72.659611,1,703491.222599761,5712636.97398864,6
"2741",20137,0,6835505,282.31,317.15,0,1,0,-38.70883694,-72.66033423,1,703435.904434591,5712934.94690909,6
"2742",20137,0,7123363,306.26,242.46,1,0,1,-38.70937451,-72.65211763,1,704148.902700797,5712856.99519918,6
"2743",20137,0,7801663,192.66,282.24,0,1,0,-38.7097617,-72.66740955,1,702818.010036038,5712848.00888578,6
"2744",20137,0,10104883,255.48,334.95,1,0,1,-38.70984248,-72.66301809,1,703199.663814784,5712829.30617051,6
"2745",20137,0,10579056,262.32,302.78,0,1,0,-38.71038897,-72.65507339,1,703888.983781494,5712750.99086249,6
"2746",20137,0,10964095,250.34,300.25,0,1,0,-38.70999638,-72.65163058,1,704189.486925894,5712786.89018301,6
"2747",20137,0,11291076,356.22,331.86,0,1,0,-38.7108254,-72.65469694,1,703920.479086136,5712701.71482567,6
"2748",20137,0,11333386,208.98,234.52,0,1,0,-38.71171333,-72.65655598,1,703756.296411288,5712607.30611337,6
"2749",20137,0,11401376,178.27,176.01,1,0,1,-38.70777376,-72.66227822,1,703269.864646233,5713057.26247954,6
"2750",20137,0,11774335,289.14,326.08,0,1,0,-38.70964726,-72.66318734,1,703185.498737257,5712851.34844944,6
"2751",20137,0,11975277,306.46,348.15,1,0,1,-38.71104503,-72.66022191,1,703439.409809627,5712689.63047271,6
"2752",20137,0,12019727,314.65,332.92,0,1,0,-38.71097145,-72.65606441,1,703801.150150129,5712688.55025669,6
"2753",20137,0,13952701,249.34,342.71,0,1,0,-38.70748608,-72.66236522,1,703263.113958385,5713089.38402597,6
"2754",20137,0,14829891,204.38,189.94,0,1,0,-38.71120766,-72.65797664,1,703634.194135295,5712666.58923324,6
"2755",20137,0,15475640,199.64,177.95,0,1,0,-38.70997902,-72.66013673,1,703449.840309083,5712807.75328463,6
"2756",20137,0,16182253,317.52,314.13,0,1,0,-38.7095394,-72.66402057,1,703113.346079313,5712865.16819401,6
"2757",20137,0,17697600,231.76,303.82,0,1,0,-38.71075971,-72.66475682,1,703045.867271378,5712731.36415719,6
"2758",20137,0,17884362,231.28,251.33,0,1,0,-38.70954264,-72.66127196,1,703352.35763053,5712858.70734654,6
"2759",20137,0,18046933,276.9,335.94,0,1,0,-38.70811324,-72.66193999,1,703298.316038277,5713018.83405457,6
"2760",20137,0,18495730,257.8,236,0,1,0,-38.71009236,-72.65343157,1,704032.59954055,5712780.25285031,6
"2761",20137,0,18561556,291.65,316,0,1,0,-38.71002777,-72.65643075,1,703771.974263692,5712794.100929,6
"2762",20137,0,19001905,311.06,320.4,0,1,0,-38.71091351,-72.65817754,1,703617.559107039,5712699.6825807,6
"2763",20137,0,19180427,248.92,276.5,1,0,1,-38.71061926,-72.65534764,1,703864.480623415,5712726.04261008,6
"2764",20137,0,19577318,241.73,239.75,1,0,1,-38.7107946,-72.65431569,1,703953.719827779,5712704.28395158,6
"2765",20137,0,20519454,347.54,352.32,1,0,1,-38.70856062,-72.65729986,1,703700.562374276,5712958.86795649,6
"2766",20137,0,21256248,252.89,290.06,0,1,0,-38.71004386,-72.66081242,1,703390.898411633,5712802.05822941,6
"2767",20137,0,21437958,277.16,344.44,1,0,1,-38.7098786,-72.65410455,1,703974.684986584,5712805.47676269,6
"2768",20137,0,21480140,263.39,271.11,1,0,1,-38.71109259,-72.65581379,1,703822.599590194,5712674.54749195,6
"2769",20137,0,21913941,270.96,337.53,0,1,0,-38.70975754,-72.6664872,1,702898.229595579,5712846.42696192,6
"2770",20137,0,21929794,272.47,328.58,0,1,0,-38.71123717,-72.65882905,1,703559.985996837,5712665.20964814,6
"2771",20137,0,23171398,236.28,262.32,0,1,0,-38.71135715,-72.66263766,1,703228.454869139,5712660.35480191,6
"2772",20137,0,23360801,276.82,270.46,1,0,1,-38.71084775,-72.66517041,1,703009.652711321,5712722.51013222,6
"2773",20137,0,23864989,289.33,319.53,0,1,0,-38.70999562,-72.65421505,1,703964.743152931,5712792.73535615,6
"2774",20137,0,24358580,225.82,269.12,0,1,0,-38.70854134,-72.65632269,1,703785.593656099,5712958.83327681,6
"2775",20137,0,24964272,209.56,339.91,0,1,0,-38.71081151,-72.66113414,1,703360.745415143,5712717.57456338,6
"2776",20137,1,23809002,294.92,335.67,0,0,0,-38.70921939,-72.66474888,0,703050.917610148,5712902.3002335,6
"2777",20137,1,1919435,249.28,203.2,0,0,0,-38.71371013,-72.65378807,0,703991.309604305,5712379.52527632,6
"2778",20137,1,8585876,279.29,246.55,0,0,0,-38.70977283,-72.66155036,0,703327.495356897,5712833.7778161,6
"2779",20137,1,16583812,327.4,358.45,0,0,0,-38.70992815,-72.66511823,0,703016.792773018,5712824.45699226,6
"2780",20137,1,18479936,262.25,323.76,0,0,0,-38.70987232,-72.66126428,0,703352.090938274,5712822.10046358,6
"2781",20137,1,5170073,269.52,254.91,0,0,0,-38.71023801,-72.66661086,0,702886.117201748,5712793.3756551,6
"2782",20137,1,21926599,187.77,217.88,0,0,0,-38.70955221,-72.66395199,0,703119.273564224,5712863.5943218,6
"2783",20137,1,19490375,217.14,193.59,0,0,0,-38.70957633,-72.6621708,0,703274.0985056,5712856.9642322,6
"2784",20140,0,542417,293.1,289.55,1,0,1,-38.72964433,-72.56557288,1,711615.139611827,5710410.75684803,11
"2785",20140,0,812943,274.17,345.49,0,1,1,-38.7393377,-72.57095066,1,711119.05273101,5709347.33252354,11
"2786",20140,0,1305406,303.05,329.95,0,1,1,-38.74371609,-72.57576945,1,710687.301459673,5708872.49263919,11
"2787",20140,0,1372081,252.86,262.78,0,1,1,-38.73806727,-72.56765766,1,711409.047088734,5709480.7311918,11
"2788",20140,0,3085651,289.18,327.47,1,0,1,-38.73048049,-72.55896408,1,712187.217366909,5710302.64976572,11
"2789",20140,0,3876473,297.32,316.53,0,1,1,-38.71122331,-72.54956021,1,713061.972529973,5712418.11903883,11
"2790",20140,0,3960812,269.1,284.07,0,1,1,-38.7175754,-72.55289711,1,712752.951412515,5711720.87490733,11
"2791",20140,0,4822549,202.98,177.62,1,0,1,-38.70803417,-72.54611118,1,713371.386790305,5712764.0422941,11
"2792",20140,0,7487213,273.69,287.66,1,0,1,-38.73036318,-72.55950327,1,712140.689216061,5710316.91988308,11
"2793",20140,0,11579940,282.72,281.7,0,1,1,-38.72582973,-72.55673537,1,712394.753193386,5710813.65821936,11
"2794",20140,0,12555251,291.14,340.45,1,0,1,-38.7396573,-72.57492486,1,710772.652765973,5709321.02381094,11
"2795",20140,0,15487346,244.5,179.25,1,0,1,-38.73590774,-72.572853,1,710963.787857678,5709732.40447229,11
"2796",20140,0,17694249,232.14,279.7,0,1,1,-38.73022168,-72.56418397,1,711734.182591278,5710343.46526147,11
"2797",20140,0,19325053,239.44,305.45,1,0,1,-38.72498855,-72.56165083,1,711969.879168523,5710918.41530346,11
"2798",20140,0,21273600,265.29,238.03,1,0,1,-38.72565541,-72.56102601,1,712022.230855917,5710842.95457686,11
"2799",20140,0,21791056,236.38,265.3,1,0,1,-38.74411252,-72.58079797,1,710249.057904228,5708840.06242426,11
"2800",20140,0,23622161,261.32,269.84,0,1,1,-38.73212039,-72.56441819,1,711708.212071438,5710133.27327477,11
"2801",20140,0,24289761,253.74,234.61,1,0,1,-38.73528904,-72.574676,1,710807.134748528,5709805.27424125,11
"2802",20140,1,20797595,286.61,224.75,0,0,0,-38.74229592,-72.57873424,0,710433.772250077,5709036.93802231,11
"2803",20140,1,9793390,213.38,191.18,0,0,0,-38.74190997,-72.58063707,0,710269.50719276,5709084.14886274,11
"2804",20140,1,10717007,326.32,325.98,0,0,0,-38.72430546,-72.55486538,0,712561.853688683,5710978.49238242,11
"2805",20173,0,10445,279.87,291.48,1,0,1,-38.75537448,-72.64094305,1,704989.058436027,5707726.63909106,1
"2806",20173,0,141156,317.15,325.52,1,0,1,-38.76086916,-72.64959233,1,704221.721087972,5707136.15105422,1
"2807",20173,0,940880,253.01,310.51,1,0,1,-38.76063355,-72.6487559,1,704295.077754279,5707160.43254187,1
"2808",20173,0,1770815,234.9,259.28,1,0,1,-38.75146406,-72.64260954,1,704855.415974077,5708164.37809397,1
"2809",20173,0,1811503,316.07,319.05,0,1,1,-38.75589861,-72.65175732,1,704047.749467154,5707692.64891861,1
"2810",20173,0,2691889,300.14,340.57,0,1,1,-38.75421738,-72.65564586,1,703714.600240756,5707887.91091815,1
"2811",20173,0,3075611,299.45,277.38,0,1,1,-38.75548649,-72.63980886,1,705087.304714924,5707711.66487896,1
"2812",20173,0,3932191,222.94,272.65,1,0,1,-38.76030299,-72.650285,1,704163.143438194,5707200.53504544,1
"2813",20173,0,4182658,216.51,222.6,0,1,1,-38.75268052,-72.64825804,1,704361.034631635,5708042.00202799,1
"2814",20173,0,4742606,244.8,296.55,1,0,1,-38.75214898,-72.64855009,1,704337.169424548,5708101.64839632,1
"2815",20173,0,4873338,193.99,154.99,1,0,1,-38.76139066,-72.65152836,1,704051.997024535,5707082.5929066,1
"2816",20173,0,5238338,252.42,264.14,0,1,1,-38.76105454,-72.64901277,1,704271.555088253,5707114.28194522,1
"2817",20173,0,5262873,285.68,304.45,0,1,1,-38.75501304,-72.65894626,1,703425.514431227,5707806.94873823,1
"2818",20173,0,5826439,255.41,247.82,1,0,1,-38.75586825,-72.65625207,1,703657.222248408,5707706.03629822,1
"2819",20173,0,5851919,268.7,257.66,1,0,1,-38.75521735,-72.63960613,1,705105.693766819,5707741.08131726,1
"2820",20173,0,5854097,273.98,293.62,1,0,1,-38.76005968,-72.65313967,1,703915.768124181,5707233.90813356,1
"2821",20173,0,5908285,236.5,213.04,0,1,1,-38.75077072,-72.64133291,1,704968.351822865,5708238.46988983,1
"2822",20173,0,5934863,166.34,266.29,0,1,1,-38.7553887,-72.64654469,1,704502.206319731,5707737.60033593,1
"2823",20173,0,6482234,231.05,249.43,1,0,1,-38.75611009,-72.64803565,1,704370.575679772,5707660.8680779,1
"2824",20173,0,6741364,202.58,232.43,1,0,1,-38.75520324,-72.6476179,1,704409.468209836,5707760.58296787,1
"2825",20173,0,6885584,280.88,305.86,0,1,1,-38.75566029,-72.64860558,1,704322.329622415,5707712.06328993,1
"2826",20173,0,7709883,235.23,191.61,1,0,1,-38.76075848,-72.65355232,1,703877.919455871,5707157.27054049,1
"2827",20173,0,7920249,307.96,320.64,0,1,1,-38.75541161,-72.65003208,1,704199.069031395,5707742.8492012,1
"2828",20173,0,8129743,250.82,278.08,1,0,1,-38.76063884,-72.65179876,1,704030.642112303,5707166.63833751,1
"2829",20173,0,9252191,208.79,272.71,0,1,1,-38.76079598,-72.64982907,1,704201.357450423,5707144.80170454,1
"2830",20173,0,9355513,312.93,293.94,0,1,1,-38.76113333,-72.6514724,1,704057.593167249,5707111.02829598,1
"2831",20173,0,9973353,222.76,291.41,1,0,1,-38.75052235,-72.63916466,1,705157.50756291,5708261.1749651,1
"2832",20173,0,10084726,297.06,341,0,1,1,-38.75588874,-72.64057517,1,705019.556950025,5707668.73837524,1
"2833",20173,0,10937957,200.19,199.97,0,1,1,-38.76202904,-72.64142572,1,704928.067421012,5706989.15107939,1
"2834",20173,0,11271664,271.62,306.89,1,0,1,-38.76129087,-72.65131629,1,704070.709835678,5707093.19508728,1
"2835",20173,0,11428716,221.36,260.31,0,1,1,-38.76094466,-72.64892489,1,704279.505178876,5707126.28089228,1
"2836",20173,0,11920022,270.33,244.92,1,0,1,-38.75153086,-72.64050148,1,705038.436161532,5708152.24095268,1
"2837",20173,0,13234249,208.31,230.39,0,1,1,-38.7568113,-72.65086193,1,704122.9614312,5707589.35444918,1
"2838",20173,0,13247171,219.27,253.74,1,0,1,-38.75371361,-72.64066874,1,705017.651692966,5707910.35916523,1
"2839",20173,0,13625224,240.75,284.01,0,1,1,-38.75997419,-72.64979367,1,704206.777242271,5707235.93057208,1
"2840",20173,0,13657240,156.8,171.24,0,1,1,-38.76057383,-72.65128049,1,704075.864367002,5707172.69722379,1
"2841",20173,0,14316641,249.37,234.48,1,0,1,-38.76008005,-72.65172242,1,704038.868206212,5707228.4863645,1
"2842",20173,0,14607397,214.38,217.86,1,0,1,-38.76082441,-72.65041309,1,704150.52593136,5707142.95020908,1
"2843",20173,0,14770068,183.03,159.23,1,0,1,-38.75944041,-72.64907949,1,704270.361811095,5707293.57824453,1
"2844",20173,0,15567746,209.08,204.38,1,0,1,-38.75089867,-72.64168062,1,704937.765994939,5708225.04819341,1
"2845",20173,0,15583120,281.04,286.79,0,1,1,-38.76073596,-72.65400203,1,703838.904440478,5707160.77240483,1
"2846",20173,0,15695204,189.74,206.98,0,1,1,-38.75238242,-72.63982807,1,705094.523807939,5708056.2192274,1
"2847",20173,0,15892200,183.4,218.25,0,1,1,-38.75704598,-72.64156146,1,704930.532308002,5707542.51018732,1
"2848",20173,0,16143965,304.15,303.46,1,0,1,-38.75528585,-72.64807595,1,704369.425490523,5707752.43791802,1
"2849",20173,0,17189122,327.13,351.27,0,1,1,-38.76025386,-72.64997341,1,704190.360427058,5707205.2921915,1
"2850",20173,0,17226207,220.3,340.89,1,0,1,-38.76078312,-72.65380776,1,703855.651954427,5707155.105246,1
"2851",20173,0,17302429,243.7,189.95,1,0,1,-38.75453344,-72.65434318,1,703826.912032771,5707849.93033221,1
"2852",20173,0,18447373,339.82,345.73,0,1,1,-38.75755715,-72.64215015,1,704877.910873739,5707487.0958584,1
"2853",20173,0,18614579,264.68,341.66,1,0,1,-38.75618542,-72.64996167,1,704202.981639997,5707656.8093031,1
"2854",20173,0,19297362,186.11,242.69,0,1,1,-38.75680095,-72.65214334,1,704011.632125772,5707593.36221829,1
"2855",20173,0,19463801,309.88,291.53,1,0,1,-38.75578323,-72.64008406,1,705062.53877594,5707679.3476438,1
"2856",20173,0,20628130,204.72,169.89,1,0,1,-38.75874202,-72.64159378,1,704922.870185831,5707354.34423673,1
"2857",20173,0,21310580,214.63,294.53,1,0,1,-38.75459711,-72.64418994,1,704709.108774935,5707820.18889395,1
"2858",20173,0,21449853,248.24,282.02,1,0,1,-38.75657014,-72.64569341,1,704572.812118103,5707604.57229305,1
"2859",20173,0,21511789,207.93,224.43,0,1,1,-38.76149347,-72.6495657,1,704222.254578605,5707066.80135593,1
"2860",20173,0,21635502,260.3,296.52,1,0,1,-38.75382603,-72.65137716,1,704086.692948156,5707921.82969883,1
"2861",20173,0,22452016,265.05,249.97,1,0,1,-38.75627913,-72.64492787,1,704640.171930692,5707635.15802798,1
"2862",20173,0,22771754,204.58,261.14,0,1,1,-38.75136167,-72.63873044,1,705192.841752611,5708167.04745611,1
"2863",20173,0,22850986,241.89,284.58,0,1,1,-38.75604701,-72.65037157,1,704167.754232145,5707673.08606399,1
"2864",20173,0,23171693,299.9,321.15,1,0,1,-38.75694757,-72.6512422,1,704089.526355679,5707575.0788913,1
"2865",20173,0,23328645,281.65,339.89,0,1,1,-38.75944468,-72.64229691,1,704859.757215342,5707277.93334328,1
"2866",20173,0,23532736,249.16,202.37,0,1,1,-38.75308013,-72.64903208,1,704292.624274387,5707999.37967323,1
"2867",20173,0,23689056,302.58,243.72,1,0,1,-38.76107822,-72.65049943,1,704142.299510228,5707114.97336109,1
"2868",20173,0,23846362,206.52,269.22,1,0,1,-38.75810638,-72.64220885,1,704871.238422801,5707426.26997424,1
"2869",20173,0,24243981,235.61,299.76,0,1,1,-38.75112713,-72.64355701,1,704774.034636925,5708203.89437018,1
"2870",20173,0,25515164,219.29,302.51,0,1,1,-38.75429462,-72.65586708,1,703695.155128811,5707879.83098319,1
"2871",20173,1,22932381,352.49,311.4,0,0,0,-38.75691345,-72.65782491,0,703517.56529231,5707593.53399781,1
"2872",20173,1,21497220,241.51,273.74,0,0,0,-38.73075325,-72.55974429,0,712118.581386081,5710274.1855071,11
"2873",20173,1,505076,291.1,321.04,0,0,0,-38.71754314,-72.55133631,0,712888.762435922,5711720.8264545,11
"2874",20173,1,5908519,272.52,263.42,0,0,0,-38.71692186,-72.55091725,0,712927.045402144,5711788.80632745,11
"2875",20173,1,18826903,282.92,257.22,0,0,0,-38.71722924,-72.55254046,0,712784.990099959,5711758.46546826,11
"2876",20173,1,4871575,290.23,218.52,0,0,0,-38.72912549,-72.65765373,0,703611.391767342,5710677.24071895,5
"2877",20173,1,19432016,338.5,364.9,0,0,0,-38.7291362,-72.64209569,0,704963.930148474,5710641.32265029,5
"2878",20173,1,6615362,249.59,272.14,0,0,0,-38.7187269,-72.66135929,0,703318.727111504,5711839.57749424,5
"2879",20173,1,2145364,218.67,239.16,0,0,0,-38.7339395,-72.64651739,0,704565.812089658,5710118.11502839,5
"2880",20173,1,12822034,217.84,281.51,0,0,0,-38.73540298,-72.64816534,0,704418.37976727,5709959.37124188,5
"2881",20173,1,2468982,322.29,305.32,0,0,0,-38.73444185,-72.64601041,0,704608.450369107,5710061.22745408,5
"2882",20173,1,1208809,219.02,230.03,0,0,0,-38.73307293,-72.64287878,0,704884.59794835,5710206.1521642,5
"2883",20173,1,24393611,257.4,192.39,0,0,0,-38.7333028,-72.64473163,0,704722.868927996,5710184.78653418,5
"2884",20173,1,23285057,329.42,356.6,0,0,0,-38.72683378,-72.63794836,0,705331.081511957,5710887.56362276,5
"2885",20173,1,24387075,262.24,187.18,0,0,0,-38.71896026,-72.65267822,0,704072.877808754,5711794.36002197,5
"2886",20180,0,24724,351.33,361.47,1,0,1,-38.75366366,-72.61382601,1,707350.628708703,5707855.39399408,13
"2887",20180,0,410406,257.15,255.03,0,1,1,-38.75160375,-72.6375952,1,705290.811788169,5708137.63250855,13
"2888",20180,0,1045474,243.85,277.72,0,1,1,-38.75455379,-72.63576562,1,705441.358442464,5707806.10862761,13
"2889",20180,0,2043342,294.58,324.85,0,1,1,-38.74992244,-72.62581364,1,706319.588998432,5708297.7286685,13
"2890",20180,0,2137072,372.35,374.08,0,1,1,-38.75152551,-72.62403088,1,706469.911483018,5708115.78592067,13
"2891",20180,0,2779704,299.54,331.86,1,0,1,-38.75239348,-72.62873547,1,706058.538108261,5708030.0612274,13
"2892",20180,0,3249399,248.25,323.31,1,0,1,-38.7501329,-72.62242887,1,706613.159310289,5708266.73049789,13
"2893",20180,0,4488836,223.03,290.48,1,0,1,-38.74970958,-72.62651235,1,706259.475602096,5708322.92909661,13
"2894",20180,0,4490796,292.88,284.34,1,0,1,-38.75280434,-72.61134658,1,707568.60059671,5707945.14399532,13
"2895",20180,0,6083300,256.96,313.24,0,1,1,-38.75292406,-72.61415327,1,707324.328204237,5707938.22210889,13
"2896",20180,0,6329498,215.92,201.84,1,0,1,-38.75223778,-72.61382543,1,707354.807102761,5708013.64738393,13
"2897",20180,0,6375392,244.41,308.46,1,0,1,-38.75195741,-72.61673859,1,707102.436857409,5708051.3648492,13
"2898",20180,0,8132387,266.02,278.65,0,1,1,-38.74757121,-72.61349502,1,707397.033743192,5708530.82855371,13
"2899",20180,0,8423011,245.72,255.06,1,0,1,-38.75244332,-72.62890101,1,706044.00781762,5708024.90253899,13
"2900",20180,0,8842246,346.1,337.59,1,0,1,-38.74957423,-72.63687016,1,705359.643325527,5708361.2552757,13
"2901",20180,0,9965517,262.9,268.64,1,0,1,-38.75030997,-72.62743096,1,706177.908985283,5708258.36445759,13
"2902",20180,0,10685369,258.83,364.9,1,0,1,-38.74518791,-72.60996099,1,707711.104261327,5708787.3264962,13
"2903",20180,0,11322701,272.8,289.24,1,0,1,-38.75305873,-72.63139607,1,705825.396345901,5707962.2174102,13
"2904",20180,0,11745673,209.01,243.29,1,0,1,-38.7476707,-72.61362142,1,707385.759659043,5708520.07299004,13
"2905",20180,0,12074030,318.06,306.86,1,0,1,-38.74750293,-72.61273432,1,707463.347783321,5708536.68184834,13
"2906",20180,0,12316900,255.69,335.05,0,1,1,-38.74552765,-72.61030924,1,707679.850212236,5708750.41030321,13
"2907",20180,0,13078920,309.49,345.03,1,0,1,-38.74981622,-72.62117944,1,706722.66349068,5708299.05506718,13
"2908",20180,0,13356784,273.43,292.65,1,0,1,-38.75205195,-72.62859294,1,706071.907849431,5708067.64556324,13
"2909",20180,0,13508295,256.05,216.66,0,1,1,-38.75196662,-72.61071432,1,707625.977895891,5708036.68540409,13
"2910",20180,0,16044954,283.87,288.14,1,0,1,-38.75362417,-72.63488114,1,705520.892890814,5707907.29738733,13
"2911",20180,0,18554767,231.27,308.59,1,0,1,-38.7535766,-72.631203,1,705840.687370306,5707904.30605092,13
"2912",20180,0,18602931,252.23,290.8,1,0,1,-38.74777165,-72.62445256,1,706444.081563258,5708533.36790435,13
"2913",20180,0,20211376,231.05,267.5,0,1,1,-38.75033211,-72.62299699,1,706563.208492138,5708245.90381373,13
"2914",20180,0,20235455,259.81,295.56,1,0,1,-38.75060522,-72.61359062,1,707379.940941996,5708194.30860201,13
"2915",20180,0,21070619,312.07,339.62,1,0,1,-38.75167272,-72.62601189,1,706297.317700876,5708103.91722172,13
"2916",20180,0,21324659,275.13,322.85,1,0,1,-38.74773036,-72.62443334,1,706445.871054034,5708537.90718767,13
"2917",20180,0,21441548,193.32,229.56,0,1,1,-38.75256721,-72.63633366,1,705397.689183097,5708027.86892883,13
"2918",20180,0,22205373,276.46,325.73,1,0,1,-38.75383479,-72.62248634,1,706597.486531586,5707855.99780265,13
"2919",20180,0,22259285,256.76,247.53,1,0,1,-38.74628755,-72.61164555,1,707561.499749392,5708669.10384787,13
"2920",20180,0,22885396,372.35,374.08,1,0,1,-38.74587232,-72.61123071,1,707598.759494666,5708714.24779739,13
"2921",20180,0,22939333,284.73,245.81,0,1,1,-38.75382765,-72.63377682,1,705616.282344742,5707882.23182118,13
"2922",20180,0,22981900,271.8,326.76,1,0,1,-38.75226719,-72.62927127,1,706012.335506322,5708045.28468482,13
"2923",20180,0,23976115,257.57,244.55,1,0,1,-38.75367622,-72.6242851,1,706441.618171045,5707877.65843166,13
"2924",20181,0,1917419,322,300.71,1,0,0,-38.72753455,-72.60097169,1,708543.801301383,5710726.17764853,10
"2925",20181,0,3066321,284.19,313.28,0,1,0,-38.73067926,-72.60319501,1,708341.366890085,5710382.21909159,10
"2926",20181,0,4383008,345.77,367.65,0,1,0,-38.72662141,-72.60020205,1,708613.370680336,5710825.77043302,10
"2927",20181,0,6660941,332.65,261,1,0,0,-38.72711984,-72.60210926,1,708446.107278641,5710774.79676186,10
"2928",20181,0,7368609,380.6,335.82,0,1,0,-38.73321635,-72.60073282,1,708548.037268927,5710095.02582806,10
"2929",20181,0,10100032,258.49,252.18,0,1,0,-38.73181911,-72.6012045,1,708511.097543784,5710251.17660222,10
"2930",20181,0,10773154,332.37,322.32,1,0,0,-38.72861293,-72.60429584,1,708251.668417273,5710614.06092652,10
"2931",20181,0,11862792,275.27,282.24,1,0,0,-38.72571722,-72.60216757,1,708445.115951535,5710930.60241178,10
"2932",20181,0,13108129,327.57,337.51,0,1,0,-38.73121725,-72.60311494,1,708346.764080468,5710322.32677114,10
"2933",20181,0,13177546,279.83,285.59,0,1,0,-38.72719704,-72.6016982,1,708481.62035776,5710765.29221781,10
"2934",20181,0,17071572,285.38,331.44,0,1,0,-38.72681586,-72.60200854,1,708455.747780719,5710808.30523908,10
"2935",20181,0,17991736,300.31,335.11,0,1,0,-38.72686077,-72.6021613,1,708442.336180408,5710803.66874127,10
"2936",20181,0,19691371,235.61,306.25,1,0,0,-38.72707126,-72.60262092,1,708401.764745628,5710781.35377824,10
"2937",20181,0,22450715,323.08,223.61,1,0,0,-38.72721625,-72.600833,1,708556.784952099,5710761.18883316,10
"2938",20181,0,23237816,352.96,338.66,0,1,0,-38.72920921,-72.59712918,1,708872.988061706,5710531.5485416,10
"2939",20181,1,21710099,307.42,288.99,0,0,0,-38.72752035,-72.5992967,0,708689.465593495,5710723.93546345,10
"2940",20181,1,15988302,205.82,257.48,0,0,0,-38.7283712,-72.60587359,0,708115.203422999,5710644.47899135,10
"2941",20181,1,679424,314.43,291.98,0,0,0,-38.72605605,-72.61570448,0,707267.214662019,5710923.74082831,4
"2942",20181,1,5653338,285.3,298.13,0,0,0,-38.74617009,-72.62964128,0,705997.711028766,5708722.81716244,4
"2943",20181,1,9253813,245.53,296.89,0,0,0,-38.74372052,-72.59354138,0,709142.549594045,5708912.77960493,4
"2944",20181,1,16302926,249.34,322.58,0,0,0,-38.74458792,-72.63281726,0,705726.2090551,5708905.56422635,4
"2945",20181,1,2513502,292.02,318.22,0,0,0,-38.73510723,-72.63156318,0,705862.446607948,5709954.97553393,7
"2946",20181,1,3601666,297.25,331.72,0,0,0,-38.74113201,-72.63160006,0,705841.934362043,5709286.38716467,7
"2947",20181,1,23797704,339.82,368.75,0,0,0,-38.74468456,-72.60538657,0,708110.166045233,5708832.7958287,14
"2948",20181,1,23488441,309.24,300.53,0,0,0,-38.74398877,-72.60045833,0,708540.547648324,5708898.79727947,14
"2949",20181,1,2929190,322.67,341.17,0,0,0,-38.7504165,-72.60784379,0,707879.953816194,5708202.20955381,14
"2950",20181,1,6346005,307.92,332.68,0,0,0,-38.75046467,-72.606419,0,708003.644861073,5708193.62433103,14
"2951",20181,1,23004297,256.17,313.58,0,0,0,-38.74500453,-72.60639027,0,708021.996708011,5708799.56597416,14
"2952",20181,1,17895404,275.13,228.92,0,0,0,-38.74597352,-72.59516174,0,708995.135409214,5708666.42760452,14
"2953",20181,1,11434169,343.08,345.74,0,0,0,-38.74819657,-72.60566138,0,708076.079103971,5708443.63196112,14
"2954",20181,1,4305036,264.71,316.11,0,0,0,-38.74453472,-72.60758683,0,707919.357209145,5708854.42912449,14
"2955",20181,1,3438467,324.52,287.71,0,0,0,-38.74548578,-72.60642058,0,708017.96487944,5708746.22220788,14
"2956",20181,1,22705316,324.62,354.42,0,0,0,-38.71655041,-72.55527102,0,712549.572324317,5711840.1513671,11
"2957",20181,1,8381852,376.61,367.65,0,0,0,-38.71820023,-72.55103137,0,712913.326759213,5711647.18810286,11
"2958",20181,1,23453583,293.99,382.99,0,0,0,-38.71022096,-72.5504038,0,712991.590197348,5712531.33072462,11
"2959",20181,1,23224872,288.34,277.21,0,0,0,-38.72663261,-72.55814341,0,712269.957694658,5710727.81503083,11
"2960",20181,1,22483073,293.29,313.59,0,0,0,-38.71870594,-72.55377707,0,712673.083918623,5711597.44354451,11
"2961",20181,1,21368933,327.7,341.11,0,0,0,-38.75647073,-72.6264417,0,706246.145708886,5707572.36885662,2
"2962",20181,1,15924070,297.24,336.59,0,0,0,-38.75553959,-72.62233106,0,706606.063462268,5707666.43595413,2
"2963",20181,1,18768130,320.7,287.14,0,0,0,-38.75487645,-72.62006053,0,706805.299407267,5707734.90470079,2
"2964",20181,1,3369104,278.2,315.57,0,0,0,-38.75649845,-72.62935684,0,705992.728472517,5707575.86194484,2
"2965",20181,1,16566032,313.38,370.17,0,0,0,-38.73606664,-72.59624561,0,708929.813356109,5709768.4432614,4
"2966",20181,1,13719611,271.68,374.08,0,0,0,-38.76042888,-72.65348201,0,703884.967771326,5707193.69505297,1
"2967",20181,1,211624,321.95,253.9,0,0,0,-38.75714385,-72.6405646,0,705016.882430036,5707529.41381086,1
"2968",20181,1,6362370,302.61,256.6,0,0,0,-38.75327334,-72.647953,0,704385.853508283,5707975.52527143,1
"2969",20181,1,3611156,184.3,236.22,0,0,0,-38.75587077,-72.64885389,0,704300.149873564,5707689.25745712,1
"2970",20181,1,10952444,326.78,324.16,0,0,0,-38.73526991,-72.64754418,0,704472.75646795,5709972.75237426,5
"2971",20181,1,17068559,322.22,358.45,0,0,0,-38.72365315,-72.63502847,0,705594.057177153,5711234.01589874,5
"2972",20181,1,21554876,317.46,344.44,0,0,0,-38.73145165,-72.64415088,0,704778.643244618,5710388.93984137,5
"2973",20212,0,4405529,219.69,236.64,0,1,1,-38.74030558,-72.62089534,1,706774.802549964,5709353.97176865,4
"2974",20212,0,4755039,223.62,167.58,0,1,1,-38.72904159,-72.61731074,1,707118.938714958,5710596.02137261,4
"2975",20212,0,6076957,225.46,332.79,0,1,1,-38.73499685,-72.62570061,1,706372.397685506,5709954.02047245,4
"2976",20212,0,8828688,244.33,300.58,1,0,1,-38.74167569,-72.6295155,1,706021.56664499,5709221.35378833,4
"2977",20212,0,8890414,301,346.51,1,0,1,-38.74176206,-72.62875047,1,706087.816179861,5709210.04484507,4
"2978",20212,0,9928697,187.8,189.42,0,1,1,-38.74390267,-72.59738043,1,708808.328500678,5708901.33265933,4
"2979",20212,0,10835831,230.81,275.52,0,1,1,-38.73753147,-72.621015,1,706772.405729016,5709662.13246913,4
"2980",20212,0,12647673,288.86,345.98,1,0,1,-38.72769184,-72.61352309,1,707452.133722906,5710737.24696579,4
"2981",20212,0,13777713,307.26,293.01,1,0,1,-38.74677336,-72.6324959,1,705747.864793578,5708662.28619738,4
"2982",20212,0,16614479,223.42,241.67,0,1,1,-38.73176808,-72.62053373,1,706830.872799458,5710300.70605304,4
"2983",20212,0,17386438,273.12,215.3,1,0,1,-38.73732675,-72.58772258,1,709667.028054061,5709609.09072177,4
"2984",20212,0,17609506,253.72,300.97,1,0,1,-38.73484772,-72.60135834,1,708488.913498347,5709915.38986752,4
"2985",20212,0,18854328,270.59,330.69,1,0,1,-38.73094943,-72.61940805,1,706931.096225339,5710389.02065204,4
"2986",20212,0,18920879,331.51,327.63,0,1,1,-38.73756861,-72.59010287,1,709459.40761275,5709587.69905738,4
"2987",20212,0,20008412,273.61,330.03,1,0,1,-38.74096248,-72.63025315,1,705959.498641645,5709302.17157832,4
"2988",20212,0,21136963,324.71,292.07,0,1,1,-38.7295555,-72.61003346,1,707750.118426014,5710522.48868959,4
"2989",20212,0,21462605,243.07,276.09,1,0,1,-38.74441578,-72.58910897,1,709525.781631836,5708825.47203021,4
"2990",20212,0,21646081,241.84,339.9,1,0,1,-38.73508893,-72.62210417,1,706684.771403548,5709935.68341766,4
"2991",20212,0,21726892,266.04,302.32,0,1,1,-38.74377796,-72.59972758,1,708604.677947456,5708920.52853961,4
"2992",20212,0,24715731,321.28,307.1,0,1,1,-38.73439925,-72.62170866,1,706721.142390698,5710011.33546893,4
"2993",20212,1,24603768,279.71,302.04,0,0,0,-38.73855585,-72.58912374,0,709541.634192781,5709475.88572224,4
"2994",20212,1,25624265,301.33,307.67,0,0,0,-38.72693895,-72.61726956,0,707128.593920296,5710829.29375124,4
"2995",20212,1,15666785,206.69,240.56,0,0,0,-38.73312374,-72.6023175,0,708410.546084057,5710108.91476234,4
"2996",20212,1,202642,261.34,275.05,0,0,0,-38.73800967,-72.62124036,0,706751.436179784,5709609.56772989,4
"2997",20212,1,10252025,300.47,246.74,0,0,0,-38.74426135,-72.59043542,0,709410.938998967,5708845.64902524,4
"2998",20212,1,2640618,262.34,261.79,0,0,0,-38.70881821,-72.64589152,0,704691.918591183,5712904.83555685,3
"2999",20212,1,22991896,217.07,274.97,0,0,0,-38.75215929,-72.63212528,0,705764.605951424,5708063.68426639,13
"3000",20212,1,2859138,248.85,287.8,0,0,0,-38.75077453,-72.61740615,0,707047.838648699,5708184.16077208,13
"3001",20212,1,21467177,318.54,302.13,0,0,0,-38.74963775,-72.61156591,0,707558.714671732,5708297.09331212,13
"3002",20212,1,453150,215,253.41,0,0,0,-38.7526536,-72.63451671,0,705555.350017909,5708014.19915771,13
"3003",20212,1,355058,305,257,0,0,0,-38.75093869,-72.63134953,0,705835.533393589,5708197.40971333,13
"3004",20218,0,896626,174.58,210.94,0,1,0,-38.73667892,-72.61748014,1,707082.144704503,5709748.760307,4
"3005",20218,0,3915029,249.36,267.96,0,1,0,-38.74219863,-72.58958119,1,709491.219328432,5709072.62977793,4
"3006",20218,0,6367782,260.2,258.73,0,1,0,-38.74030214,-72.6106745,1,707663.247460799,5709331.20464385,4
"3007",20218,0,7692988,257.1,265.86,0,1,0,-38.73429116,-72.62559703,1,706383.434009579,5710032.10920255,4
"3008",20218,0,8657242,286.46,333.43,1,0,0,-38.73845278,-72.60433204,1,708219.933084072,5709522.04535453,4
"3009",20218,0,11915612,258.53,281.82,1,0,0,-38.74433893,-72.62828902,1,706120.513040051,5708923.00626956,4
"3010",20218,0,14972534,256.74,293.96,1,0,0,-38.74442526,-72.6315566,1,705836.250972425,5708920.78170464,4
"3011",20218,0,15780376,241.6,318.93,1,0,0,-38.73664647,-72.62527288,1,706404.829335466,5709769.96945874,4
"3012",20218,0,19836297,262.48,340.18,1,0,0,-38.74103992,-72.59854904,1,708715.092238638,5709221.72876409,4
"3013",20218,0,21147974,256.63,279.66,0,1,0,-38.73715217,-72.58601355,1,709816.101563074,5709624.54927622,4
"3014",20218,1,14427738,221.2,195.69,0,0,0,-38.73575897,-72.61679803,0,707144.098336072,5709849.31889789,4
"3015",20218,1,7926734,291.9,339.62,0,0,0,-38.73709251,-72.58998712,0,709470.861123213,5709640.27525125,4
"3016",20218,1,17477683,262.71,328.81,0,0,0,-38.73842246,-72.62777434,0,706182.272264345,5709578.49760019,4
"3017",20218,1,5184231,227.42,258.3,0,0,0,-38.73266598,-72.62111012,0,706778.174476949,5710202.3534831,4
"3018",20218,1,11279617,336.59,382.99,0,0,0,-38.74343755,-72.61296389,0,707455.166457951,5708988.40797878,4
"3019",20218,1,19302574,267.02,292.9,0,0,0,-38.73515102,-72.61421647,0,707370.270863099,5709910.94612734,4
"3020",20218,1,19570509,250.72,286.73,0,0,0,-38.740852,-72.60206348,0,708410.15248339,5709250.59708667,4
"3021",20218,1,4325278,239.61,304.97,0,0,0,-38.74251866,-72.62696428,0,706240.897468751,5709122.04706038,4
"3022",20218,1,6730972,302.75,332.24,0,0,0,-38.74285782,-72.58982799,0,709467.839828399,5709000.03292935,4
"3023",20218,1,14441952,224.52,266.65,0,0,0,-38.69458115,-72.52835051,0,714956.22750341,5714215.62502153,9
"3024",20218,1,16811459,258.7,273.67,0,0,0,-38.71937109,-72.56943852,0,711309.347325903,5711559.89253144,9
"3025",20218,1,18058661,199.95,208.22,0,0,0,-38.69374619,-72.52905159,0,714897.747174722,5714309.94092432,9
"3026",20218,1,16817916,226.3,236.73,0,0,0,-38.72043745,-72.57015266,0,711244.111420013,5711443.18815514,9
"3027",20218,1,14480796,233.58,227.54,0,0,0,-38.7216148,-72.5739966,0,710906.423142945,5711321.38143556,9
"3028",20226,0,222092,283.1,328.96,1,0,1,-38.7268683,-72.57509527,1,710795.450264484,5710740.83900225,12
"3029",20226,0,454454,299.21,305.08,1,0,1,-38.70461568,-72.54914572,1,713117.646006076,5713150.52091288,12
"3030",20226,0,622534,241.81,265.69,1,0,1,-38.69662695,-72.53520144,1,714354.219208792,5714004.62434077,12
"3031",20226,0,792775,231.78,303.24,1,0,1,-38.6988991,-72.53790136,1,714112.606091024,5713758.7595706,12
"3032",20226,0,864008,299.41,305.39,1,0,1,-38.73017139,-72.58136214,1,710240.916410329,5710388.6531147,12
"3033",20226,0,1757442,200.74,200.28,1,0,1,-38.7299431,-72.57656215,1,710658.882563133,5710402.95182435,12
"3034",20226,0,2020021,290.62,325.43,1,0,1,-38.7324784,-72.59943346,1,708663.142495915,5710173.96679432,12
"3035",20226,0,2736449,227.55,231.78,1,0,1,-38.73513781,-72.58658817,1,709772.047099091,5709849.43581204,12
"3036",20226,0,2898255,222.14,269.18,1,0,1,-38.71590506,-72.5582978,1,712288.293400696,5711918.80124107,12
"3037",20226,0,3791348,307.85,295.46,1,0,1,-38.72933781,-72.57219173,1,711040.615960083,5710460.06178557,12
"3038",20226,0,5054870,296.91,297.19,0,1,1,-38.72548539,-72.5740439,1,710890.925229124,5710891.90277938,12
"3039",20226,0,5332624,295.42,242.8,0,1,1,-38.72230465,-72.568387,1,711392.128249167,5711231.87539748,12
"3040",20226,0,5968950,266.9,273.23,1,0,1,-38.71810715,-72.55820772,1,712289.607395358,5711674.18715426,12
"3041",20226,0,6159504,260.53,234.62,1,0,1,-38.71977745,-72.55954644,1,712168.261430851,5711491.90816521,12
"3042",20226,0,6490572,291.96,309.06,1,0,1,-38.72173793,-72.57713284,1,710633.374367998,5711314.93769255,12
"3043",20226,0,6691733,314.26,286.91,1,0,1,-38.71082426,-72.55489386,1,712599.340668406,5712474.80849751,12
"3044",20226,0,7615478,266.69,230.25,1,0,1,-38.6987615,-72.53541289,1,714329.452405122,5713768.20996787,12
"3045",20226,0,7952060,251.21,256.41,0,1,1,-38.72317181,-72.56840502,1,711388.004837087,5711135.67289854,12
"3046",20226,0,8509491,238.04,295.49,0,1,1,-38.73205305,-72.5991958,1,708685.041544294,5710220.63329255,12
"3047",20226,0,8622838,167.53,308.59,1,0,1,-38.73054074,-72.58242858,1,710147.120849771,5710350.10939204,12
"3048",20226,0,8893173,261,242.25,0,1,1,-38.73102364,-72.58508987,1,709914.344286221,5710302.62161655,12
"3049",20226,0,9179957,185.41,267.39,1,0,1,-38.73222258,-72.58829204,1,709632.455339557,5710176.8948729,12
"3050",20226,0,10056257,270.06,289.38,1,0,1,-38.71477918,-72.56145222,1,712017.33145248,5712051.07089485,12
"3051",20226,0,10929499,271.63,321.74,0,1,1,-38.7219906,-72.56109234,1,712027.301687088,5711249.85772499,12
"3052",20226,0,11201598,214.19,244.16,1,0,1,-38.71881766,-72.56428108,1,711759.420928134,5711609.39738948,12
"3053",20226,0,12574521,241.52,220.72,1,0,1,-38.71960612,-72.56326946,1,711845.052642581,5711519.54711482,12
"3054",20226,0,14400728,264.43,304.78,1,0,1,-38.72010667,-72.56095607,1,712044.721144332,5711458.63535041,12
"3055",20226,0,14406562,233.04,259.56,1,0,1,-38.73159119,-72.59199413,1,709312.461495348,5710255.44579317,12
"3056",20226,0,14474675,290.05,262.79,1,0,1,-38.71879233,-72.55853984,1,712258.700892426,5711598.91072511,12
"3057",20226,0,14604087,327.21,292.06,1,0,1,-38.72843107,-72.57570463,1,710737.877910264,5710568.7941863,12
"3058",20226,0,14860758,230.11,341.32,1,0,1,-38.71596161,-72.55743626,1,712363.040565636,5711910.52650303,12
"3059",20226,0,15755508,372.35,374.08,1,0,1,-38.73612581,-72.57986014,1,710354.018783628,5709724.33398519,12
"3060",20226,0,15876388,260.82,254.31,1,0,1,-38.71714748,-72.55772296,1,712334.599587008,5711779.57446193,12
"3061",20226,0,16458801,257.42,275.33,1,0,1,-38.71331922,-72.55967733,1,712175.987187926,5712208.99623351,12
"3062",20226,0,16646973,281.65,236.32,0,1,1,-38.73546559,-72.5846419,1,709940.277257079,5709808.59254017,12
"3063",20226,0,17672629,267.16,279.98,1,0,1,-38.72456554,-72.57816192,1,710535.595818382,5711003.47589498,12
"3064",20226,0,18494452,243.64,210.96,1,0,1,-38.7117771,-72.55371082,1,712699.392914333,5712366.30685511,12
"3065",20226,0,18774690,284.95,294.36,0,1,1,-38.73298191,-72.59691252,1,708880.829551298,5710112.33203661,12
"3066",20226,0,19512917,266.63,255.2,1,0,1,-38.71453219,-72.55895376,1,712235.317562137,5712072.69408935,12
"3067",20226,0,20007134,272.66,258.25,1,0,1,-38.7037242,-72.54557792,1,713430.583017256,5713241.15378413,12
"3068",20226,0,20892157,237.28,277.57,0,1,1,-38.721217,-72.56866178,1,711371.443418301,5711353.22578784,12
"3069",20226,0,21549811,262.36,282.03,0,1,1,-38.71994685,-72.56820274,1,711415.100800633,5711493.13662111,12
"3070",20226,0,21643569,231.27,252.6,1,0,1,-38.7057369,-72.54847437,1,713172.700535849,5713024.51628398,12
"3071",20226,0,21737876,327.91,338.63,1,0,1,-38.72574696,-72.57476519,1,710827.445300744,5710864.53357515,12
"3072",20226,0,22779678,188.68,251.05,1,0,1,-38.71679167,-72.55949284,1,712181.756324528,5711823.16913127,12
"3073",20226,0,23096067,271.25,241.39,1,0,1,-38.73546165,-72.5856539,1,709852.315459486,5709811.35129611,12
"3074",20226,0,23219727,297.6,293.64,1,0,1,-38.72651416,-72.57401088,1,710890.769745387,5710777.64589598,12
"3075",20226,0,23621370,248.66,274.19,1,0,1,-38.71228883,-72.55498112,1,712587.411705023,5712312.46173819,12
"3076",20226,0,24075101,156.42,271.63,0,1,1,-38.71867178,-72.56027329,1,712108.332629033,5711616.30866488,12
"3077",20226,0,24254479,210.5,199.96,1,0,1,-38.71426118,-72.56017142,1,712130.236351655,5712105.59529576,12
"3078",20226,0,24917329,220.04,186.02,1,0,1,-38.69864511,-72.53728636,1,714166.853905825,5713785.51120492,12
"3079",20226,1,13922250,256.35,294.51,0,0,0,-38.72223558,-72.57682473,0,710658.701492598,5711258.99562669,12
"3080",20226,1,1030933,197.56,285.98,0,0,0,-38.73409825,-72.59209167,0,709296.660835655,5709977.41666985,12
"3081",20226,1,181016,271.03,233.23,0,0,0,-38.72741801,-72.56652014,0,711539.356948524,5710660.04139614,12
"3082",20226,1,14342258,218.41,229.43,0,0,0,-38.72195577,-72.56295989,0,711865.026988248,5711258.04810422,12
"3083",20226,1,23305127,241.62,294.44,0,0,0,-38.71684075,-72.55817915,0,712295.840611197,5711814.67588196,12
"3084",20226,1,14865081,347.69,306.74,0,0,0,-38.69803558,-72.54381181,0,713601.113836461,5713868.40309315,12
"3085",20226,1,15126635,266.77,275.82,0,0,0,-38.71007296,-72.55263253,0,712798.215988183,5712552.93978209,12
"3086",20235,0,812897,313.7,286.97,0,1,0,-38.73396226,-72.63099384,1,705915.228844308,5710080.77105278,7
"3087",20235,0,3372615,245.15,269.12,0,1,0,-38.73584441,-72.63173394,1,705845.485129475,5709873.54243929,7
"3088",20235,0,6691153,324.6,330.97,1,0,0,-38.73192601,-72.64086017,1,705063.361587312,5710328.92336291,7
"3089",20235,0,14039461,302.47,304.42,0,1,0,-38.73568579,-72.63163751,1,705854.323307044,5709890.93023154,7
"3090",20235,0,20282522,269.71,312.42,0,1,0,-38.73285669,-72.63138118,1,705884.732583446,5710204.34626141,7
"3091",20235,0,24685349,278.99,338.3,1,0,0,-38.75069864,-72.6456695,1,704591.661307499,5708256.17808969,7
"3092",20235,1,24695311,374.17,361.27,0,0,0,-38.74965948,-72.60785633,0,707881.060901803,5708286.25777383,14
"3093",20235,1,23284781,293.73,303.15,0,0,0,-38.71452817,-72.62933692,0,706115.12833235,5712233.96609095,3
"3094",20235,1,14735844,292.97,296.18,0,0,0,-38.71597445,-72.61755326,0,707135.600230289,5712046.850908,3
"3095",20235,1,2577701,317.63,368.75,0,0,0,-38.75625356,-72.63749277,0,705286.385986644,5707621.33418039,2
"3096",20235,1,5868617,244.06,334.16,0,0,0,-38.7603589,-72.62586534,0,706285.032861776,5707139.53162842,2
"3097",20235,1,15659249,311.93,312.19,0,0,0,-38.7555427,-72.62868118,0,706054.195908775,5707680.41597402,2
"3098",20235,1,19716113,292.41,236.22,0,0,0,-38.75860788,-72.62480987,0,706381.799172838,5707331.49133162,2
"3099",20235,1,4297112,298.13,310.23,0,0,0,-38.75983115,-72.63984363,0,705071.841109452,5707229.54200814,2
"3100",20235,1,4614112,233.11,210.35,0,0,0,-38.75544857,-72.63136177,0,705821.509328289,5707696.89879925,2
"3101",20235,1,4160751,302.95,273.58,0,0,0,-38.7542152,-72.61325569,0,707398.596740465,5707792.8869378,2
"3102",20235,1,17243096,256.02,229.27,0,0,0,-38.72670419,-72.60213112,0,708445.415311641,5710820.97837693,10
"3103",20235,1,17663738,298.39,300.23,0,0,0,-38.72939131,-72.60645141,0,708062.007776018,5710532.57375251,10
"3104",20235,1,19432368,276.98,308.68,0,0,0,-38.73290854,-72.60132418,0,708497.524167325,5710130.53641374,10
"3105",20235,1,8201414,273.68,230.19,0,0,0,-38.72696451,-72.60031043,0,708602.949694033,5710787.93775947,10
"3106",20235,1,6301776,262.07,294.3,0,0,0,-38.72690109,-72.6011294,0,708531.932689451,5710796.84297719,10
"3107",20235,1,1064575,304.11,335.1,0,0,0,-38.72703295,-72.59928792,0,708691.647780845,5710778.01062623,10
"3108",20235,1,1450106,372.35,336.83,0,0,0,-38.73899854,-72.63325386,0,705704.306107684,5709526.89376707,7
"3109",20235,1,22624596,179.84,186.45,0,0,0,-38.73023237,-72.63746977,0,705362.953868796,5710509.29184488,7
"3110",20235,1,12554756,313.97,286.2,0,0,0,-38.74928031,-72.6433719,0,704795.402616568,5708408.45266262,7
"3111",20235,1,13209906,249.36,269.22,0,0,0,-38.73750973,-72.6350351,0,705553.741888498,5709696.13514076,7
"3112",20235,1,4322332,252.08,322.2,0,0,0,-38.73172763,-72.63876963,0,705245.668040581,5710346.25417755,7
"3113",20235,1,10780280,273.62,253.89,0,0,0,-38.73376608,-72.63555151,0,705519.587056038,5710112.79064155,7
"3114",20235,1,1781046,244.1,308.46,0,0,0,-38.71070897,-72.66263604,0,703230.432122956,5712732.29003216,6
"3115",20235,1,19138107,215.68,234.8,0,0,0,-38.70812615,-72.66209857,0,703284.488970853,5713017.75332747,6
"3116",20235,1,984998,327.09,332.25,0,0,0,-38.71048775,-72.66496986,0,703028.111232117,5712762.02031662,6
"3117",20235,1,22460560,251.34,294.7,0,0,0,-38.73830983,-72.57057195,0,711155.001171124,5709460.53975103,11
"3118",20235,1,17137298,255.29,280.03,0,0,0,-38.72644047,-72.55886444,0,712207.839183906,5710750.81241868,11
"3119",20235,1,19702759,344.62,382.99,0,0,0,-38.76059514,-72.64900762,0,704273.313184612,5707165.25782563,1
"3120",20235,1,9144908,272.09,249.77,0,0,0,-38.75090852,-72.64232173,0,704882.018541643,5708225.39113437,1
"3121",20235,1,12941335,276.64,299.72,0,0,0,-38.75463805,-72.65563751,0,703714.129384057,5707841.20355117,1
"3122",20235,1,9620384,299.47,345.74,0,0,0,-38.75463604,-72.64221692,0,704880.464938974,5707811.45050699,1
"3123",20235,1,12490057,287.12,344.27,0,0,0,-38.76132771,-72.65183942,0,704025.14597646,5707090.27353137,1
"3124",20235,1,7849085,210.3,248.63,0,0,0,-38.75790512,-72.64184593,0,704903.352721223,5707447.79419473,1
"3125",20235,1,16927432,249.1,253.17,0,0,0,-38.75076135,-72.64111888,0,704986.980156895,5708239.03022722,1
"3126",20235,1,7742705,186.09,259.68,0,0,0,-38.7512923,-72.64434274,0,704705.274547972,5708187.3213487,1
"3127",20235,1,9879751,262.19,266.29,0,0,0,-38.76168883,-72.65004028,0,704180.45760319,5707046.17863471,1
"3128",20235,1,11166912,303.39,347.1,0,0,0,-38.75352742,-72.64830396,0,704354.627456738,5707948.10990571,1
"3129",20235,1,6053360,339.56,351.82,0,0,0,-38.75628466,-72.65130548,0,704085.916239818,5707648.79435204,1
"3130",20235,1,15155433,262.41,306.53,0,0,0,-38.75997468,-72.65095278,0,704106.049769804,5707238.46368019,1
"3131",20235,1,7621664,265.16,238.11,0,0,0,-38.73538326,-72.64707021,0,704513.635017928,5709959.11282381,5
"3132",20235,1,6321796,290.89,331.76,0,0,0,-38.73817853,-72.63591727,0,705475.139884089,5709623.88862508,7
"3133",20235,1,7533611,311.5,327.31,0,0,0,-38.74715278,-72.64708434,0,704478.817637218,5708652.88507433,7
"3134",20235,1,17466071,263.06,309.01,0,0,0,-38.73997096,-72.64789296,0,704429.026529065,5709451.77834352,7
"3135",20235,1,16100274,320.94,291.13,0,0,0,-38.73885404,-72.63373726,0,705662.701170923,5709544.01804713,7
"3136",20235,1,8480252,291.85,292.52,0,0,0,-38.73300578,-72.64292306,0,704880.940531406,5710213.70405309,7
"3137",20235,1,4529296,280.51,286.43,0,0,0,-38.72875517,-72.62719168,0,706260.73900282,5710650.12655073,7
"3138",20235,1,14920011,358.46,382.99,0,0,0,-38.74119221,-72.6165701,0,707148.205770024,5709245.78323333,4
"3139",20235,1,2769564,322.25,345.74,0,0,0,-38.74346996,-72.62944847,0,706022.233768344,5709022.06228071,4
"3140",20235,1,11409676,319.44,345.88,0,0,0,-38.73121266,-72.61999421,0,706879.378575558,5710361.1308581,4
"3141",20235,1,7518142,246.53,313.73,0,0,0,-38.74183607,-72.59214534,0,709269.397430377,5709118.73780802,4
"3142",20235,1,10292613,314.39,247.98,0,0,0,-38.73250677,-72.62123128,0,706768.100948499,5710220.29748929,4
"3143",20235,1,19985715,334.8,303.68,0,0,0,-38.73846896,-72.60173936,0,708445.258084984,5709514.34611982,4
"3144",20235,1,11253017,325.43,333.23,0,0,0,-38.73612537,-72.62385056,0,706529.970756277,5709824.59535333,4
"3145",20235,1,8259344,272.7,313.31,0,0,0,-38.74046093,-72.61828444,0,707001.303158362,5709330.82601058,4
"3146",20235,1,2980583,265.87,262.68,0,0,0,-38.71148362,-72.6517457,0,704175.242884597,5712622.08401066,3
"3147",20235,1,7984673,259.46,178.79,0,0,0,-38.71003934,-72.65179311,0,704175.231013623,5712782.48469138,3
"3148",20235,1,2355267,294.38,349.95,0,0,0,-38.72107849,-72.61896694,0,706997.942542983,5711483.56791418,3
"3149",20235,1,13319622,262.02,230.19,0,0,0,-38.74436645,-72.60264855,0,708349.076305076,5708861.86991081,14
"3150",20235,1,22222237,295.67,274.19,0,0,0,-38.74416457,-72.60463803,0,708176.739084225,5708888.80509877,14
"3151",20235,1,22432664,344.49,364.9,0,0,0,-38.74526697,-72.60621607,0,708036.375802076,5708770.04231255,14
"3152",20235,1,11221656,277.12,326.63,0,0,0,-38.74967984,-72.60726631,0,707932.281982759,5708282.65703403,14
"3153",20235,1,13032728,358.46,367.65,0,0,0,-38.7494647,-72.60551345,0,708085.252583971,5708302.54891533,14
"3154",20235,1,6507413,222.96,185.18,0,0,0,-38.74532167,-72.60628684,0,708030.065783766,5708764.13223474,14
"3155",20265,0,1004022,160.45,193.62,1,0,1,-38.74382077,-72.57880054,1,710423.530883803,5708867.85068332,11
"3156",20265,0,1814968,222.55,285.64,1,0,1,-38.74221859,-72.57975831,1,710344.98510322,5709047.87573905,11
"3157",20265,0,2390868,315.55,315.97,1,0,1,-38.73010965,-72.56665516,1,711519.675781349,5710361.61414076,11
"3158",20265,0,3560866,242.06,232.67,1,0,1,-38.74064985,-72.57497542,1,710765.338309173,5709210.97926392,11
"3159",20265,0,3681822,235.44,253.13,1,0,1,-38.72356359,-72.55735089,1,712347.950431299,5711066.60078837,11
"3160",20265,0,3718985,351.1,340.89,0,1,1,-38.74277467,-72.57751172,1,710538.629292237,5708980.98987249,11
"3161",20265,0,3756825,289.67,302.25,1,0,1,-38.73969403,-72.57234601,1,710996.711770511,5709311.00306273,11
"3162",20265,0,3898056,293.02,241.42,1,0,1,-38.70985576,-72.54579216,1,713393.711097521,5712561.12425266,11
"3163",20265,0,4292742,305.61,291.59,1,0,1,-38.73402976,-72.57280024,1,710973.902558358,5709940.71576999,11
"3164",20265,0,4798110,253.55,305.57,1,0,1,-38.72992126,-72.56780704,1,711420.090524084,5710385.18500805,11
"3165",20265,0,5384821,330.88,382.99,1,0,1,-38.72199333,-72.55328111,1,712706.456078278,5711231.43034842,11
"3166",20265,0,5533879,259.3,288.71,1,0,1,-38.733297,-72.56088155,1,712012.187789282,5709994.49533843,11
"3167",20265,0,5988115,171.53,231.61,1,0,1,-38.7184593,-72.55064029,1,712946.562472943,5711617.5246885,11
"3168",20265,0,6030161,307.59,292.9,1,0,1,-38.73993673,-72.57232948,1,710997.433984102,5709284.02817189,11
"3169",20265,0,6202579,269.45,265.56,1,0,1,-38.73633455,-72.56846781,1,711343.733020988,5709674.91387894,11
"3170",20265,0,6996930,229.42,277.38,0,1,1,-38.71825636,-72.55281043,1,712758.468092825,5711645.09508917,11
"3171",20265,0,7112975,162.38,135.65,1,0,1,-38.71106117,-72.54970939,1,713049.48141458,5712436.46179935,11
"3172",20265,0,7673002,256.78,293.44,1,0,1,-38.74710156,-72.58530053,1,709848.941145899,5708518.65377694,11
"3173",20265,0,7679473,340.2,317.14,1,0,1,-38.73615417,-72.56990401,1,711219.416742898,5709698.25026558,11
"3174",20265,0,8747171,294.23,295.99,0,1,1,-38.74445334,-72.57759481,1,710526.474269142,5708794.86904605,11
"3175",20265,0,8753777,180.89,225.57,1,0,1,-38.72057592,-72.55597999,1,712475.99683974,5711395.01451937,11
"3176",20265,0,8902181,291.89,280.07,1,0,1,-38.7433412,-72.57915759,1,710393.904350284,5708921.89833135,11
"3177",20265,0,9463404,217.83,265.3,1,0,1,-38.72951387,-72.55777415,1,712293.528650587,5710407.17318275,11
"3178",20265,0,9959421,264.31,274.09,1,0,1,-38.73037413,-72.56870654,1,711340.555320458,5710336.99970843,11
"3179",20265,0,10144097,241.23,303.68,0,1,1,-38.74031472,-72.57211815,1,711014.690684883,5709241.58844956,11
"3180",20265,0,10339107,211.95,260.63,1,0,1,-38.7094168,-72.54889799,1,713124.92671074,5712617.07833698,11
"3181",20265,0,10499660,251.98,298.76,1,0,1,-38.73477073,-72.56452773,1,711690.860980243,5709839.37085642,11
"3182",20265,0,12017555,374.17,337.53,1,0,1,-38.70701602,-72.54017094,1,713891.009995233,5712863.18373571,11
"3183",20265,0,12266134,376.61,382.99,0,1,1,-38.72658367,-72.55849708,1,712239.354062932,5710734.06704995,11
"3184",20265,0,12521022,198.05,168.6,0,1,1,-38.70493098,-72.54195447,1,713742.116688417,5713098.7632384,11
"3185",20265,0,13859194,253.24,321.78,1,0,1,-38.70328941,-72.54161156,1,713776.830081288,5713280.15711338,11
"3186",20265,0,14315975,235.53,191.26,1,0,1,-38.71198323,-72.54958661,1,713057.419502753,5712333.83855918,11
"3187",20265,0,14525997,312.8,325.09,1,0,1,-38.73012918,-72.55727194,1,712335.366964748,5710337.71594756,11
"3188",20265,0,14729926,288.04,294.52,1,0,1,-38.71672442,-72.55414237,1,712647.196499266,5711818.21700839,11
"3189",20265,0,15220037,201.36,202.92,1,0,1,-38.73132018,-72.560045,1,712090.761251641,5710211.96008493,11
"3190",20265,0,16299235,277.12,326.07,0,1,1,-38.72251203,-72.5555664,1,712506.219691659,5711179.16945787,11
"3191",20265,0,16387882,218.73,164.92,1,0,1,-38.70759072,-72.54003204,1,713901.375878652,5712799.07442128,11
"3192",20265,0,16994090,266.69,302.82,0,1,1,-38.74508852,-72.58263409,1,710086.600841416,5708735.95654009,11
"3193",20265,0,17046581,322.56,298.26,1,0,1,-38.7335873,-72.56853045,1,711346.389202893,5709979.97011969,11
"3194",20265,0,17478469,202.22,202.31,1,0,1,-38.73473593,-72.56428053,1,711712.453201369,5709842.66130132,11
"3195",20265,0,17954859,260.29,233.26,1,0,1,-38.71972521,-72.55248816,1,712782.13133361,5711481.32129562,11
"3196",20265,0,18040672,260.22,232.74,1,0,1,-38.71005773,-72.54803841,1,713197.77282904,5712543.94145062,11
"3197",20265,0,18553474,233.44,277.72,1,0,1,-38.73636215,-72.57008227,1,711203.307738626,5709675.57848998,11
"3198",20265,0,19296124,205.74,155.08,1,0,1,-38.731132,-72.55805947,1,712263.931720741,5710228.24198413,11
"3199",20265,0,19574833,276.53,210.26,0,1,1,-38.73790901,-72.56646711,1,711513.005469637,5709495.54456362,11
"3200",20265,0,19795264,200.99,268.74,1,0,1,-38.71523651,-72.55186836,1,712849.345387796,5711978.07183839,11
"3201",20265,0,19956876,234.71,267.31,1,0,1,-38.72633928,-72.56302493,1,711846.419068095,5710771.68231769,11
"3202",20265,0,20592199,241.38,227.01,1,0,1,-38.71059691,-72.54771771,1,713224.058631056,5712483.35209941,11
"3203",20265,0,22255084,303.64,314.51,1,0,1,-38.7210322,-72.55490527,1,712568.089651839,5711341.87751495,11
"3204",20265,0,22418090,190.2,252.78,0,1,1,-38.73168543,-72.55849105,1,712224.773315952,5710167.81889018,11
"3205",20265,0,22796348,156.37,244.25,1,0,1,-38.70644204,-72.54742158,1,713262.162152402,5712943.80258333,11
"3206",20265,0,22985246,275.2,311.34,1,0,1,-38.74266246,-72.57418023,1,710828.537329786,5708985.7716785,11
"3207",20265,0,24284189,215.48,298.72,1,0,1,-38.74357189,-72.580493,1,710277.152544616,5708899.36484537,11
"3208",20265,0,24914459,221.94,345.63,1,0,1,-38.72389006,-72.55497223,1,712553.795238331,5711024.84495326,11
"3209",20265,0,24959355,261.15,278.09,1,0,1,-38.71039026,-72.54961848,1,713059.379795446,5712510.71310792,11
"3210",20265,1,18615314,257.07,192.53,0,0,0,-38.73051866,-72.56622033,0,711556.271406349,5710315.2138138,11
"3211",20265,1,20092532,309.84,337.59,0,0,0,-38.73683829,-72.56878863,0,711314.358960576,5709619.74580368,11
"3212",20274,0,1018092,267.07,367.65,0,1,1,-38.75231367,-72.64261606,1,704852.419440307,5708070.0971385,1
"3213",20274,0,1357056,313.25,329.82,1,0,1,-38.7570808,-72.64232714,1,704863.892680488,5707540.3609576,1
"3214",20274,0,1714266,261.17,213.82,1,0,1,-38.75497529,-72.64135719,1,704954.209886114,5707771.87206018,1
"3215",20274,0,1949805,283.09,352.55,0,1,1,-38.75043109,-72.63770612,1,705284.53248288,5708268.03139358,1
"3216",20274,0,2314951,202.5,157.29,1,0,1,-38.75381437,-72.64391196,1,704735.504451279,5707906.44058659,1
"3217",20274,0,2388386,257.83,286.11,1,0,1,-38.75284375,-72.64036006,1,705046.968475322,5708006.21032882,1
"3218",20274,0,3974083,243.09,353.37,1,0,1,-38.75459448,-72.64096174,1,704989.666693312,5707813.25080066,1
"3219",20274,0,4160768,232.57,261.8,1,0,1,-38.75693479,-72.65242999,1,703986.340059654,5707579.14710117,1
"3220",20274,0,4201524,220.17,270,1,0,1,-38.75044338,-72.64081259,1,705014.51013574,5708273.63430027,1
"3221",20274,0,4798028,220.96,212.52,0,1,1,-38.76004733,-72.65162144,1,704047.736540362,5707231.89256015,1
"3222",20274,0,5099793,187.11,223.54,0,1,1,-38.76092987,-72.65000104,1,704186.031716216,5707130.32563781,1
"3223",20274,0,5598990,197.44,232.47,0,1,1,-38.75524188,-72.65060952,1,704149.370399023,5707762.97599655,1
"3224",20274,0,7333046,194.14,298.77,0,1,1,-38.75374264,-72.65194871,1,704037.258840019,5707932.35999718,1
"3225",20274,0,7464785,269,282.71,1,0,1,-38.75475467,-72.65349275,1,703900.189722351,5707823.48126413,1
"3226",20274,0,7970388,274.14,301.56,1,0,1,-38.75671056,-72.65010434,1,704189.085761704,5707598.84420721,1
"3227",20274,0,8198709,246.79,292.18,0,1,1,-38.75995596,-72.64978638,1,704207.462727748,5707237.93758526,1
"3228",20274,0,9419935,228.82,257.04,1,0,1,-38.75137735,-72.63946457,1,705128.993525271,5708166.95375255,1
"3229",20274,0,10026747,315.03,330.02,1,0,1,-38.75657347,-72.65974329,1,703351.817487723,5707635.53420343,1
"3230",20274,0,10138979,177.12,241.17,1,0,1,-38.75646008,-72.65868827,1,703443.824541748,5707645.77278945,1
"3231",20274,0,11446385,277.66,227.62,0,1,1,-38.76034258,-72.65172513,1,704037.884643689,5707199.35503364,1
"3232",20274,0,13718789,254.64,266.95,1,0,1,-38.7614387,-72.65095887,1,704101.347496209,5707075.99027695,1
"3233",20274,0,14150387,215.18,282.47,1,0,1,-38.7506819,-72.63790311,1,705266.693102222,5708240.63682626,1
"3234",20274,0,14426998,173.32,228.63,0,1,1,-38.7610148,-72.65225747,1,703989.709775643,5707125.93498775,1
"3235",20274,0,15322177,267.62,374.08,0,1,1,-38.7618766,-72.65481561,1,703764.959558455,5707035.98945747,1
"3236",20274,0,15625472,256.51,289.52,0,1,1,-38.75606822,-72.64844033,1,704335.52674216,5707666.4192627,1
"3237",20274,0,16329877,254.3,273.68,1,0,1,-38.76103537,-72.65048131,1,704143.996270599,5707119.68870122,1
"3238",20274,0,16875037,313.69,311.85,0,1,1,-38.75667775,-72.65002772,1,704195.837856171,5707602.31462722,1
"3239",20274,0,17037519,217.94,292.29,1,0,1,-38.75525811,-72.654652,1,703798.011614435,5707770.18973228,1
"3240",20274,0,17252338,307.55,310.38,0,1,1,-38.75393545,-72.64093653,1,704993.743863591,5707886.33802349,1
"3241",20274,0,18820184,275.51,324.03,0,1,1,-38.75581685,-72.64727543,1,704437.479092642,5707691.71490294,1
"3242",20274,0,20557935,158.8,234.15,1,0,1,-38.75573829,-72.63999563,1,705070.352443414,5707684.13713258,1
"3243",20274,0,21331375,217.88,152.05,0,1,1,-38.75659304,-72.65213909,1,704012.593743277,5707616.42800065,1
"3244",20274,0,22710170,184.69,246.39,1,0,1,-38.75900891,-72.64266019,1,704829.43457054,5707327.11182202,1
"3245",20274,0,23449540,306.74,308.23,0,1,1,-38.76010257,-72.65401858,1,703839.269323991,5707231.10722846,1
"3246",20274,0,24306696,254.33,278.98,1,0,1,-38.75509394,-72.65943044,1,703383.206834896,5707799.04665659,1
"3247",20274,0,24715335,169.42,210.48,0,1,1,-38.76113966,-72.65030954,1,704158.625421685,5707107.7304357,1
"3248",20274,1,199040,186.33,254.76,0,0,0,-38.75563683,-72.64495355,0,704639.77554887,5707706.50236868,1
"3249",20274,1,19050454,192.35,230.49,0,0,0,-38.75646803,-72.64773048,0,704396.074661553,5707620.45950702,1
"3250",20274,1,12580836,218.1,266.21,0,0,0,-38.76125235,-72.64830646,0,704332.367678441,5707090.74975535,1
"3251",20274,1,13323861,217.07,232.71,0,0,0,-38.75112784,-72.6421447,0,704896.776961382,5708200.65296567,1
"3252",20274,1,5145158,260.18,313.63,0,0,0,-38.72448601,-72.63339358,0,705733.810937582,5711137.90591989,5
